-- Seed 9: reset schema + new data model + core content

SET FOREIGN_KEY_CHECKS = 0;
SET @tables = (
    SELECT GROUP_CONCAT(CONCAT('`', table_name, '`'))
    FROM information_schema.tables
    WHERE table_schema = DATABASE()
      AND table_name <> 'users'
);
SET @tables = IFNULL(@tables, '');
SET @drop_stmt = IF(@tables = '', 'SELECT 1', CONCAT('DROP TABLE IF EXISTS ', @tables));
PREPARE stmt FROM @drop_stmt;
EXECUTE stmt;
DEALLOCATE PREPARE stmt;
SET FOREIGN_KEY_CHECKS = 1;

CREATE TABLE admins (
  id BIGINT UNSIGNED NOT NULL AUTO_INCREMENT,
  email VARCHAR(191) NOT NULL,
  password_hash VARCHAR(255) NOT NULL,
  name VARCHAR(191) NULL,
  is_active TINYINT(1) NOT NULL DEFAULT 1,
  failed_attempts INT NOT NULL DEFAULT 0,
  locked_until DATETIME NULL,
  last_login_at DATETIME NULL,
  created_at DATETIME NOT NULL DEFAULT CURRENT_TIMESTAMP,
  updated_at DATETIME NOT NULL DEFAULT CURRENT_TIMESTAMP ON UPDATE CURRENT_TIMESTAMP,
  PRIMARY KEY (id),
  UNIQUE KEY uq_admins_email (email)
) ENGINE=InnoDB DEFAULT CHARSET=utf8mb4 COLLATE=utf8mb4_unicode_ci;

INSERT INTO admins (email, password_hash, name, is_active)
VALUES ('admin@system-power.ru', '$2y$10$gacnvPv.WbTsopnH6WazLuJBIY1xSdFGUgniFchmKRmLHUvrDAK7S', 'Admin', 1)
ON DUPLICATE KEY UPDATE password_hash = VALUES(password_hash), name = VALUES(name), is_active = VALUES(is_active);

CREATE TABLE i18n_strings (
  id INT NOT NULL AUTO_INCREMENT,
  `key` VARCHAR(190) NOT NULL,
  locale ENUM('ru','en') NOT NULL,
  value LONGTEXT NOT NULL,
  is_html TINYINT(1) NOT NULL DEFAULT 0,
  created_at DATETIME NOT NULL DEFAULT CURRENT_TIMESTAMP,
  updated_at DATETIME NOT NULL DEFAULT CURRENT_TIMESTAMP ON UPDATE CURRENT_TIMESTAMP,
  PRIMARY KEY (id),
  UNIQUE KEY uniq_i18n (`key`, locale)
) ENGINE=InnoDB DEFAULT CHARSET=utf8mb4 COLLATE=utf8mb4_unicode_ci;

CREATE TABLE pages (
  id INT NOT NULL AUTO_INCREMENT,
  slug VARCHAR(120) NOT NULL,
  status ENUM('draft','published') NOT NULL DEFAULT 'published',
  created_at DATETIME NOT NULL DEFAULT CURRENT_TIMESTAMP,
  updated_at DATETIME NOT NULL DEFAULT CURRENT_TIMESTAMP ON UPDATE CURRENT_TIMESTAMP,
  PRIMARY KEY (id),
  UNIQUE KEY uniq_slug (slug)
) ENGINE=InnoDB DEFAULT CHARSET=utf8mb4 COLLATE=utf8mb4_unicode_ci;

CREATE TABLE page_sections (
  id INT NOT NULL AUTO_INCREMENT,
  page_id INT NOT NULL,
  section_key VARCHAR(120) NOT NULL,
  sort_order INT NOT NULL DEFAULT 0,
  template VARCHAR(120) NOT NULL,
  data_json LONGTEXT NOT NULL,
  created_at DATETIME NOT NULL DEFAULT CURRENT_TIMESTAMP,
  updated_at DATETIME NOT NULL DEFAULT CURRENT_TIMESTAMP ON UPDATE CURRENT_TIMESTAMP,
  PRIMARY KEY (id),
  KEY idx_page (page_id),
  CONSTRAINT fk_page_sections_page FOREIGN KEY (page_id) REFERENCES pages (id) ON DELETE CASCADE
) ENGINE=InnoDB DEFAULT CHARSET=utf8mb4 COLLATE=utf8mb4_unicode_ci;

CREATE TABLE seo_meta (
  id INT NOT NULL AUTO_INCREMENT,
  entity_type ENUM('page','category','product') NOT NULL,
  entity_id INT NOT NULL,
  locale ENUM('ru','en') NOT NULL,
  title VARCHAR(255) NOT NULL,
  description VARCHAR(500) NOT NULL,
  h1 VARCHAR(255) NOT NULL,
  slug VARCHAR(160) NOT NULL,
  canonical VARCHAR(255) NULL,
  og_title VARCHAR(255) NULL,
  og_description VARCHAR(500) NULL,
  og_image_id INT NULL,
  created_at DATETIME NOT NULL DEFAULT CURRENT_TIMESTAMP,
  updated_at DATETIME NOT NULL DEFAULT CURRENT_TIMESTAMP ON UPDATE CURRENT_TIMESTAMP,
  PRIMARY KEY (id),
  KEY idx_entity (entity_type, entity_id, locale)
) ENGINE=InnoDB DEFAULT CHARSET=utf8mb4 COLLATE=utf8mb4_unicode_ci;

CREATE TABLE categories (
  id INT NOT NULL AUTO_INCREMENT,
  parent_id INT NULL,
  code VARCHAR(120) NOT NULL,
  is_active TINYINT(1) NOT NULL DEFAULT 1,
  created_at DATETIME NOT NULL DEFAULT CURRENT_TIMESTAMP,
  updated_at DATETIME NOT NULL DEFAULT CURRENT_TIMESTAMP ON UPDATE CURRENT_TIMESTAMP,
  PRIMARY KEY (id),
  UNIQUE KEY uniq_code (code),
  CONSTRAINT fk_categories_parent FOREIGN KEY (parent_id) REFERENCES categories (id) ON DELETE SET NULL
) ENGINE=InnoDB DEFAULT CHARSET=utf8mb4 COLLATE=utf8mb4_unicode_ci;

CREATE TABLE category_i18n (
  id INT NOT NULL AUTO_INCREMENT,
  category_id INT NOT NULL,
  locale ENUM('ru','en') NOT NULL,
  name VARCHAR(255) NOT NULL,
  description LONGTEXT NOT NULL,
  is_html TINYINT(1) NOT NULL DEFAULT 0,
  created_at DATETIME NOT NULL DEFAULT CURRENT_TIMESTAMP,
  updated_at DATETIME NOT NULL DEFAULT CURRENT_TIMESTAMP ON UPDATE CURRENT_TIMESTAMP,
  PRIMARY KEY (id),
  UNIQUE KEY uniq_category_locale (category_id, locale),
  CONSTRAINT fk_category_i18n FOREIGN KEY (category_id) REFERENCES categories (id) ON DELETE CASCADE
) ENGINE=InnoDB DEFAULT CHARSET=utf8mb4 COLLATE=utf8mb4_unicode_ci;

CREATE TABLE products (
  id INT NOT NULL AUTO_INCREMENT,
  category_id INT NOT NULL,
  sku VARCHAR(64) NULL,
  is_active TINYINT(1) NOT NULL DEFAULT 1,
  sort_order INT NOT NULL DEFAULT 0,
  created_at DATETIME NOT NULL DEFAULT CURRENT_TIMESTAMP,
  updated_at DATETIME NOT NULL DEFAULT CURRENT_TIMESTAMP ON UPDATE CURRENT_TIMESTAMP,
  PRIMARY KEY (id),
  UNIQUE KEY uniq_sku (sku),
  KEY idx_category (category_id),
  CONSTRAINT fk_products_category FOREIGN KEY (category_id) REFERENCES categories (id) ON DELETE RESTRICT
) ENGINE=InnoDB DEFAULT CHARSET=utf8mb4 COLLATE=utf8mb4_unicode_ci;

CREATE TABLE product_i18n (
  id INT NOT NULL AUTO_INCREMENT,
  product_id INT NOT NULL,
  locale ENUM('ru','en') NOT NULL,
  name VARCHAR(255) NOT NULL,
  short_description TEXT NOT NULL,
  description LONGTEXT NOT NULL,
  is_html TINYINT(1) NOT NULL DEFAULT 0,
  created_at DATETIME NOT NULL DEFAULT CURRENT_TIMESTAMP,
  updated_at DATETIME NOT NULL DEFAULT CURRENT_TIMESTAMP ON UPDATE CURRENT_TIMESTAMP,
  PRIMARY KEY (id),
  UNIQUE KEY uniq_product_locale (product_id, locale),
  CONSTRAINT fk_product_i18n FOREIGN KEY (product_id) REFERENCES products (id) ON DELETE CASCADE
) ENGINE=InnoDB DEFAULT CHARSET=utf8mb4 COLLATE=utf8mb4_unicode_ci;

CREATE TABLE product_specs (
  id INT NOT NULL AUTO_INCREMENT,
  product_id INT NOT NULL,
  spec_key VARCHAR(120) NOT NULL,
  sort_order INT NOT NULL DEFAULT 0,
  PRIMARY KEY (id),
  KEY idx_product (product_id),
  CONSTRAINT fk_product_specs FOREIGN KEY (product_id) REFERENCES products (id) ON DELETE CASCADE
) ENGINE=InnoDB DEFAULT CHARSET=utf8mb4 COLLATE=utf8mb4_unicode_ci;

CREATE TABLE product_specs_i18n (
  id INT NOT NULL AUTO_INCREMENT,
  product_spec_id INT NOT NULL,
  locale ENUM('ru','en') NOT NULL,
  name VARCHAR(255) NOT NULL,
  value VARCHAR(255) NOT NULL,
  PRIMARY KEY (id),
  UNIQUE KEY uniq_spec_locale (product_spec_id, locale),
  CONSTRAINT fk_product_specs_i18n FOREIGN KEY (product_spec_id) REFERENCES product_specs (id) ON DELETE CASCADE
) ENGINE=InnoDB DEFAULT CHARSET=utf8mb4 COLLATE=utf8mb4_unicode_ci;

CREATE TABLE media (
  id INT NOT NULL AUTO_INCREMENT,
  path VARCHAR(255) NOT NULL,
  type ENUM('image','video','file') NOT NULL,
  mime VARCHAR(120) NOT NULL,
  size_bytes BIGINT NOT NULL DEFAULT 0,
  width INT NULL,
  height INT NULL,
  alt_key VARCHAR(190) NULL,
  created_at DATETIME NOT NULL DEFAULT CURRENT_TIMESTAMP,
  updated_at DATETIME NOT NULL DEFAULT CURRENT_TIMESTAMP ON UPDATE CURRENT_TIMESTAMP,
  PRIMARY KEY (id)
) ENGINE=InnoDB DEFAULT CHARSET=utf8mb4 COLLATE=utf8mb4_unicode_ci;

CREATE TABLE product_media (
  id INT NOT NULL AUTO_INCREMENT,
  product_id INT NOT NULL,
  media_id INT NOT NULL,
  sort_order INT NOT NULL DEFAULT 0,
  is_primary TINYINT(1) NOT NULL DEFAULT 0,
  PRIMARY KEY (id),
  KEY idx_product_media (product_id),
  CONSTRAINT fk_product_media_product FOREIGN KEY (product_id) REFERENCES products (id) ON DELETE CASCADE,
  CONSTRAINT fk_product_media_media FOREIGN KEY (media_id) REFERENCES media (id) ON DELETE CASCADE
) ENGINE=InnoDB DEFAULT CHARSET=utf8mb4 COLLATE=utf8mb4_unicode_ci;

CREATE TABLE leads (
  id INT NOT NULL AUTO_INCREMENT,
  type ENUM('custom_production') NOT NULL,
  full_name VARCHAR(255) NOT NULL,
  company VARCHAR(255) NULL,
  phone VARCHAR(80) NULL,
  email VARCHAR(255) NULL,
  telegram VARCHAR(255) NULL,
  whatsapp VARCHAR(80) NULL,
  preferred_contact ENUM('phone','email','telegram','whatsapp') NOT NULL,
  message LONGTEXT NOT NULL,
  status ENUM('new','in_progress','done') NOT NULL DEFAULT 'new',
  admin_comment TEXT NULL,
  created_at DATETIME NOT NULL DEFAULT CURRENT_TIMESTAMP,
  PRIMARY KEY (id)
) ENGINE=InnoDB DEFAULT CHARSET=utf8mb4 COLLATE=utf8mb4_unicode_ci;

CREATE TABLE partners (
  id INT NOT NULL AUTO_INCREMENT,
  type ENUM('distributor','marketplace') NOT NULL,
  name VARCHAR(255) NOT NULL,
  city VARCHAR(120) NULL,
  url VARCHAR(255) NOT NULL,
  sort_order INT NOT NULL DEFAULT 0,
  is_active TINYINT(1) NOT NULL DEFAULT 1,
  created_at DATETIME NOT NULL DEFAULT CURRENT_TIMESTAMP,
  updated_at DATETIME NOT NULL DEFAULT CURRENT_TIMESTAMP ON UPDATE CURRENT_TIMESTAMP,
  PRIMARY KEY (id)
) ENGINE=InnoDB DEFAULT CHARSET=utf8mb4 COLLATE=utf8mb4_unicode_ci;

CREATE TABLE partner_i18n (
  id INT NOT NULL AUTO_INCREMENT,
  partner_id INT NOT NULL,
  locale ENUM('ru','en') NOT NULL,
  description TEXT NOT NULL,
  created_at DATETIME NOT NULL DEFAULT CURRENT_TIMESTAMP,
  updated_at DATETIME NOT NULL DEFAULT CURRENT_TIMESTAMP ON UPDATE CURRENT_TIMESTAMP,
  PRIMARY KEY (id),
  UNIQUE KEY uniq_partner_locale (partner_id, locale),
  CONSTRAINT fk_partner_i18n FOREIGN KEY (partner_id) REFERENCES partners (id) ON DELETE CASCADE
) ENGINE=InnoDB DEFAULT CHARSET=utf8mb4 COLLATE=utf8mb4_unicode_ci;

INSERT INTO media (id, path, type, mime, size_bytes) VALUES
(1, '/storage/uploads/pages/home/Banner.mp4', 'video', 'video/mp4', 0),
(2, '/storage/uploads/pages/home/Banner.jpg', 'image', 'image/jpeg', 0),
(3, '/themes/default/placeholder-product.svg', 'image', 'image/svg+xml', 0);

INSERT INTO pages (id, slug, status) VALUES
(1, 'home', 'published'),
(2, 'products', 'published'),
(3, 'custom-production', 'published'),
(4, 'quality', 'published'),
(5, 'where-to-buy', 'published'),
(6, 'contacts', 'published');

INSERT INTO page_sections (page_id, section_key, sort_order, template, data_json) VALUES
(1, 'hero', 1, 'hero_video', '{"video_id": 1, "poster_id": 2, "title_key": "home.hero.title", "subtitle_key": "home.hero.subtitle", "cta_primary": {"text_key": "home.hero.cta_primary", "url": "/ru/products/", "style": "accent-primary"}, "cta_secondary": {"text_key": "home.hero.cta_secondary", "url": "/ru/custom-production/", "style": "accent-secondary"}, "overlay_opacity": 0.45, "gradient": true}'),
(1, 'about', 2, 'about', '{"title_key": "home.about.title", "text_key": "home.about.text", "image_id": 3}'),
(1, 'features', 3, 'features', '{"columns": 4, "items": [{"icon": "shield", "title_key": "home.features.1.title", "text_key": "home.features.1.text"}, {"icon": "settings", "title_key": "home.features.2.title", "text_key": "home.features.2.text"}, {"icon": "layers", "title_key": "home.features.3.title", "text_key": "home.features.3.text"}, {"icon": "briefcase", "title_key": "home.features.4.title", "text_key": "home.features.4.text"}]}'),
(1, 'categories', 4, 'category_cards', '{"items": [{"category_code": "hatches", "title_key": "home.categories.hatches.title", "text_key": "home.categories.hatches.text", "image_id": 3, "url": "/ru/products/hatches/"}, {"category_code": "electrical_cabinets", "title_key": "home.categories.cabinets.title", "text_key": "home.categories.cabinets.text", "image_id": 3, "url": "/ru/products/electrical-cabinets/"}]}'),
(1, 'custom', 5, 'custom_cta', '{"title_key": "home.custom.title", "text_key": "home.custom.text", "cta": {"text_key": "home.custom.cta", "url": "/ru/custom-production/", "style": "accent-secondary"}}'),
(3, 'custom-production', 1, 'custom_production', '{"title_key": "custom.title", "intro_key": "custom.intro", "process_title_key": "custom.process.title", "steps": ["custom.process.step1", "custom.process.step2", "custom.process.step3", "custom.process.step4"]}'),
(4, 'quality-intro', 1, 'text_block', '{"title_key": "quality.title", "text_key": "quality.intro"}'),
(4, 'quality-iso', 2, 'list_block', '{"title_key": "quality.iso.title", "items": [{"title_key": "quality.iso.9001", "text_key": "quality.iso.9001.text"}, {"title_key": "quality.iso.14001", "text_key": "quality.iso.14001.text"}]}'),
(4, 'quality-principles', 3, 'list_block', '{"title_key": "quality.principles.title", "items": [{"text_key": "quality.principles.1"}, {"text_key": "quality.principles.2"}, {"text_key": "quality.principles.3"}, {"text_key": "quality.principles.4"}, {"text_key": "quality.principles.5"}]}'),
(4, 'quality-cert', 4, 'text_block', '{"title_key": "quality.certifications.title", "text_key": "quality.certifications.text"}'),
(5, 'where-buy', 1, 'where_to_buy', '{"title_key": "wherebuy.title", "intro_key": "wherebuy.intro"}'),
(6, 'contacts', 1, 'contacts', '{}');

INSERT INTO seo_meta (entity_type, entity_id, locale, title, description, h1, slug, canonical) VALUES
('page', 1, 'ru', 'System Power — инженерные решения', 'Инженерные решения для систем электропитания System Power.', 'System Power', 'home', NULL),
('page', 1, 'en', 'System Power — engineering solutions', 'Engineering solutions for power distribution systems.', 'System Power', 'home', NULL),
('page', 2, 'ru', 'Продукция System Power', 'Электротехническое оборудование для надежного распределения и защиты электропитания.', 'Продукция System Power', 'products', NULL),
('page', 2, 'en', 'System Power products', 'Electrical equipment for reliable power distribution and protection.', 'System Power products', 'products', NULL),
('page', 3, 'ru', 'Индивидуальное производство', 'Изготовим оборудование под индивидуальные требования.', 'Индивидуальное производство', 'custom-production', NULL),
('page', 3, 'en', 'Custom manufacturing', 'We manufacture equipment tailored to your individual requirements.', 'Custom manufacturing', 'custom-production', NULL),
('page', 4, 'ru', 'Контроль качества', 'Многоуровневый контроль и соответствие стандартам.', 'Контроль качества', 'quality', NULL),
('page', 4, 'en', 'Quality control', 'Multi-level control and compliance with industry standards.', 'Quality control', 'quality', NULL),
('page', 5, 'ru', 'Где купить', 'Официальные дистрибьюторы и маркетплейсы System Power.', 'Где купить', 'where-to-buy', NULL),
('page', 5, 'en', 'Where to buy', 'Official distributors and marketplaces for System Power.', 'Where to buy', 'where-to-buy', NULL),
('page', 6, 'ru', 'Контакты', 'Контакты System Power и компании «Системные Решения».', 'Контакты', 'contacts', NULL),
('page', 6, 'en', 'Contacts', 'Contacts for System Power and System Solutions.', 'Contacts', 'contacts', NULL);

INSERT INTO categories (id, code, is_active) VALUES
(1, 'hatches', 1),
(2, 'electrical_cabinets', 1);

INSERT INTO category_i18n (category_id, locale, name, description, is_html) VALUES
(1, 'ru', 'Лючки', 'Электротехнические лючки для организации точек подключения в коммерческих и промышленных помещениях.', 0),
(1, 'en', 'Floor boxes', 'Electrical floor boxes for organizing connection points in commercial and industrial facilities.', 0),
(2, 'ru', 'Электротехнические шкафы', 'Шкафы распределения и управления для систем электроснабжения различной сложности.', 0),
(2, 'en', 'Electrical enclosures', 'Distribution and control enclosures for power supply systems of various complexity.', 0);

INSERT INTO seo_meta (entity_type, entity_id, locale, title, description, h1, slug) VALUES
('category', 1, 'ru', 'Лючки System Power', 'Лючки для организации точек подключения в промышленных и коммерческих помещениях.', 'Лючки', 'hatches'),
('category', 1, 'en', 'System Power floor boxes', 'Floor boxes for organizing connection points in industrial and commercial facilities.', 'Floor boxes', 'hatches'),
('category', 2, 'ru', 'Электротехнические шкафы System Power', 'Распределительные и управляющие шкафы System Power.', 'Электротехнические шкафы', 'electrical-cabinets'),
('category', 2, 'en', 'System Power electrical enclosures', 'Distribution and control enclosures by System Power.', 'Electrical enclosures', 'electrical-cabinets');

INSERT INTO partners (id, type, name, city, url, sort_order, is_active) VALUES
(1, 'distributor', 'Системные Решения', 'Смоленск', 'https://sissol.ru/?utm_source=system-power', 1, 1),
(2, 'distributor', 'Аргумент Энерго', 'Москва', 'https://a-energ.ru/about_us?utm_source=system-power', 2, 1),
(3, 'marketplace', 'Петрович', NULL, 'https://petrovich.ru/about/?utm_source=system-power', 3, 1),
(4, 'marketplace', 'ВсеИнструменты', NULL, 'https://www.vseinstrumenti.ru/?utm_source=system-power', 4, 1),
(5, 'marketplace', 'Авито', NULL, 'https://www.avito.ru/?utm_source=system-power', 5, 1),
(6, 'marketplace', 'Smart-shop', NULL, 'https://smart-shop.pro/categories?utm_source=system-power', 6, 1);

INSERT INTO partner_i18n (partner_id, locale, description) VALUES
(1, 'ru', '«Системные Решения» — поставщик и интегратор электротехнической продукции, на сайте представлен ассортимент электротехнических брендов и отдельный раздел по System Power. Компания занимается электрощитовыми решениями и поставками оборудования, фокус на подборе, комплектации и поддержке клиентов. На витрине доступны бренды промышленного сегмента (ABB, DKC и др.), что подтверждает профиль B2B-поставок. Подходит как официальный канал закупки System Power с консультацией и сопровождением.'),
(1, 'en', 'System Solutions is a supplier and integrator of electrical products. The website showcases electrical brands and a dedicated System Power section. The company focuses on switchgear solutions, equipment supply, selection, and customer support. The assortment includes industrial brands, confirming a B2B profile. Suitable as an official procurement channel with consultation and support.'),
(2, 'ru', 'Компания занимается поставками электротехнического и светотехнического оборудования, а также электрощитовыми решениями. Указывается возможность изготовления электрощитового оборудования по индивидуальным проектам. Дополнительно заявлены комплексные услуги: доработка проектно-сметной документации, светотехнические расчеты, техсопровождение. Это делает партнера релевантным для B2B-заявок и комплексных поставок.'),
(2, 'en', 'The company supplies electrical and lighting equipment and switchgear solutions. It reports the ability to manufacture switchgear for custom projects. Additional services include design documentation adjustments, lighting calculations, and technical support. This makes the partner relevant for B2B requests and complex deliveries.'),
(3, 'ru', 'Строительный торговый дом «Петрович» — крупная российская компания по продаже товаров для строительства, ремонта и обустройства дома. Подходит для закупок через привычную DIY-площадку с логистикой и широким ассортиментом. Как канал продаж дает доступ к аудитории частных мастеров, бригад и корпоративных клиентов.'),
(3, 'en', 'Petrovich is a large Russian building materials retailer. Suitable for purchases through a familiar DIY platform with logistics and a wide ассортимент. As a sales channel it provides access to private contractors, crews, and corporate buyers.'),
(4, 'ru', '«ВсеИнструменты.ру» позиционируется как онлайн-гипермаркет для профессионалов и бизнеса, ориентирован на строительство, производство и сферу услуг. В публичном описании заявлен масштаб каталога (до 2 млн товаров) и упор на сервис и логистику. Подходит как канал B2B-закупок с удобным поиском и поставкой.'),
(4, 'en', 'Vseinstrumenti.ru is positioned as an online hypermarket for professionals and businesses in construction, manufacturing, and services. Public descriptions highlight a large catalog and a focus on service and logistics. Suitable as a B2B purchasing channel with convenient search and delivery.'),
(5, 'ru', 'Авито — российская платформа объявлений (товары/услуги/недвижимость/работа), где размещаются как частные лица, так и компании. Канал полезен для охвата спроса «здесь и сейчас» и работы с клиентами, которые ищут по объявлениям и предложениям продавцов. Требуется контроль официальности карточек/продавцов и единый бренд-стиль объявлений.'),
(5, 'en', 'Avito is a Russian classifieds platform where both individuals and companies list products and services. It is useful for demand capture and for working with customers who search listings and seller offers. Requires control of official listings and consistent brand styling.'),
(6, 'ru', 'Smart-shop.pro — интернет-магазин электротехнической продукции, ориентирован на оптовые продажи для юрлиц и ИП, заявляет быструю доставку и сервис подбора аналогов. Позиционируется как официальный дистрибьютор электротехнического и инженерного оборудования. Подходит как канал профессиональных закупок.'),
(6, 'en', 'Smart-shop.pro is an online electrical equipment store focused on wholesale for businesses and entrepreneurs, offering fast delivery and selection of analogs. It positions itself as an official distributor of electrical and engineering equipment. Suitable as a professional procurement channel.');

INSERT INTO i18n_strings (`key`, locale, value, is_html) VALUES
('brand.name', 'ru', 'System Power', 0),
('brand.name', 'en', 'System Power', 0),
('brand.description', 'ru', 'Производитель электротехнического оборудования для систем электропитания.', 0),
('brand.description', 'en', 'Manufacturer of electrical equipment for power distribution systems.', 0),
('brand.logo_path', 'ru', '', 0),
('brand.logo_path', 'en', '', 0),
('brand.logo_alt', 'ru', 'System Power', 0),
('brand.logo_alt', 'en', 'System Power', 0),
('nav.products', 'ru', 'Продукция', 0),
('nav.products', 'en', 'Products', 0),
('nav.custom', 'ru', 'Индивидуальное производство', 0),
('nav.custom', 'en', 'Custom manufacturing', 0),
('nav.quality', 'ru', 'Контроль качества', 0),
('nav.quality', 'en', 'Quality control', 0),
('nav.where', 'ru', 'Где купить', 0),
('nav.where', 'en', 'Where to buy', 0),
('nav.contacts', 'ru', 'Контакты', 0),
('nav.contacts', 'en', 'Contacts', 0),
('nav.toggle', 'ru', 'Открыть меню', 0),
('nav.toggle', 'en', 'Open menu', 0),
('nav.close', 'ru', 'Закрыть', 0),
('nav.close', 'en', 'Close', 0),
('nav.cta', 'ru', 'Оставить заявку', 0),
('nav.cta', 'en', 'Submit request', 0),
('lang.ru', 'ru', 'RU', 0),
('lang.ru', 'en', 'RU', 0),
('lang.en', 'ru', 'EN', 0),
('lang.en', 'en', 'EN', 0),
('footer.title', 'ru', 'System Power', 0),
('footer.title', 'en', 'System Power', 0),
('footer.text', 'ru', 'Официальный бренд-портал производителя электротехнической продукции.', 0),
('footer.text', 'en', 'Official brand portal of the electrical equipment manufacturer.', 0),
('footer.links', 'ru', 'Навигация', 0),
('footer.links', 'en', 'Navigation', 0),
('footer.contacts', 'ru', 'Контакты', 0),
('footer.contacts', 'en', 'Contacts', 0),
('footer.contacts_text', 'ru', 'Email: teh@sissol.ru\nТелефон: +7 (4812) 54-82-55\nАдрес: ул. Тенишевой 15, Смоленск, Россия', 0),
('footer.contacts_text', 'en', 'Email: teh@sissol.ru\nPhone: +7 (4812) 54-82-55\nAddress: 15 Tenisheva St, Smolensk, Russia', 0),
('footer.telegram_link', 'ru', 'https://t.me/AndreiVashchenkov', 0),
('footer.telegram_link', 'en', 'https://t.me/AndreiVashchenkov', 0),
('footer.telegram_label', 'ru', 'Telegram', 0),
('footer.telegram_label', 'en', 'Telegram', 0),
('footer.copyright', 'ru', '© System Power', 0),
('footer.copyright', 'en', '© System Power', 0),
('breadcrumb.home', 'ru', 'Главная', 0),
('breadcrumb.home', 'en', 'Home', 0),
('hero.play', 'ru', 'Воспроизвести', 0),
('hero.play', 'en', 'Play', 0),
('cta.view', 'ru', 'Смотреть', 0),
('cta.view', 'en', 'View', 0),
('cta.visit', 'ru', 'Перейти', 0),
('cta.visit', 'en', 'Visit', 0),
('cta.home', 'ru', 'На главную', 0),
('cta.home', 'en', 'Back to home', 0),
('filters.search_label', 'ru', 'Поиск по названию или артикулу', 0),
('filters.search_label', 'en', 'Search by name or SKU', 0),
('filters.search_placeholder', 'ru', 'Введите название или артикул', 0),
('filters.search_placeholder', 'en', 'Enter name or SKU', 0),
('filters.sort_label', 'ru', 'Сортировка', 0),
('filters.sort_label', 'en', 'Sort', 0),
('filters.sort_name', 'ru', 'По названию', 0),
('filters.sort_name', 'en', 'By name', 0),
('filters.sort_new', 'ru', 'По новизне', 0),
('filters.sort_new', 'en', 'Newest', 0),
('filters.apply', 'ru', 'Показать', 0),
('filters.apply', 'en', 'Apply', 0),
('products.empty', 'ru', 'По выбранным фильтрам товары не найдены.', 0),
('products.empty', 'en', 'No products found for the selected filters.', 0),
('product.description_title', 'ru', 'Описание', 0),
('product.description_title', 'en', 'Description', 0),
('product.specs_title', 'ru', 'Характеристики', 0),
('product.specs_title', 'en', 'Specifications', 0),
('error.not_found', 'ru', 'Страница не найдена', 0),
('error.not_found', 'en', 'Page not found', 0),
('error.not_found_text', 'ru', 'Запрашиваемая страница недоступна.', 0),
('error.not_found_text', 'en', 'The requested page is unavailable.', 0),
('wherebuy.title', 'ru', 'Где купить', 0),
('wherebuy.title', 'en', 'Where to buy', 0),
('wherebuy.intro', 'ru', 'Официальные дистрибьюторы и маркетплейсы, где можно приобрести продукцию System Power.', 0),
('wherebuy.intro', 'en', 'Official distributors and marketplaces where you can purchase System Power products.', 0),
('wherebuy.distributors', 'ru', 'Официальные дистрибьюторы', 0),
('wherebuy.distributors', 'en', 'Official distributors', 0),
('wherebuy.marketplaces', 'ru', 'Маркетплейсы', 0),
('wherebuy.marketplaces', 'en', 'Marketplaces', 0),
('contacts.title', 'ru', 'Контакты', 0),
('contacts.title', 'en', 'Contacts', 0),
('contacts.company_label', 'ru', 'Компания', 0),
('contacts.company_label', 'en', 'Company', 0),
('contacts.company', 'ru', 'Системные Решения', 0),
('contacts.company', 'en', 'System Solutions', 0),
('contacts.email_label', 'ru', 'Email', 0),
('contacts.email_label', 'en', 'Email', 0),
('contacts.email', 'ru', 'teh@sissol.ru', 0),
('contacts.email', 'en', 'teh@sissol.ru', 0),
('contacts.phone_label', 'ru', 'Телефон', 0),
('contacts.phone_label', 'en', 'Phone', 0),
('contacts.phone', 'ru', '+7 (4812) 54-82-55', 0),
('contacts.phone', 'en', '+7 (4812) 54-82-55', 0),
('contacts.address_label', 'ru', 'Адрес', 0),
('contacts.address_label', 'en', 'Address', 0),
('contacts.address', 'ru', 'ул. Тенишевой 15, Смоленск, Россия', 0),
('contacts.address', 'en', '15 Tenisheva St, Smolensk, Russia', 0),
('contacts.telegram_label', 'ru', 'Telegram', 0),
('contacts.telegram_label', 'en', 'Telegram', 0),
('contacts.telegram', 'ru', '@AndreiVashchenkov', 0),
('contacts.telegram', 'en', '@AndreiVashchenkov', 0),
('home.hero.title', 'ru', 'Инженерные решения для систем электропитания', 0),
('home.hero.title', 'en', 'Engineering solutions for power distribution systems', 0),
('home.hero.subtitle', 'ru', 'Оборудование System Power — надежные электротехнические решения для промышленности, инфраструктуры и коммерческих объектов.', 0),
('home.hero.subtitle', 'en', 'System Power equipment provides reliable electrical solutions for industrial, infrastructure, and commercial facilities.', 0),
('home.hero.cta_primary', 'ru', 'Перейти к продукции', 0),
('home.hero.cta_primary', 'en', 'View products', 0),
('home.hero.cta_secondary', 'ru', 'Индивидуальное производство', 0),
('home.hero.cta_secondary', 'en', 'Custom manufacturing', 0),
('home.about.title', 'ru', 'Надежность, проверенная практикой', 0),
('home.about.title', 'en', 'Reliability proven in practice', 0),
('home.about.text', 'ru', '<p>System Power специализируется на разработке и производстве электротехнического оборудования для распределения и защиты электропитания.</p><p>Мы создаем решения, ориентированные на долгосрочную эксплуатацию, стабильность параметров и соответствие требованиям промышленных объектов.</p>', 1),
('home.about.text', 'en', '<p>System Power specializes in the development and manufacturing of electrical equipment for power distribution and protection.</p><p>Our solutions are designed for long-term operation, stable performance, and compliance with industrial standards.</p>', 1),
('home.features.1.title', 'ru', 'Контроль качества', 0),
('home.features.1.title', 'en', 'Quality control', 0),
('home.features.1.text', 'ru', 'Контроль на всех этапах — от входного тестирования комплектующих до финальных испытаний готового изделия.', 0),
('home.features.1.text', 'en', 'Quality control at every stage — from incoming component inspection to final product testing.', 0),
('home.features.2.title', 'ru', 'Инженерный подход', 0),
('home.features.2.title', 'en', 'Engineering approach', 0),
('home.features.2.text', 'ru', 'Проектирование решений с учетом электрических нагрузок, условий эксплуатации и требований заказчика.', 0),
('home.features.2.text', 'en', 'Design based on electrical loads, operating conditions, and customer requirements.', 0),
('home.features.3.title', 'ru', 'Масштабируемость', 0),
('home.features.3.title', 'en', 'Scalability', 0),
('home.features.3.text', 'ru', 'Подбор стандартных решений или изготовление оборудования под индивидуальные проекты.', 0),
('home.features.3.text', 'en', 'Selection of standard solutions or manufacturing according to custom projects.', 0),
('home.features.4.title', 'ru', 'B2B-ориентация', 0),
('home.features.4.title', 'en', 'B2B focus', 0),
('home.features.4.text', 'ru', 'Ориентация на профессиональных заказчиков, проектные организации и системных интеграторов.', 0),
('home.features.4.text', 'en', 'Focused on professional customers, design institutes, and system integrators.', 0),
('home.categories.hatches.title', 'ru', 'Лючки', 0),
('home.categories.hatches.title', 'en', 'Floor boxes', 0),
('home.categories.hatches.text', 'ru', 'Электротехнические лючки для организации точек подключения в коммерческих и промышленных помещениях.', 0),
('home.categories.hatches.text', 'en', 'Electrical floor boxes for organizing connection points in commercial and industrial facilities.', 0),
('home.categories.cabinets.title', 'ru', 'Электротехнические шкафы', 0),
('home.categories.cabinets.title', 'en', 'Electrical enclosures', 0),
('home.categories.cabinets.text', 'ru', 'Шкафы распределения и управления для систем электроснабжения различной сложности.', 0),
('home.categories.cabinets.text', 'en', 'Distribution and control enclosures for power supply systems of various complexity.', 0),
('home.custom.title', 'ru', 'Индивидуальное производство', 0),
('home.custom.title', 'en', 'Custom manufacturing', 0),
('home.custom.text', 'ru', 'Не нашли подходящий вариант? Мы разработаем и изготовим оборудование под ваши требования.', 0),
('home.custom.text', 'en', 'Didn''t find a suitable solution? We will design and manufacture equipment tailored to your requirements.', 0),
('home.custom.cta', 'ru', 'Оставить заявку', 0),
('home.custom.cta', 'en', 'Submit a request', 0),
('products.title', 'ru', 'Продукция System Power', 0),
('products.title', 'en', 'System Power products', 0),
('products.text', 'ru', 'Электротехническое оборудование для надежного распределения и защиты электропитания.', 0),
('products.text', 'en', 'Electrical equipment for reliable power distribution and protection.', 0),
('custom.title', 'ru', 'Индивидуальное производство', 0),
('custom.title', 'en', 'Custom manufacturing', 0),
('custom.intro', 'ru', 'Не нашли подходящий вариант? Изготовим оборудование по вашим индивидуальным потребностям.', 0),
('custom.intro', 'en', 'Didn''t find a suitable option? We manufacture equipment tailored to your individual requirements.', 0),
('custom.process.title', 'ru', 'Как мы работаем', 0),
('custom.process.title', 'en', 'How we work', 0),
('custom.process.step1', 'ru', 'Сбор технических требований и консультация', 0),
('custom.process.step1', 'en', 'Requirements analysis and technical consultation', 0),
('custom.process.step2', 'ru', 'Проработка решения и согласование', 0),
('custom.process.step2', 'en', 'Solution design and approval', 0),
('custom.process.step3', 'ru', 'Производство и контроль качества', 0),
('custom.process.step3', 'en', 'Manufacturing and quality control', 0),
('custom.process.step4', 'ru', 'Отгрузка и сопровождение', 0),
('custom.process.step4', 'en', 'Delivery and support', 0),
('quality.title', 'ru', 'Контроль качества', 0),
('quality.title', 'en', 'Quality control', 0),
('quality.intro', 'ru', 'Качество продукции System Power обеспечивается многоуровневым контролем и соблюдением отраслевых стандартов.', 0),
('quality.intro', 'en', 'The quality of System Power products is ensured through multi-level control and compliance with industry standards.', 0),
('quality.iso.title', 'ru', 'Стандарты ISO', 0),
('quality.iso.title', 'en', 'ISO standards', 0),
('quality.iso.9001', 'ru', 'ISO 9001', 0),
('quality.iso.9001', 'en', 'ISO 9001', 0),
('quality.iso.9001.text', 'ru', 'Система менеджмента качества', 0),
('quality.iso.9001.text', 'en', 'Quality management system', 0),
('quality.iso.14001', 'ru', 'ISO 14001', 0),
('quality.iso.14001', 'en', 'ISO 14001', 0),
('quality.iso.14001.text', 'ru', 'Экологический менеджмент', 0),
('quality.iso.14001.text', 'en', 'Environmental management', 0),
('quality.principles.title', 'ru', 'Наши принципы', 0),
('quality.principles.title', 'en', 'Our principles', 0),
('quality.principles.1', 'ru', 'Входной контроль комплектующих', 0),
('quality.principles.1', 'en', 'Incoming inspection of components', 0),
('quality.principles.2', 'ru', 'Контроль сборки на каждом этапе', 0),
('quality.principles.2', 'en', 'Assembly control at every stage', 0),
('quality.principles.3', 'ru', 'Электрические испытания перед отгрузкой', 0),
('quality.principles.3', 'en', 'Electrical testing before shipment', 0),
('quality.principles.4', 'ru', 'Маркировка и трассируемость', 0),
('quality.principles.4', 'en', 'Labeling and traceability', 0),
('quality.principles.5', 'ru', 'Документирование результатов контроля', 0),
('quality.principles.5', 'en', 'Documentation of inspection results', 0),
('quality.certifications.title', 'ru', 'Сертификации', 0),
('quality.certifications.title', 'en', 'Certifications', 0),
('quality.certifications.text', 'ru', 'Продукция и процессы компании соответствуют установленным нормативным требованиям и подтверждаются сертификацией.', 0),
('quality.certifications.text', 'en', 'Our products and processes comply with regulatory requirements and are confirmed through certification.', 0),
('form.full_name', 'ru', 'Имя и Фамилия', 0),
('form.full_name', 'en', 'Full name', 0),
('form.company', 'ru', 'Фирма', 0),
('form.company', 'en', 'Company', 0),
('form.phone', 'ru', 'Телефон', 0),
('form.phone', 'en', 'Phone', 0),
('form.email', 'ru', 'Email', 0),
('form.email', 'en', 'Email', 0),
('form.telegram', 'ru', 'Telegram', 0),
('form.telegram', 'en', 'Telegram', 0),
('form.whatsapp', 'ru', 'WhatsApp', 0),
('form.whatsapp', 'en', 'WhatsApp', 0),
('form.preferred_contact', 'ru', 'Желаемый способ связи', 0),
('form.preferred_contact', 'en', 'Preferred contact method', 0),
('form.preferred_email', 'ru', 'Email', 0),
('form.preferred_email', 'en', 'Email', 0),
('form.preferred_telegram', 'ru', 'Telegram', 0),
('form.preferred_telegram', 'en', 'Telegram', 0),
('form.preferred_whatsapp', 'ru', 'WhatsApp', 0),
('form.preferred_whatsapp', 'en', 'WhatsApp', 0),
('form.preferred_phone', 'ru', 'Телефон', 0),
('form.preferred_phone', 'en', 'Phone', 0),
('form.message', 'ru', 'Сообщение / ТЗ', 0),
('form.message', 'en', 'Message / requirements', 0),
('form.captcha', 'ru', 'Проверка', 0),
('form.captcha', 'en', 'Verification', 0),
('form.consent', 'ru', 'Согласен на обработку персональных данных', 0),
('form.consent', 'en', 'I agree to personal data processing', 0),
('form.submit', 'ru', 'Отправить заявку', 0),
('form.submit', 'en', 'Submit request', 0),
('form.success', 'ru', 'Заявка отправлена. Мы свяжемся с вами.', 0),
('form.success', 'en', 'Request sent. We will contact you.', 0),
('form.error.full_name', 'ru', 'Введите имя и фамилию.', 0),
('form.error.full_name', 'en', 'Please enter your full name.', 0),
('form.error.contact', 'ru', 'Укажите хотя бы один канал связи.', 0),
('form.error.contact', 'en', 'Please provide at least one contact channel.', 0),
('form.error.preferred', 'ru', 'Выберите желаемый способ связи.', 0),
('form.error.preferred', 'en', 'Choose the preferred contact method.', 0),
('form.error.preferred_match', 'ru', 'Заполните выбранный способ связи.', 0),
('form.error.preferred_match', 'en', 'Fill in the selected contact field.', 0),
('form.error.message', 'ru', 'Опишите задачу или требования.', 0),
('form.error.message', 'en', 'Describe your request.', 0),
('form.error.consent', 'ru', 'Необходимо согласие на обработку данных.', 0),
('form.error.consent', 'en', 'Consent is required.', 0),
('form.error.captcha', 'ru', 'Неверный ответ проверки.', 0),
('form.error.captcha', 'en', 'Incorrect verification answer.', 0),
('form.error.rate_limit', 'ru', 'Слишком частые отправки. Попробуйте позже.', 0),
('form.error.rate_limit', 'en', 'Too many submissions. Try again later.', 0),
('form.error.spam', 'ru', 'Сообщение не принято.', 0),
('form.error.spam', 'en', 'Submission rejected.', 0),
('admin.panel_title', 'ru', 'Админка System Power', 0),
('admin.login_title', 'ru', 'Вход в админку', 0),
('admin.nav_pages', 'ru', 'Страницы', 0),
('admin.nav_categories', 'ru', 'Категории', 0),
('admin.nav_products', 'ru', 'Товары', 0),
('admin.nav_import', 'ru', 'Импорт товаров', 0),
('admin.nav_partners', 'ru', 'Партнеры', 0),
('admin.nav_leads', 'ru', 'Заявки', 0),
('admin.nav_translations', 'ru', 'Переводы', 0),
('admin.logout', 'ru', 'Выход', 0),
('admin.pages_title', 'ru', 'Страницы', 0),
('admin.page_slug', 'ru', 'Слаг', 0),
('admin.status', 'ru', 'Статус', 0),
('admin.status_published', 'ru', 'Опубликовано', 0),
('admin.status_draft', 'ru', 'Черновик', 0),
('admin.language_ru', 'ru', 'RU', 0),
('admin.language_en', 'ru', 'EN', 0),
('admin.edit', 'ru', 'Редактировать', 0),
('admin.sections', 'ru', 'Секции', 0),
('admin.delete', 'ru', 'Удалить', 0),
('admin.add', 'ru', 'Добавить', 0),
('admin.page_create_title', 'ru', 'Создание страницы', 0),
('admin.page_edit_title', 'ru', 'Редактирование страницы', 0),
('admin.back', 'ru', 'Назад', 0),
('admin.meta_title', 'ru', 'Title', 0),
('admin.page_h1', 'ru', 'H1', 0),
('admin.meta_description', 'ru', 'Description', 0),
('admin.slug', 'ru', 'Slug', 0),
('admin.canonical', 'ru', 'Canonical', 0),
('admin.save', 'ru', 'Сохранить', 0),
('admin.sections_title', 'ru', 'Секции страницы', 0),
('admin.section_key', 'ru', 'Ключ секции', 0),
('admin.template', 'ru', 'Шаблон', 0),
('admin.section_edit_title', 'ru', 'Редактирование секции', 0),
('admin.section_data', 'ru', 'JSON данные', 0),
('admin.sort_order', 'ru', 'Порядок', 0),
('admin.categories_title', 'ru', 'Категории', 0),
('admin.category_code', 'ru', 'Код', 0),
('admin.category_create_title', 'ru', 'Создание категории', 0),
('admin.category_edit_title', 'ru', 'Редактирование категории', 0),
('admin.is_active', 'ru', 'Активна', 0),
('admin.category_name', 'ru', 'Название', 0),
('admin.category_description', 'ru', 'Описание', 0),
('admin.category_h1', 'ru', 'H1', 0),
('admin.products_title', 'ru', 'Товары', 0),
('admin.product_create_title', 'ru', 'Создание товара', 0),
('admin.product_edit_title', 'ru', 'Редактирование товара', 0),
('admin.product_category', 'ru', 'Категория', 0),
('admin.product_sku', 'ru', 'SKU', 0),
('admin.product_name', 'ru', 'Название', 0),
('admin.product_short', 'ru', 'Краткое описание', 0),
('admin.product_description', 'ru', 'Описание', 0),
('admin.product_h1', 'ru', 'H1', 0),
('admin.is_html', 'ru', 'HTML', 0),
('admin.specs', 'ru', 'Характеристики', 0),
('admin.specs_title', 'ru', 'Характеристики товара', 0),
('admin.partners_title', 'ru', 'Партнеры', 0),
('admin.partner_create_title', 'ru', 'Создание партнера', 0),
('admin.partner_edit_title', 'ru', 'Редактирование партнера', 0),
('admin.partner_type', 'ru', 'Тип', 0),
('admin.partner_name', 'ru', 'Название', 0),
('admin.partner_city', 'ru', 'Город', 0),
('admin.partner_url', 'ru', 'URL', 0),
('admin.partner_description', 'ru', 'Описание', 0),
('admin.translations_title', 'ru', 'Переводы', 0),
('admin.translation_key', 'ru', 'Ключ', 0),
('admin.language', 'ru', 'Язык', 0),
('admin.translation_value', 'ru', 'Значение', 0),
('admin.translation_edit_title', 'ru', 'Редактирование перевода', 0),
('admin.translation_search', 'ru', 'Поиск по ключу', 0),
('admin.translation_search_placeholder', 'ru', 'Введите ключ перевода', 0),
('admin.search', 'ru', 'Найти', 0),
('admin.import_title', 'ru', 'Импорт товаров', 0),
('admin.import_note', 'ru', 'Импортирует товары из reference/product.txt и загружает изображения с a-energ.ru в локальное хранилище.', 0),
('admin.import_result', 'ru', 'Результат импорта', 0),
('admin.import_start', 'ru', 'Запустить импорт', 0),
('admin.leads_title', 'ru', 'Заявки', 0),
('admin.lead_edit_title', 'ru', 'Заявка', 0),
('admin.lead_name', 'ru', 'Контакт', 0),
('admin.lead_contact', 'ru', 'Предпочтительный канал', 0),
('admin.created_at', 'ru', 'Дата', 0),
('admin.lead_company', 'ru', 'Компания', 0),
('admin.lead_message', 'ru', 'Сообщение', 0),
('admin.lead_comment', 'ru', 'Комментарий менеджера', 0);
