-- MySQL dump 10.13  Distrib 8.4.8, for Linux (x86_64)
--
-- Host: localhost    Database: system_power
-- ------------------------------------------------------
-- Server version	8.4.8

/*!40101 SET @OLD_CHARACTER_SET_CLIENT=@@CHARACTER_SET_CLIENT */;
/*!40101 SET @OLD_CHARACTER_SET_RESULTS=@@CHARACTER_SET_RESULTS */;
/*!40101 SET @OLD_COLLATION_CONNECTION=@@COLLATION_CONNECTION */;
/*!50503 SET NAMES utf8mb4 */;
/*!40103 SET @OLD_TIME_ZONE=@@TIME_ZONE */;
/*!40103 SET TIME_ZONE='+00:00' */;
/*!40014 SET @OLD_UNIQUE_CHECKS=@@UNIQUE_CHECKS, UNIQUE_CHECKS=0 */;
/*!40014 SET @OLD_FOREIGN_KEY_CHECKS=@@FOREIGN_KEY_CHECKS, FOREIGN_KEY_CHECKS=0 */;
/*!40101 SET @OLD_SQL_MODE=@@SQL_MODE, SQL_MODE='NO_AUTO_VALUE_ON_ZERO' */;
/*!40111 SET @OLD_SQL_NOTES=@@SQL_NOTES, SQL_NOTES=0 */;

--
-- Table structure for table `admins`
--

DROP TABLE IF EXISTS `admins`;
/*!40101 SET @saved_cs_client     = @@character_set_client */;
/*!50503 SET character_set_client = utf8mb4 */;
CREATE TABLE `admins` (
  `id` bigint unsigned NOT NULL AUTO_INCREMENT,
  `email` varchar(191) COLLATE utf8mb4_unicode_ci NOT NULL,
  `password_hash` varchar(255) COLLATE utf8mb4_unicode_ci NOT NULL,
  `name` varchar(191) COLLATE utf8mb4_unicode_ci DEFAULT NULL,
  `is_active` tinyint(1) NOT NULL DEFAULT '1',
  `failed_attempts` int NOT NULL DEFAULT '0',
  `locked_until` datetime DEFAULT NULL,
  `last_login_at` datetime DEFAULT NULL,
  `created_at` datetime NOT NULL DEFAULT CURRENT_TIMESTAMP,
  `updated_at` datetime NOT NULL DEFAULT CURRENT_TIMESTAMP ON UPDATE CURRENT_TIMESTAMP,
  PRIMARY KEY (`id`),
  UNIQUE KEY `uq_admins_email` (`email`)
) ENGINE=InnoDB AUTO_INCREMENT=2 DEFAULT CHARSET=utf8mb4 COLLATE=utf8mb4_unicode_ci;
/*!40101 SET character_set_client = @saved_cs_client */;

--
-- Dumping data for table `admins`
--

LOCK TABLES `admins` WRITE;
/*!40000 ALTER TABLE `admins` DISABLE KEYS */;
INSERT INTO `admins` VALUES (1,'admin@system-power.ru','$2y$10$gacnvPv.WbTsopnH6WazLuJBIY1xSdFGUgniFchmKRmLHUvrDAK7S','Admin',1,0,NULL,'2026-02-01 13:32:35','2026-01-30 08:19:51','2026-02-01 13:32:35');
/*!40000 ALTER TABLE `admins` ENABLE KEYS */;
UNLOCK TABLES;

--
-- Table structure for table `categories`
--

DROP TABLE IF EXISTS `categories`;
/*!40101 SET @saved_cs_client     = @@character_set_client */;
/*!50503 SET character_set_client = utf8mb4 */;
CREATE TABLE `categories` (
  `id` int NOT NULL AUTO_INCREMENT,
  `parent_id` int DEFAULT NULL,
  `code` varchar(120) COLLATE utf8mb4_unicode_ci NOT NULL,
  `is_active` tinyint(1) NOT NULL DEFAULT '1',
  `created_at` datetime NOT NULL DEFAULT CURRENT_TIMESTAMP,
  `updated_at` datetime NOT NULL DEFAULT CURRENT_TIMESTAMP ON UPDATE CURRENT_TIMESTAMP,
  PRIMARY KEY (`id`),
  UNIQUE KEY `uniq_code` (`code`),
  KEY `fk_categories_parent` (`parent_id`),
  CONSTRAINT `fk_categories_parent` FOREIGN KEY (`parent_id`) REFERENCES `categories` (`id`) ON DELETE SET NULL
) ENGINE=InnoDB AUTO_INCREMENT=3 DEFAULT CHARSET=utf8mb4 COLLATE=utf8mb4_unicode_ci;
/*!40101 SET character_set_client = @saved_cs_client */;

--
-- Dumping data for table `categories`
--

LOCK TABLES `categories` WRITE;
/*!40000 ALTER TABLE `categories` DISABLE KEYS */;
INSERT INTO `categories` VALUES (1,NULL,'hatches',1,'2026-01-30 08:19:51','2026-01-30 08:19:51'),(2,NULL,'electrical_cabinets',1,'2026-01-30 08:19:51','2026-01-30 08:19:51');
/*!40000 ALTER TABLE `categories` ENABLE KEYS */;
UNLOCK TABLES;

--
-- Table structure for table `category_i18n`
--

DROP TABLE IF EXISTS `category_i18n`;
/*!40101 SET @saved_cs_client     = @@character_set_client */;
/*!50503 SET character_set_client = utf8mb4 */;
CREATE TABLE `category_i18n` (
  `id` int NOT NULL AUTO_INCREMENT,
  `category_id` int NOT NULL,
  `locale` enum('ru','en') COLLATE utf8mb4_unicode_ci NOT NULL,
  `name` varchar(255) COLLATE utf8mb4_unicode_ci NOT NULL,
  `description` longtext COLLATE utf8mb4_unicode_ci NOT NULL,
  `is_html` tinyint(1) NOT NULL DEFAULT '0',
  `created_at` datetime NOT NULL DEFAULT CURRENT_TIMESTAMP,
  `updated_at` datetime NOT NULL DEFAULT CURRENT_TIMESTAMP ON UPDATE CURRENT_TIMESTAMP,
  PRIMARY KEY (`id`),
  UNIQUE KEY `uniq_category_locale` (`category_id`,`locale`),
  CONSTRAINT `fk_category_i18n` FOREIGN KEY (`category_id`) REFERENCES `categories` (`id`) ON DELETE CASCADE
) ENGINE=InnoDB AUTO_INCREMENT=5 DEFAULT CHARSET=utf8mb4 COLLATE=utf8mb4_unicode_ci;
/*!40101 SET character_set_client = @saved_cs_client */;

--
-- Dumping data for table `category_i18n`
--

LOCK TABLES `category_i18n` WRITE;
/*!40000 ALTER TABLE `category_i18n` DISABLE KEYS */;
INSERT INTO `category_i18n` VALUES (1,1,'ru','Лючки','<p>Напольные лючки System Power предназначены для организации точек подключения к электросети и слаботочным линиям в полу.</p><p>Решения подходят для офисов, коммерческих и общественных пространств. Лючки совместимы с модулями 22,5×45 мм и системами Mosaic®.</p><ul><li>степень защиты корпуса: IP54</li><li>варианты по числу модулей и установочных мест</li><li>корпус из стали, возможны варианты из алюминия</li></ul>',1,'2026-01-30 08:19:51','2026-02-02 04:37:21'),(2,1,'en','Floor boxes','<p>System Power floor boxes are designed for organizing access to power and low-current connections in floors.</p><p>Suitable for office, commercial, and public spaces. Compatible with 22.5×45 mm modules and Mosaic® systems.</p><ul><li>enclosure protection: IP54</li><li>options by module count and capacity</li><li>steel housing with aluminum options on request</li></ul>',1,'2026-01-30 08:19:51','2026-02-02 04:37:21'),(3,2,'ru','Электротехнические шкафы','<p>РУСП System Power — распределительные устройства для строительных площадок и временных объектов.</p><p>Шкафы обеспечивают распределение электропитания и защиту линий. Комплектации подбираются по току, типу исполнения и степени защиты.</p><ul><li>номинальный ток: от 32А до 120А</li><li>степень защиты корпуса: IP44</li><li>напольное или настенное исполнение</li></ul>',1,'2026-01-30 08:19:51','2026-02-02 04:37:21'),(4,2,'en','Electrical enclosures','<p>System Power RUSP units are distribution enclosures for construction sites and temporary facilities.</p><p>The cabinets provide power distribution and line protection. Configurations are selected by current, mounting type, and protection class.</p><ul><li>rated current: 32A to 120A</li><li>enclosure protection: IP44</li><li>floor-standing or wall-mounted version</li></ul>',1,'2026-01-30 08:19:51','2026-02-02 04:37:21');
/*!40000 ALTER TABLE `category_i18n` ENABLE KEYS */;
UNLOCK TABLES;

--
-- Table structure for table `i18n_strings`
--

DROP TABLE IF EXISTS `i18n_strings`;
/*!40101 SET @saved_cs_client     = @@character_set_client */;
/*!50503 SET character_set_client = utf8mb4 */;
CREATE TABLE `i18n_strings` (
  `id` int NOT NULL AUTO_INCREMENT,
  `key` varchar(190) COLLATE utf8mb4_unicode_ci NOT NULL,
  `locale` enum('ru','en') COLLATE utf8mb4_unicode_ci NOT NULL,
  `value` longtext COLLATE utf8mb4_unicode_ci NOT NULL,
  `is_html` tinyint(1) NOT NULL DEFAULT '0',
  `created_at` datetime NOT NULL DEFAULT CURRENT_TIMESTAMP,
  `updated_at` datetime NOT NULL DEFAULT CURRENT_TIMESTAMP ON UPDATE CURRENT_TIMESTAMP,
  PRIMARY KEY (`id`),
  UNIQUE KEY `uniq_i18n` (`key`,`locale`)
) ENGINE=InnoDB AUTO_INCREMENT=575 DEFAULT CHARSET=utf8mb4 COLLATE=utf8mb4_unicode_ci;
/*!40101 SET character_set_client = @saved_cs_client */;

--
-- Dumping data for table `i18n_strings`
--

LOCK TABLES `i18n_strings` WRITE;
/*!40000 ALTER TABLE `i18n_strings` DISABLE KEYS */;
INSERT INTO `i18n_strings` VALUES (1,'brand.name','ru','System Power',0,'2026-01-30 08:19:51','2026-01-30 08:19:51'),(2,'brand.name','en','System Power',0,'2026-01-30 08:19:51','2026-01-30 08:19:51'),(3,'brand.description','ru','Производитель электротехнического оборудования для систем электропитания.',0,'2026-01-30 08:19:51','2026-01-30 08:19:51'),(4,'brand.description','en','Manufacturer of electrical equipment for power distribution systems.',0,'2026-01-30 08:19:51','2026-01-30 08:19:51'),(5,'brand.logo_path','ru','',0,'2026-01-30 08:19:51','2026-01-30 08:19:51'),(6,'brand.logo_path','en','',0,'2026-01-30 08:19:51','2026-01-30 08:19:51'),(7,'brand.logo_alt','ru','System Power',0,'2026-01-30 08:19:51','2026-01-30 08:19:51'),(8,'brand.logo_alt','en','System Power',0,'2026-01-30 08:19:51','2026-01-30 08:19:51'),(9,'nav.products','ru','Продукция',0,'2026-01-30 08:19:51','2026-01-30 08:19:51'),(10,'nav.products','en','Products',0,'2026-01-30 08:19:51','2026-01-30 08:19:51'),(11,'nav.custom','ru','Индивидуальное производство',0,'2026-01-30 08:19:51','2026-01-30 08:19:51'),(12,'nav.custom','en','Custom manufacturing',0,'2026-01-30 08:19:51','2026-01-30 08:19:51'),(13,'nav.quality','ru','Контроль качества',0,'2026-01-30 08:19:51','2026-01-30 08:19:51'),(14,'nav.quality','en','Quality control',0,'2026-01-30 08:19:51','2026-01-30 08:19:51'),(15,'nav.where','ru','Где купить',0,'2026-01-30 08:19:51','2026-01-30 08:19:51'),(16,'nav.where','en','Where to buy',0,'2026-01-30 08:19:51','2026-01-30 08:19:51'),(17,'nav.contacts','ru','Контакты',0,'2026-01-30 08:19:51','2026-01-30 08:19:51'),(18,'nav.contacts','en','Contacts',0,'2026-01-30 08:19:51','2026-01-30 08:19:51'),(19,'nav.toggle','ru','Открыть меню',0,'2026-01-30 08:19:51','2026-01-30 08:19:51'),(20,'nav.toggle','en','Open menu',0,'2026-01-30 08:19:51','2026-01-30 08:19:51'),(21,'nav.close','ru','Закрыть',0,'2026-01-30 08:19:51','2026-01-30 08:19:51'),(22,'nav.close','en','Close',0,'2026-01-30 08:19:51','2026-01-30 08:19:51'),(23,'nav.cta','ru','Оставить заявку',0,'2026-01-30 08:19:51','2026-01-30 08:19:51'),(24,'nav.cta','en','Submit request',0,'2026-01-30 08:19:51','2026-01-30 08:19:51'),(25,'lang.ru','ru','RU',0,'2026-01-30 08:19:51','2026-01-30 08:19:51'),(26,'lang.ru','en','RU',0,'2026-01-30 08:19:51','2026-01-30 08:19:51'),(27,'lang.en','ru','EN',0,'2026-01-30 08:19:51','2026-01-30 08:19:51'),(28,'lang.en','en','EN',0,'2026-01-30 08:19:51','2026-01-30 08:19:51'),(29,'footer.title','ru','System Power',0,'2026-01-30 08:19:51','2026-01-30 08:19:51'),(30,'footer.title','en','System Power',0,'2026-01-30 08:19:51','2026-01-30 08:19:51'),(31,'footer.text','ru','Официальный бренд-портал производителя электротехнической продукции.',0,'2026-01-30 08:19:51','2026-01-30 08:19:51'),(32,'footer.text','en','Official brand portal of the electrical equipment manufacturer.',0,'2026-01-30 08:19:51','2026-01-30 08:19:51'),(33,'footer.links','ru','Навигация',0,'2026-01-30 08:19:51','2026-01-30 08:19:51'),(34,'footer.links','en','Navigation',0,'2026-01-30 08:19:51','2026-01-30 08:19:51'),(35,'footer.contacts','ru','Контакты',0,'2026-01-30 08:19:51','2026-01-30 08:19:51'),(36,'footer.contacts','en','Contacts',0,'2026-01-30 08:19:51','2026-01-30 08:19:51'),(37,'footer.contacts_text','ru','Email: teh@sissol.ru\nТелефон: +7 (4812) 54-82-55\nАдрес: ул. Тенишевой 15, Смоленск, Россия',0,'2026-01-30 08:19:51','2026-01-30 08:19:51'),(38,'footer.contacts_text','en','Email: teh@sissol.ru\nPhone: +7 (4812) 54-82-55\nAddress: 15 Tenisheva St, Smolensk, Russia',0,'2026-01-30 08:19:51','2026-01-30 08:19:51'),(39,'footer.telegram_link','ru','https://t.me/AndreiVashchenkov',0,'2026-01-30 08:19:51','2026-01-30 08:19:51'),(40,'footer.telegram_link','en','https://t.me/AndreiVashchenkov',0,'2026-01-30 08:19:51','2026-01-30 08:19:51'),(41,'footer.telegram_label','ru','Telegram',0,'2026-01-30 08:19:51','2026-01-30 08:19:51'),(42,'footer.telegram_label','en','Telegram',0,'2026-01-30 08:19:51','2026-01-30 08:19:51'),(43,'footer.copyright','ru','© System Power',0,'2026-01-30 08:19:51','2026-01-30 08:19:51'),(44,'footer.copyright','en','© System Power',0,'2026-01-30 08:19:51','2026-01-30 08:19:51'),(45,'breadcrumb.home','ru','Главная',0,'2026-01-30 08:19:51','2026-01-30 08:19:51'),(46,'breadcrumb.home','en','Home',0,'2026-01-30 08:19:51','2026-01-30 08:19:51'),(47,'hero.play','ru','Воспроизвести',0,'2026-01-30 08:19:51','2026-01-30 08:19:51'),(48,'hero.play','en','Play',0,'2026-01-30 08:19:51','2026-01-30 08:19:51'),(49,'cta.view','ru','Смотреть',0,'2026-01-30 08:19:51','2026-01-30 08:19:51'),(50,'cta.view','en','View',0,'2026-01-30 08:19:51','2026-01-30 08:19:51'),(51,'cta.visit','ru','Перейти',0,'2026-01-30 08:19:51','2026-01-30 08:19:51'),(52,'cta.visit','en','Visit',0,'2026-01-30 08:19:51','2026-01-30 08:19:51'),(53,'cta.home','ru','На главную',0,'2026-01-30 08:19:51','2026-01-30 08:19:51'),(54,'cta.home','en','Back to home',0,'2026-01-30 08:19:51','2026-01-30 08:19:51'),(55,'filters.search_label','ru','Поиск по названию или артикулу',0,'2026-01-30 08:19:51','2026-01-30 08:19:51'),(56,'filters.search_label','en','Search by name or SKU',0,'2026-01-30 08:19:51','2026-01-30 08:19:51'),(57,'filters.search_placeholder','ru','Введите название или артикул',0,'2026-01-30 08:19:51','2026-01-30 08:19:51'),(58,'filters.search_placeholder','en','Enter name or SKU',0,'2026-01-30 08:19:51','2026-01-30 08:19:51'),(59,'filters.sort_label','ru','Сортировка',0,'2026-01-30 08:19:51','2026-01-30 08:19:51'),(60,'filters.sort_label','en','Sort',0,'2026-01-30 08:19:51','2026-01-30 08:19:51'),(61,'filters.sort_name','ru','По названию',0,'2026-01-30 08:19:51','2026-01-30 08:19:51'),(62,'filters.sort_name','en','By name',0,'2026-01-30 08:19:51','2026-01-30 08:19:51'),(63,'filters.sort_new','ru','По новизне',0,'2026-01-30 08:19:51','2026-01-30 08:19:51'),(64,'filters.sort_new','en','Newest',0,'2026-01-30 08:19:51','2026-01-30 08:19:51'),(65,'filters.apply','ru','Показать',0,'2026-01-30 08:19:51','2026-01-30 08:19:51'),(66,'filters.apply','en','Apply',0,'2026-01-30 08:19:51','2026-01-30 08:19:51'),(67,'products.empty','ru','По выбранным фильтрам товары не найдены.',0,'2026-01-30 08:19:51','2026-01-30 08:19:51'),(68,'products.empty','en','No products found for the selected filters.',0,'2026-01-30 08:19:51','2026-01-30 08:19:51'),(69,'product.description_title','ru','Описание',0,'2026-01-30 08:19:51','2026-01-30 08:19:51'),(70,'product.description_title','en','Description',0,'2026-01-30 08:19:51','2026-01-30 08:19:51'),(71,'product.specs_title','ru','Характеристики',0,'2026-01-30 08:19:51','2026-01-30 08:19:51'),(72,'product.specs_title','en','Specifications',0,'2026-01-30 08:19:51','2026-01-30 08:19:51'),(73,'error.not_found','ru','Страница не найдена',0,'2026-01-30 08:19:51','2026-01-30 08:19:51'),(74,'error.not_found','en','Page not found',0,'2026-01-30 08:19:51','2026-01-30 08:19:51'),(75,'error.not_found_text','ru','Запрашиваемая страница недоступна.',0,'2026-01-30 08:19:51','2026-01-30 08:19:51'),(76,'error.not_found_text','en','The requested page is unavailable.',0,'2026-01-30 08:19:51','2026-01-30 08:19:51'),(77,'wherebuy.title','ru','Где купить',0,'2026-01-30 08:19:51','2026-01-30 08:19:51'),(78,'wherebuy.title','en','Where to buy',0,'2026-01-30 08:19:51','2026-01-30 08:19:51'),(79,'wherebuy.intro','ru','Официальные дистрибьюторы и маркетплейсы, где можно приобрести продукцию System Power.',0,'2026-01-30 08:19:51','2026-01-30 08:19:51'),(80,'wherebuy.intro','en','Official distributors and marketplaces where you can purchase System Power products.',0,'2026-01-30 08:19:51','2026-01-30 08:19:51'),(81,'wherebuy.distributors','ru','Официальные дистрибьюторы',0,'2026-01-30 08:19:51','2026-01-30 08:19:51'),(82,'wherebuy.distributors','en','Official distributors',0,'2026-01-30 08:19:51','2026-01-30 08:19:51'),(83,'wherebuy.marketplaces','ru','Маркетплейсы',0,'2026-01-30 08:19:51','2026-01-30 08:19:51'),(84,'wherebuy.marketplaces','en','Marketplaces',0,'2026-01-30 08:19:51','2026-01-30 08:19:51'),(85,'contacts.title','ru','Контакты',0,'2026-01-30 08:19:51','2026-01-30 08:19:51'),(86,'contacts.title','en','Contacts',0,'2026-01-30 08:19:51','2026-01-30 08:19:51'),(87,'contacts.company_label','ru','Компания',0,'2026-01-30 08:19:51','2026-01-30 08:19:51'),(88,'contacts.company_label','en','Company',0,'2026-01-30 08:19:51','2026-01-30 08:19:51'),(89,'contacts.company','ru','Системные Решения',0,'2026-01-30 08:19:51','2026-01-30 08:19:51'),(90,'contacts.company','en','System Solutions',0,'2026-01-30 08:19:51','2026-01-30 08:19:51'),(91,'contacts.email_label','ru','Email',0,'2026-01-30 08:19:51','2026-01-30 08:19:51'),(92,'contacts.email_label','en','Email',0,'2026-01-30 08:19:51','2026-01-30 08:19:51'),(93,'contacts.email','ru','teh@sissol.ru',0,'2026-01-30 08:19:51','2026-01-30 08:19:51'),(94,'contacts.email','en','teh@sissol.ru',0,'2026-01-30 08:19:51','2026-01-30 08:19:51'),(95,'contacts.phone_label','ru','Телефон',0,'2026-01-30 08:19:51','2026-01-30 08:19:51'),(96,'contacts.phone_label','en','Phone',0,'2026-01-30 08:19:51','2026-01-30 08:19:51'),(97,'contacts.phone','ru','+7 (4812) 54-82-55',0,'2026-01-30 08:19:51','2026-01-30 08:19:51'),(98,'contacts.phone','en','+7 (4812) 54-82-55',0,'2026-01-30 08:19:51','2026-01-30 08:19:51'),(99,'contacts.address_label','ru','Адрес',0,'2026-01-30 08:19:51','2026-01-30 08:19:51'),(100,'contacts.address_label','en','Address',0,'2026-01-30 08:19:51','2026-01-30 08:19:51'),(101,'contacts.address','ru','ул. Тенишевой 15, Смоленск, Россия',0,'2026-01-30 08:19:51','2026-01-30 08:19:51'),(102,'contacts.address','en','15 Tenisheva St, Smolensk, Russia',0,'2026-01-30 08:19:51','2026-01-30 08:19:51'),(103,'contacts.telegram_label','ru','Telegram',0,'2026-01-30 08:19:51','2026-01-30 08:19:51'),(104,'contacts.telegram_label','en','Telegram',0,'2026-01-30 08:19:51','2026-01-30 08:19:51'),(105,'contacts.telegram','ru','@AndreiVashchenkov',0,'2026-01-30 08:19:51','2026-01-30 08:19:51'),(106,'contacts.telegram','en','@AndreiVashchenkov',0,'2026-01-30 08:19:51','2026-01-30 08:19:51'),(107,'home.hero.title','ru','System Power — инженерные решения, за которые мы отвечаем',0,'2026-01-30 08:19:51','2026-02-02 04:37:21'),(108,'home.hero.title','en','System Power — engineering solutions we stand behind',0,'2026-01-30 08:19:51','2026-02-02 04:37:21'),(109,'home.hero.subtitle','ru','Системный подход к проектированию и производству оборудования для электропитания',0,'2026-01-30 08:19:51','2026-02-02 04:37:21'),(110,'home.hero.subtitle','en','A systematic approach to designing and manufacturing power supply equipment',0,'2026-01-30 08:19:51','2026-02-02 04:37:21'),(111,'home.hero.cta_primary','ru','Перейти к продукции',0,'2026-01-30 08:19:51','2026-01-30 08:19:51'),(112,'home.hero.cta_primary','en','View products',0,'2026-01-30 08:19:51','2026-01-30 08:19:51'),(113,'home.hero.cta_secondary','ru','Индивидуальное производство',0,'2026-01-30 08:19:51','2026-01-30 08:19:51'),(114,'home.hero.cta_secondary','en','Custom manufacturing',0,'2026-01-30 08:19:51','2026-01-30 08:19:51'),(115,'home.about.title','ru','Надежность, проверенная практикой',0,'2026-01-30 08:19:51','2026-01-30 08:19:51'),(116,'home.about.title','en','Reliability proven in practice',0,'2026-01-30 08:19:51','2026-01-30 08:19:51'),(117,'home.about.text','ru','<p>System Power специализируется на разработке и производстве электротехнического оборудования для распределения и защиты электропитания.</p><p>Мы создаем решения, ориентированные на долгосрочную эксплуатацию, стабильность параметров и соответствие требованиям промышленных объектов.</p>',1,'2026-01-30 08:19:51','2026-01-30 08:19:51'),(118,'home.about.text','en','<p>System Power specializes in the development and manufacturing of electrical equipment for power distribution and protection.</p><p>Our solutions are designed for long-term operation, stable performance, and compliance with industrial standards.</p>',1,'2026-01-30 08:19:51','2026-01-30 08:19:51'),(119,'home.features.1.title','ru','Контроль качества',0,'2026-01-30 08:19:51','2026-01-30 08:19:51'),(120,'home.features.1.title','en','Quality control',0,'2026-01-30 08:19:51','2026-01-30 08:19:51'),(121,'home.features.1.text','ru','Контроль на всех этапах — от входного тестирования комплектующих до финальных испытаний готового изделия.',0,'2026-01-30 08:19:51','2026-01-30 08:19:51'),(122,'home.features.1.text','en','Quality control at every stage — from incoming component inspection to final product testing.',0,'2026-01-30 08:19:51','2026-01-30 08:19:51'),(123,'home.features.2.title','ru','Инженерный подход',0,'2026-01-30 08:19:51','2026-01-30 08:19:51'),(124,'home.features.2.title','en','Engineering approach',0,'2026-01-30 08:19:51','2026-01-30 08:19:51'),(125,'home.features.2.text','ru','Проектирование решений с учетом электрических нагрузок, условий эксплуатации и требований заказчика.',0,'2026-01-30 08:19:51','2026-01-30 08:19:51'),(126,'home.features.2.text','en','Design based on electrical loads, operating conditions, and customer requirements.',0,'2026-01-30 08:19:51','2026-01-30 08:19:51'),(127,'home.features.3.title','ru','Масштабируемость',0,'2026-01-30 08:19:51','2026-01-30 08:19:51'),(128,'home.features.3.title','en','Scalability',0,'2026-01-30 08:19:51','2026-01-30 08:19:51'),(129,'home.features.3.text','ru','Подбор стандартных решений или изготовление оборудования под индивидуальные проекты.',0,'2026-01-30 08:19:51','2026-01-30 08:19:51'),(130,'home.features.3.text','en','Selection of standard solutions or manufacturing according to custom projects.',0,'2026-01-30 08:19:51','2026-01-30 08:19:51'),(131,'home.features.4.title','ru','B2B-ориентация',0,'2026-01-30 08:19:51','2026-01-30 08:19:51'),(132,'home.features.4.title','en','B2B focus',0,'2026-01-30 08:19:51','2026-01-30 08:19:51'),(133,'home.features.4.text','ru','Ориентация на профессиональных заказчиков, проектные организации и системных интеграторов.',0,'2026-01-30 08:19:51','2026-01-30 08:19:51'),(134,'home.features.4.text','en','Focused on professional customers, design institutes, and system integrators.',0,'2026-01-30 08:19:51','2026-01-30 08:19:51'),(135,'home.categories.hatches.title','ru','Лючки',0,'2026-01-30 08:19:51','2026-01-30 08:19:51'),(136,'home.categories.hatches.title','en','Floor boxes',0,'2026-01-30 08:19:51','2026-01-30 08:19:51'),(137,'home.categories.hatches.text','ru','Электротехнические лючки для организации точек подключения в коммерческих и промышленных помещениях.',0,'2026-01-30 08:19:51','2026-01-30 08:19:51'),(138,'home.categories.hatches.text','en','Electrical floor boxes for organizing connection points in commercial and industrial facilities.',0,'2026-01-30 08:19:51','2026-01-30 08:19:51'),(139,'home.categories.cabinets.title','ru','Электротехнические шкафы',0,'2026-01-30 08:19:51','2026-01-30 08:19:51'),(140,'home.categories.cabinets.title','en','Electrical enclosures',0,'2026-01-30 08:19:51','2026-01-30 08:19:51'),(141,'home.categories.cabinets.text','ru','Шкафы распределения и управления для систем электроснабжения различной сложности.',0,'2026-01-30 08:19:51','2026-01-30 08:19:51'),(142,'home.categories.cabinets.text','en','Distribution and control enclosures for power supply systems of various complexity.',0,'2026-01-30 08:19:51','2026-01-30 08:19:51'),(143,'home.custom.title','ru','Индивидуальное производство',0,'2026-01-30 08:19:51','2026-01-30 08:19:51'),(144,'home.custom.title','en','Custom manufacturing',0,'2026-01-30 08:19:51','2026-01-30 08:19:51'),(145,'home.custom.text','ru','Не нашли подходящий вариант? Мы разработаем и изготовим оборудование под ваши требования.',0,'2026-01-30 08:19:51','2026-01-30 08:19:51'),(146,'home.custom.text','en','Didn\'t find a suitable solution? We will design and manufacture equipment tailored to your requirements.',0,'2026-01-30 08:19:51','2026-01-30 08:19:51'),(147,'home.custom.cta','ru','Оставить заявку',0,'2026-01-30 08:19:51','2026-01-30 08:19:51'),(148,'home.custom.cta','en','Submit a request',0,'2026-01-30 08:19:51','2026-01-30 08:19:51'),(149,'products.title','ru','Продукция System Power',0,'2026-01-30 08:19:51','2026-01-30 08:19:51'),(150,'products.title','en','System Power products',0,'2026-01-30 08:19:51','2026-01-30 08:19:51'),(151,'products.text','ru','Электротехническое оборудование для надежного распределения и защиты электропитания.',0,'2026-01-30 08:19:51','2026-01-30 08:19:51'),(152,'products.text','en','Electrical equipment for reliable power distribution and protection.',0,'2026-01-30 08:19:51','2026-01-30 08:19:51'),(153,'custom.title','ru','Индивидуальное производство',0,'2026-01-30 08:19:51','2026-01-30 08:19:51'),(154,'custom.title','en','Custom manufacturing',0,'2026-01-30 08:19:51','2026-01-30 08:19:51'),(155,'custom.intro','ru','Не нашли подходящий вариант? Изготовим оборудование по вашим индивидуальным потребностям.',0,'2026-01-30 08:19:51','2026-01-30 08:19:51'),(156,'custom.intro','en','Didn\'t find a suitable option? We manufacture equipment tailored to your individual requirements.',0,'2026-01-30 08:19:51','2026-01-30 08:19:51'),(157,'custom.process.title','ru','Как мы работаем',0,'2026-01-30 08:19:51','2026-01-30 08:19:51'),(158,'custom.process.title','en','How we work',0,'2026-01-30 08:19:51','2026-01-30 08:19:51'),(159,'custom.process.step1','ru','Сбор технических требований и консультация',0,'2026-01-30 08:19:51','2026-01-30 08:19:51'),(160,'custom.process.step1','en','Requirements analysis and technical consultation',0,'2026-01-30 08:19:51','2026-01-30 08:19:51'),(161,'custom.process.step2','ru','Проработка решения и согласование',0,'2026-01-30 08:19:51','2026-01-30 08:19:51'),(162,'custom.process.step2','en','Solution design and approval',0,'2026-01-30 08:19:51','2026-01-30 08:19:51'),(163,'custom.process.step3','ru','Производство и контроль качества',0,'2026-01-30 08:19:51','2026-01-30 08:19:51'),(164,'custom.process.step3','en','Manufacturing and quality control',0,'2026-01-30 08:19:51','2026-01-30 08:19:51'),(165,'custom.process.step4','ru','Отгрузка и сопровождение',0,'2026-01-30 08:19:51','2026-01-30 08:19:51'),(166,'custom.process.step4','en','Delivery and support',0,'2026-01-30 08:19:51','2026-01-30 08:19:51'),(167,'quality.title','ru','Контроль качества',0,'2026-01-30 08:19:51','2026-01-30 08:19:51'),(168,'quality.title','en','Quality control',0,'2026-01-30 08:19:51','2026-01-30 08:19:51'),(169,'quality.intro','ru','<p>Качество оборудования System Power формируется на всех этапах производства — от подбора комплектующих до финальной проверки готового изделия.</p><p>Контроль качества является частью инженерного процесса и направлен на обеспечение надежной и безопасной эксплуатации оборудования.</p>',1,'2026-01-30 08:19:51','2026-02-02 04:37:21'),(170,'quality.intro','en','<p>System Power quality is formed at every stage — from component selection to final inspection of the finished product.</p><p>Quality control is part of the engineering process and ensures reliable and safe operation of the equipment.</p>',1,'2026-01-30 08:19:51','2026-02-02 04:37:21'),(171,'quality.iso.title','ru','Стандарты ISO',0,'2026-01-30 08:19:51','2026-01-30 08:19:51'),(172,'quality.iso.title','en','ISO standards',0,'2026-01-30 08:19:51','2026-01-30 08:19:51'),(173,'quality.iso.9001','ru','ISO 9001',0,'2026-01-30 08:19:51','2026-01-30 08:19:51'),(174,'quality.iso.9001','en','ISO 9001',0,'2026-01-30 08:19:51','2026-01-30 08:19:51'),(175,'quality.iso.9001.text','ru','Система менеджмента качества',0,'2026-01-30 08:19:51','2026-01-30 08:19:51'),(176,'quality.iso.9001.text','en','Quality management system',0,'2026-01-30 08:19:51','2026-01-30 08:19:51'),(177,'quality.iso.14001','ru','ISO 14001',0,'2026-01-30 08:19:51','2026-01-30 08:19:51'),(178,'quality.iso.14001','en','ISO 14001',0,'2026-01-30 08:19:51','2026-01-30 08:19:51'),(179,'quality.iso.14001.text','ru','Экологический менеджмент',0,'2026-01-30 08:19:51','2026-01-30 08:19:51'),(180,'quality.iso.14001.text','en','Environmental management system',0,'2026-01-30 08:19:51','2026-01-30 09:12:19'),(181,'quality.principles.title','ru','Принципы контроля качества',0,'2026-01-30 08:19:51','2026-01-30 09:12:19'),(182,'quality.principles.title','en','Quality control principles',0,'2026-01-30 08:19:51','2026-01-30 09:12:19'),(183,'quality.principles.1','ru','Входной контроль комплектующих',0,'2026-01-30 08:19:51','2026-01-30 08:19:51'),(184,'quality.principles.1','en','Incoming inspection of components',0,'2026-01-30 08:19:51','2026-01-30 08:19:51'),(185,'quality.principles.2','ru','Контроль сборки на каждом этапе',0,'2026-01-30 08:19:51','2026-01-30 08:19:51'),(186,'quality.principles.2','en','Assembly control at every stage',0,'2026-01-30 08:19:51','2026-01-30 08:19:51'),(187,'quality.principles.3','ru','Электрические испытания перед отгрузкой',0,'2026-01-30 08:19:51','2026-01-30 08:19:51'),(188,'quality.principles.3','en','Electrical testing before shipment',0,'2026-01-30 08:19:51','2026-01-30 08:19:51'),(189,'quality.principles.4','ru','Маркировка и трассируемость',0,'2026-01-30 08:19:51','2026-01-30 08:19:51'),(190,'quality.principles.4','en','Labeling and traceability',0,'2026-01-30 08:19:51','2026-01-30 08:19:51'),(191,'quality.principles.5','ru','Документирование результатов контроля',0,'2026-01-30 08:19:51','2026-01-30 08:19:51'),(192,'quality.principles.5','en','Documenting inspection results',0,'2026-01-30 08:19:51','2026-01-30 09:12:19'),(193,'quality.certifications.title','ru','Сертификации',0,'2026-01-30 08:19:51','2026-01-30 08:19:51'),(194,'quality.certifications.title','en','Certifications',0,'2026-01-30 08:19:51','2026-01-30 08:19:51'),(195,'quality.certifications.text','ru','Продукция и процессы компании соответствуют установленным нормативным требованиям и подтверждаются сертификацией.',0,'2026-01-30 08:19:51','2026-01-30 08:19:51'),(196,'quality.certifications.text','en','Our products and processes comply with regulatory requirements and are confirmed through certification.',0,'2026-01-30 08:19:51','2026-01-30 08:19:51'),(197,'form.full_name','ru','Имя и Фамилия',0,'2026-01-30 08:19:51','2026-01-30 08:19:51'),(198,'form.full_name','en','Full name',0,'2026-01-30 08:19:51','2026-01-30 08:19:51'),(199,'form.company','ru','Фирма',0,'2026-01-30 08:19:51','2026-01-30 08:19:51'),(200,'form.company','en','Company',0,'2026-01-30 08:19:51','2026-01-30 08:19:51'),(201,'form.phone','ru','Телефон',0,'2026-01-30 08:19:51','2026-01-30 08:19:51'),(202,'form.phone','en','Phone',0,'2026-01-30 08:19:51','2026-01-30 08:19:51'),(203,'form.email','ru','Email',0,'2026-01-30 08:19:51','2026-01-30 08:19:51'),(204,'form.email','en','Email',0,'2026-01-30 08:19:51','2026-01-30 08:19:51'),(205,'form.telegram','ru','Telegram',0,'2026-01-30 08:19:51','2026-01-30 08:19:51'),(206,'form.telegram','en','Telegram',0,'2026-01-30 08:19:51','2026-01-30 08:19:51'),(207,'form.whatsapp','ru','WhatsApp',0,'2026-01-30 08:19:51','2026-01-30 08:19:51'),(208,'form.whatsapp','en','WhatsApp',0,'2026-01-30 08:19:51','2026-01-30 08:19:51'),(209,'form.preferred_contact','ru','Желаемый способ связи',0,'2026-01-30 08:19:51','2026-01-30 08:19:51'),(210,'form.preferred_contact','en','Preferred contact method',0,'2026-01-30 08:19:51','2026-01-30 08:19:51'),(211,'form.preferred_email','ru','Email',0,'2026-01-30 08:19:51','2026-01-30 08:19:51'),(212,'form.preferred_email','en','Email',0,'2026-01-30 08:19:51','2026-01-30 08:19:51'),(213,'form.preferred_telegram','ru','Telegram',0,'2026-01-30 08:19:51','2026-01-30 08:19:51'),(214,'form.preferred_telegram','en','Telegram',0,'2026-01-30 08:19:51','2026-01-30 08:19:51'),(215,'form.preferred_whatsapp','ru','WhatsApp',0,'2026-01-30 08:19:51','2026-01-30 08:19:51'),(216,'form.preferred_whatsapp','en','WhatsApp',0,'2026-01-30 08:19:51','2026-01-30 08:19:51'),(217,'form.preferred_phone','ru','Телефон',0,'2026-01-30 08:19:51','2026-01-30 08:19:51'),(218,'form.preferred_phone','en','Phone',0,'2026-01-30 08:19:51','2026-01-30 08:19:51'),(219,'form.message','ru','Сообщение / ТЗ',0,'2026-01-30 08:19:51','2026-01-30 08:19:51'),(220,'form.message','en','Message / requirements',0,'2026-01-30 08:19:51','2026-01-30 08:19:51'),(221,'form.captcha','ru','Проверка',0,'2026-01-30 08:19:51','2026-01-30 08:19:51'),(222,'form.captcha','en','Verification',0,'2026-01-30 08:19:51','2026-01-30 08:19:51'),(223,'form.consent','ru','Согласен на обработку персональных данных',0,'2026-01-30 08:19:51','2026-01-30 08:19:51'),(224,'form.consent','en','I consent to the processing of personal data',0,'2026-01-30 08:19:51','2026-02-02 04:37:21'),(225,'form.submit','ru','Отправить заявку',0,'2026-01-30 08:19:51','2026-01-30 08:19:51'),(226,'form.submit','en','Submit request',0,'2026-01-30 08:19:51','2026-01-30 08:19:51'),(227,'form.success','ru','Заявка отправлена. Мы свяжемся с вами.',0,'2026-01-30 08:19:51','2026-01-30 08:19:51'),(228,'form.success','en','Request sent. We will contact you.',0,'2026-01-30 08:19:51','2026-01-30 08:19:51'),(229,'form.error.full_name','ru','Введите имя и фамилию.',0,'2026-01-30 08:19:51','2026-01-30 08:19:51'),(230,'form.error.full_name','en','Please enter your full name.',0,'2026-01-30 08:19:51','2026-01-30 08:19:51'),(231,'form.error.contact','ru','Укажите контактные данные выбранного способа связи.',0,'2026-01-30 08:19:51','2026-02-02 04:37:21'),(232,'form.error.contact','en','Provide contact details for the selected communication method.',0,'2026-01-30 08:19:51','2026-02-02 04:37:21'),(233,'form.error.preferred','ru','Выберите желаемый способ связи.',0,'2026-01-30 08:19:51','2026-01-30 08:19:51'),(234,'form.error.preferred','en','Choose the preferred contact method.',0,'2026-01-30 08:19:51','2026-01-30 08:19:51'),(235,'form.error.preferred_match','ru','Заполните выбранный способ связи.',0,'2026-01-30 08:19:51','2026-01-30 08:19:51'),(236,'form.error.preferred_match','en','Fill in the selected contact field.',0,'2026-01-30 08:19:51','2026-01-30 08:19:51'),(237,'form.error.message','ru','Опишите задачу или требования.',0,'2026-01-30 08:19:51','2026-01-30 08:19:51'),(238,'form.error.message','en','Describe your request.',0,'2026-01-30 08:19:51','2026-01-30 08:19:51'),(239,'form.error.consent','ru','Необходимо согласие на обработку данных.',0,'2026-01-30 08:19:51','2026-01-30 08:19:51'),(240,'form.error.consent','en','Consent is required.',0,'2026-01-30 08:19:51','2026-01-30 08:19:51'),(241,'form.error.captcha','ru','Неверный ответ проверки.',0,'2026-01-30 08:19:51','2026-01-30 08:19:51'),(242,'form.error.captcha','en','Incorrect verification answer.',0,'2026-01-30 08:19:51','2026-01-30 08:19:51'),(243,'form.error.rate_limit','ru','Слишком частые отправки. Попробуйте позже.',0,'2026-01-30 08:19:51','2026-01-30 08:19:51'),(244,'form.error.rate_limit','en','Too many submissions. Try again later.',0,'2026-01-30 08:19:51','2026-01-30 08:19:51'),(245,'form.error.spam','ru','Сообщение не принято.',0,'2026-01-30 08:19:51','2026-01-30 08:19:51'),(246,'form.error.spam','en','Submission rejected.',0,'2026-01-30 08:19:51','2026-01-30 08:19:51'),(247,'admin.panel_title','ru','Админка System Power',0,'2026-01-30 08:19:51','2026-01-30 08:19:51'),(248,'admin.login_title','ru','Вход в админку',0,'2026-01-30 08:19:51','2026-01-30 08:19:51'),(249,'admin.nav_pages','ru','Страницы',0,'2026-01-30 08:19:51','2026-01-30 08:19:51'),(250,'admin.nav_categories','ru','Категории',0,'2026-01-30 08:19:51','2026-01-30 08:19:51'),(251,'admin.nav_products','ru','Товары',0,'2026-01-30 08:19:51','2026-01-30 08:19:51'),(252,'admin.nav_import','ru','Импорт товаров',0,'2026-01-30 08:19:51','2026-01-30 08:19:51'),(253,'admin.nav_partners','ru','Партнеры',0,'2026-01-30 08:19:51','2026-01-30 08:19:51'),(254,'admin.nav_leads','ru','Заявки',0,'2026-01-30 08:19:51','2026-01-30 08:19:51'),(255,'admin.nav_translations','ru','Переводы',0,'2026-01-30 08:19:51','2026-01-30 08:19:51'),(256,'admin.logout','ru','Выход',0,'2026-01-30 08:19:51','2026-01-30 08:19:51'),(257,'admin.pages_title','ru','Страницы',0,'2026-01-30 08:19:51','2026-01-30 08:19:51'),(258,'admin.page_slug','ru','Слаг',0,'2026-01-30 08:19:51','2026-01-30 08:19:51'),(259,'admin.status','ru','Статус',0,'2026-01-30 08:19:51','2026-01-30 08:19:51'),(260,'admin.status_published','ru','Опубликовано',0,'2026-01-30 08:19:51','2026-01-30 08:19:51'),(261,'admin.status_draft','ru','Черновик',0,'2026-01-30 08:19:51','2026-01-30 08:19:51'),(262,'admin.language_ru','ru','RU',0,'2026-01-30 08:19:51','2026-01-30 08:19:51'),(263,'admin.language_en','ru','EN',0,'2026-01-30 08:19:51','2026-01-30 08:19:51'),(264,'admin.edit','ru','Редактировать',0,'2026-01-30 08:19:51','2026-01-30 08:19:51'),(265,'admin.sections','ru','Секции',0,'2026-01-30 08:19:51','2026-01-30 08:19:51'),(266,'admin.delete','ru','Удалить',0,'2026-01-30 08:19:51','2026-01-30 08:19:51'),(267,'admin.add','ru','Добавить',0,'2026-01-30 08:19:51','2026-01-30 08:19:51'),(268,'admin.page_create_title','ru','Создание страницы',0,'2026-01-30 08:19:51','2026-01-30 08:19:51'),(269,'admin.page_edit_title','ru','Редактирование страницы',0,'2026-01-30 08:19:51','2026-01-30 08:19:51'),(270,'admin.back','ru','Назад',0,'2026-01-30 08:19:51','2026-01-30 08:19:51'),(271,'admin.meta_title','ru','Title',0,'2026-01-30 08:19:51','2026-01-30 08:19:51'),(272,'admin.page_h1','ru','H1',0,'2026-01-30 08:19:51','2026-01-30 08:19:51'),(273,'admin.meta_description','ru','Description',0,'2026-01-30 08:19:51','2026-01-30 08:19:51'),(274,'admin.slug','ru','Slug',0,'2026-01-30 08:19:51','2026-01-30 08:19:51'),(275,'admin.canonical','ru','Canonical',0,'2026-01-30 08:19:51','2026-01-30 08:19:51'),(276,'admin.save','ru','Сохранить',0,'2026-01-30 08:19:51','2026-01-30 08:19:51'),(277,'admin.sections_title','ru','Секции страницы',0,'2026-01-30 08:19:51','2026-01-30 08:19:51'),(278,'admin.section_key','ru','Ключ секции',0,'2026-01-30 08:19:51','2026-01-30 08:19:51'),(279,'admin.template','ru','Шаблон',0,'2026-01-30 08:19:51','2026-01-30 08:19:51'),(280,'admin.section_edit_title','ru','Редактирование секции',0,'2026-01-30 08:19:51','2026-01-30 08:19:51'),(281,'admin.section_data','ru','JSON данные',0,'2026-01-30 08:19:51','2026-01-30 08:19:51'),(282,'admin.sort_order','ru','Порядок',0,'2026-01-30 08:19:51','2026-01-30 08:19:51'),(283,'admin.categories_title','ru','Категории',0,'2026-01-30 08:19:51','2026-01-30 08:19:51'),(284,'admin.category_code','ru','Код',0,'2026-01-30 08:19:51','2026-01-30 08:19:51'),(285,'admin.category_create_title','ru','Создание категории',0,'2026-01-30 08:19:51','2026-01-30 08:19:51'),(286,'admin.category_edit_title','ru','Редактирование категории',0,'2026-01-30 08:19:51','2026-01-30 08:19:51'),(287,'admin.is_active','ru','Активна',0,'2026-01-30 08:19:51','2026-01-30 08:19:51'),(288,'admin.category_name','ru','Название',0,'2026-01-30 08:19:51','2026-01-30 08:19:51'),(289,'admin.category_description','ru','Описание',0,'2026-01-30 08:19:51','2026-01-30 08:19:51'),(290,'admin.category_h1','ru','H1',0,'2026-01-30 08:19:51','2026-01-30 08:19:51'),(291,'admin.products_title','ru','Товары',0,'2026-01-30 08:19:51','2026-01-30 08:19:51'),(292,'admin.product_create_title','ru','Создание товара',0,'2026-01-30 08:19:51','2026-01-30 08:19:51'),(293,'admin.product_edit_title','ru','Редактирование товара',0,'2026-01-30 08:19:51','2026-01-30 08:19:51'),(294,'admin.product_category','ru','Категория',0,'2026-01-30 08:19:51','2026-01-30 08:19:51'),(295,'admin.product_sku','ru','SKU',0,'2026-01-30 08:19:51','2026-01-30 08:19:51'),(296,'admin.product_name','ru','Название',0,'2026-01-30 08:19:51','2026-01-30 08:19:51'),(297,'admin.product_short','ru','Краткое описание',0,'2026-01-30 08:19:51','2026-01-30 08:19:51'),(298,'admin.product_description','ru','Описание',0,'2026-01-30 08:19:51','2026-01-30 08:19:51'),(299,'admin.product_h1','ru','H1',0,'2026-01-30 08:19:51','2026-01-30 08:19:51'),(300,'admin.is_html','ru','HTML',0,'2026-01-30 08:19:51','2026-01-30 08:19:51'),(301,'admin.specs','ru','Характеристики',0,'2026-01-30 08:19:51','2026-01-30 08:19:51'),(302,'admin.specs_title','ru','Характеристики товара',0,'2026-01-30 08:19:51','2026-01-30 08:19:51'),(303,'admin.partners_title','ru','Партнеры',0,'2026-01-30 08:19:51','2026-01-30 08:19:51'),(304,'admin.partner_create_title','ru','Создание партнера',0,'2026-01-30 08:19:51','2026-01-30 08:19:51'),(305,'admin.partner_edit_title','ru','Редактирование партнера',0,'2026-01-30 08:19:51','2026-01-30 08:19:51'),(306,'admin.partner_type','ru','Тип',0,'2026-01-30 08:19:51','2026-01-30 08:19:51'),(307,'admin.partner_name','ru','Название',0,'2026-01-30 08:19:51','2026-01-30 08:19:51'),(308,'admin.partner_city','ru','Город',0,'2026-01-30 08:19:51','2026-01-30 08:19:51'),(309,'admin.partner_url','ru','URL',0,'2026-01-30 08:19:51','2026-01-30 08:19:51'),(310,'admin.partner_description','ru','Описание',0,'2026-01-30 08:19:51','2026-01-30 08:19:51'),(311,'admin.translations_title','ru','Переводы',0,'2026-01-30 08:19:51','2026-01-30 08:19:51'),(312,'admin.translation_key','ru','Ключ',0,'2026-01-30 08:19:51','2026-01-30 08:19:51'),(313,'admin.language','ru','Язык',0,'2026-01-30 08:19:51','2026-01-30 08:19:51'),(314,'admin.translation_value','ru','Значение',0,'2026-01-30 08:19:51','2026-01-30 08:19:51'),(315,'admin.translation_edit_title','ru','Редактирование перевода',0,'2026-01-30 08:19:51','2026-01-30 08:19:51'),(316,'admin.translation_search','ru','Поиск по ключу',0,'2026-01-30 08:19:51','2026-01-30 08:19:51'),(317,'admin.translation_search_placeholder','ru','Введите ключ перевода',0,'2026-01-30 08:19:51','2026-01-30 08:19:51'),(318,'admin.search','ru','Найти',0,'2026-01-30 08:19:51','2026-01-30 08:19:51'),(319,'admin.import_title','ru','Импорт товаров',0,'2026-01-30 08:19:51','2026-01-30 08:19:51'),(320,'admin.import_note','ru','Импортирует товары из reference/product.txt и загружает изображения с a-energ.ru в локальное хранилище.',0,'2026-01-30 08:19:51','2026-01-30 08:19:51'),(321,'admin.import_result','ru','Результат импорта',0,'2026-01-30 08:19:51','2026-01-30 08:19:51'),(322,'admin.import_start','ru','Запустить импорт',0,'2026-01-30 08:19:51','2026-01-30 08:19:51'),(323,'admin.leads_title','ru','Заявки',0,'2026-01-30 08:19:51','2026-01-30 08:19:51'),(324,'admin.lead_edit_title','ru','Заявка',0,'2026-01-30 08:19:51','2026-01-30 08:19:51'),(325,'admin.lead_name','ru','Контакт',0,'2026-01-30 08:19:51','2026-01-30 08:19:51'),(326,'admin.lead_contact','ru','Предпочтительный канал',0,'2026-01-30 08:19:51','2026-01-30 08:19:51'),(327,'admin.created_at','ru','Дата',0,'2026-01-30 08:19:51','2026-01-30 08:19:51'),(328,'admin.lead_company','ru','Компания',0,'2026-01-30 08:19:51','2026-01-30 08:19:51'),(329,'admin.lead_message','ru','Сообщение',0,'2026-01-30 08:19:51','2026-01-30 08:19:51'),(330,'admin.lead_comment','ru','Комментарий менеджера',0,'2026-01-30 08:19:51','2026-01-30 08:19:51'),(331,'quality.trts.title','ru','Техническое регулирование',0,'2026-01-30 09:12:19','2026-01-30 09:12:19'),(332,'quality.trts.title','en','Technical regulation',0,'2026-01-30 09:12:19','2026-01-30 09:12:19'),(333,'quality.trts.text','ru','Продукция соответствует требованиям ТР ТС 004/2011 «О безопасности низковольтного оборудования» и проходит необходимые проверки.',0,'2026-01-30 09:12:19','2026-01-30 09:12:19'),(334,'quality.trts.text','en','Products comply with TR TS 004/2011 “On the safety of low-voltage equipment” and undergo the required inspections.',0,'2026-01-30 09:12:19','2026-01-30 09:12:19'),(335,'quality.conclusion.title','ru','Заключение',0,'2026-01-30 09:12:19','2026-01-30 09:12:19'),(336,'quality.conclusion.title','en','Conclusion',0,'2026-01-30 09:12:19','2026-01-30 09:12:19'),(337,'quality.conclusion','ru','Система контроля качества позволяет гарантировать соответствие продукции заявленным характеристикам и требованиям заказчиков.',0,'2026-01-30 09:12:19','2026-01-30 09:12:19'),(338,'quality.conclusion','en','Quality control ensures that products meet declared specifications and customer requirements.',0,'2026-01-30 09:12:19','2026-01-30 09:12:19'),(339,'gallery.prev','ru','Предыдущее изображение',0,'2026-01-30 09:12:19','2026-01-30 09:12:19'),(340,'gallery.prev','en','Previous image',0,'2026-01-30 09:12:19','2026-01-30 09:12:19'),(341,'gallery.next','ru','Следующее изображение',0,'2026-01-30 09:12:19','2026-01-30 09:12:19'),(342,'gallery.next','en','Next image',0,'2026-01-30 09:12:19','2026-01-30 09:12:19'),(367,'product.where_buy','ru','Где купить?',0,'2026-02-01 13:16:23','2026-02-01 13:16:23'),(368,'product.where_buy','en','Where to buy?',0,'2026-02-01 13:16:23','2026-02-01 13:16:23'),(369,'carousel.prev','ru','Предыдущие партнёры',0,'2026-02-01 13:16:23','2026-02-01 13:16:23'),(370,'carousel.prev','en','Previous partners',0,'2026-02-01 13:16:23','2026-02-01 13:16:23'),(371,'carousel.next','ru','Следующие партнёры',0,'2026-02-01 13:16:23','2026-02-01 13:16:23'),(372,'carousel.next','en','Next partners',0,'2026-02-01 13:16:23','2026-02-01 13:16:23'),(373,'admin.nav_partner_links','ru','Ссылки товаров',0,'2026-02-01 13:16:23','2026-02-01 13:16:23'),(374,'admin.partner_links_title','ru','Ссылки товаров у партнёров',0,'2026-02-01 13:16:23','2026-02-01 13:16:23'),(375,'admin.partner_links_create','ru','Добавить ссылку товара',0,'2026-02-01 13:16:23','2026-02-01 13:16:23'),(376,'admin.partner_links_edit','ru','Редактировать ссылку товара',0,'2026-02-01 13:16:23','2026-02-01 13:16:23'),(377,'admin.partner_logo_small','ru','Логотип (малый)',0,'2026-02-01 13:16:23','2026-02-01 13:16:23'),(378,'admin.partner_logo_large','ru','Логотип (большой)',0,'2026-02-01 13:16:23','2026-02-01 13:16:23'),(379,'admin.partner_product_url','ru','Ссылка на товар у партнёра',0,'2026-02-01 13:16:23','2026-02-01 13:16:23'),(380,'admin.product','ru','Товар',0,'2026-02-01 13:16:23','2026-02-01 13:16:23'),(381,'header.slogan','ru','System Power — инженерные решения, за которые мы отвечаем',0,'2026-02-02 04:37:21','2026-02-02 04:37:21'),(382,'header.slogan','en','System Power — engineering solutions we stand behind',0,'2026-02-02 04:37:21','2026-02-02 04:37:21'),(383,'header.slogan_sub','ru','Системный подход к проектированию и производству оборудования для электропитания.',0,'2026-02-02 04:37:21','2026-02-02 04:37:21'),(384,'header.slogan_sub','en','A systematic approach to designing and manufacturing power supply equipment.',0,'2026-02-02 04:37:21','2026-02-02 04:37:21'),(385,'home.production.title','ru','Производство и инженерный подход',0,'2026-02-02 04:37:21','2026-02-02 04:37:21'),(386,'home.production.title','en','Manufacturing and engineering approach',0,'2026-02-02 04:37:21','2026-02-02 04:37:21'),(387,'home.production.text','ru','<p>System Power — российская производственная компания, специализирующаяся на разработке и изготовлении электротехнического оборудования для систем распределения и защиты электропитания.</p><p>Компания «Системные Решения» успешно развивается с 2014 года. В 2022 году, на основе накопленного практического опыта в поставках электрооборудования и понимания реальных потребностей заказчиков, было запущено собственное производство под торговой маркой System Power.</p><p>Мы проектируем и производим оборудование, исходя из условий эксплуатации и задач объекта, а не абстрактных требований каталога.</p>',1,'2026-02-02 04:37:21','2026-02-02 04:37:21'),(388,'home.production.text','en','<p>System Power is a Russian manufacturing company specializing in the development and production of electrical equipment for power distribution and protection systems.</p><p>The System Solutions company has been operating successfully since 2014. In 2022, based on accumulated practical experience in supplying electrical equipment and an understanding of real customer needs, we launched our own production under the System Power brand.</p><p>We design and manufacture equipment based on operating conditions and the tasks of the facility, not abstract catalog requirements.</p>',1,'2026-02-02 04:37:21','2026-02-02 04:37:21'),(389,'home.workflow.title','ru','Как мы работаем',0,'2026-02-02 04:37:21','2026-02-02 04:37:21'),(390,'home.workflow.title','en','How we work',0,'2026-02-02 04:37:21','2026-02-02 04:37:21'),(391,'home.workflow.text','ru','<p>Мы рассматриваем каждое изделие как инженерную систему, а не как отдельный продукт. Наша задача — обеспечить стабильную и безопасную работу оборудования в реальных условиях эксплуатации.</p><ul><li>анализ условий эксплуатации и требований объекта</li><li>подбор оптимальных технических решений</li><li>проектирование и производство оборудования</li><li>контроль качества и проверка схем</li><li>техническая поддержка и сопровождение</li></ul><p>Наша работа не заканчивается передачей оборудования заказчику. Мы остаёмся на связи и несем ответственность за принятые инженерные решения.</p>',1,'2026-02-02 04:37:21','2026-02-02 04:37:21'),(392,'home.workflow.text','en','<p>We treat every unit as an engineering system, not just a standalone product. Our task is to ensure stable and safe operation in real-world conditions.</p><ul><li>analysis of operating conditions and project requirements</li><li>selection of optimal technical solutions</li><li>design and manufacturing of equipment</li><li>quality control and schematic verification</li><li>technical support and after-sales assistance</li></ul><p>Our work does not end with delivery. We stay in touch and take responsibility for the engineering decisions made.</p>',1,'2026-02-02 04:37:21','2026-02-02 04:37:21'),(393,'home.usage.title','ru','Где применяется оборудование System Power',0,'2026-02-02 04:37:21','2026-02-02 04:37:21'),(394,'home.usage.title','en','Where System Power equipment is used',0,'2026-02-02 04:37:21','2026-02-02 04:37:21'),(395,'home.usage.text','ru','<p>Оборудование System Power применяется в системах электропитания на следующих типах объектов:</p><ul><li>строительные площадки</li><li>промышленные объекты</li><li>коммерческая недвижимость</li><li>инфраструктурные и инженерные системы</li><li>временные и полустационарные объекты</li></ul><p>Все изделия проектируются с учетом условий эксплуатации и нормативных требований.</p>',1,'2026-02-02 04:37:21','2026-02-02 04:37:21'),(396,'home.usage.text','en','<p>System Power equipment is used in power supply systems at the following types of facilities:</p><ul><li>construction sites</li><li>industrial facilities</li><li>commercial real estate</li><li>infrastructure and engineering systems</li><li>temporary and semi-permanent facilities</li></ul><p>All products are designed with operating conditions and regulatory requirements in mind.</p>',1,'2026-02-02 04:37:21','2026-02-02 04:37:21'),(397,'home.responsibility.title','ru','Ответственность производителя',0,'2026-02-02 04:37:21','2026-02-02 04:37:21'),(398,'home.responsibility.title','en','Manufacturer responsibility',0,'2026-02-02 04:37:21','2026-02-02 04:37:21'),(399,'home.responsibility.text','ru','<p>Мы понимаем, что от надежности электротехнического оборудования зависит стабильная работа инженерных систем и безопасность на объекте.</p><p>Именно поэтому System Power — это не просто производство, а ответственность за каждое выпущенное изделие.</p>',1,'2026-02-02 04:37:21','2026-02-02 04:37:21'),(400,'home.responsibility.text','en','<p>We understand that the reliability of electrical equipment determines the stable operation of engineering systems and safety at the facility.</p><p>That is why System Power is not just manufacturing, but responsibility for every unit produced.</p>',1,'2026-02-02 04:37:21','2026-02-02 04:37:21'),(401,'home.products.title','ru','Продукция',0,'2026-02-02 04:37:21','2026-02-02 04:37:21'),(402,'home.products.title','en','Products',0,'2026-02-02 04:37:21','2026-02-02 04:37:21'),(403,'home.faq.title','ru','Часто задаваемые вопросы',0,'2026-02-02 04:37:21','2026-02-02 04:37:21'),(404,'home.faq.title','en','Frequently asked questions',0,'2026-02-02 04:37:21','2026-02-02 04:37:21'),(405,'home.faq.q1','ru','Что производит компания System Power?',0,'2026-02-02 04:37:21','2026-02-02 04:37:21'),(406,'home.faq.q1','en','What does System Power manufacture?',0,'2026-02-02 04:37:21','2026-02-02 04:37:21'),(407,'home.faq.a1','ru','System Power производит электротехнические шкафы и распределительные устройства для систем электропитания промышленных и коммерческих объектов.',0,'2026-02-02 04:37:21','2026-02-02 04:37:21'),(408,'home.faq.a1','en','System Power manufactures electrical enclosures and distribution units for power supply systems in industrial and commercial facilities.',0,'2026-02-02 04:37:21','2026-02-02 04:37:21'),(409,'home.faq.q2','ru','Можно ли изготовить оборудование по индивидуальному проекту?',0,'2026-02-02 04:37:21','2026-02-02 04:37:21'),(410,'home.faq.q2','en','Can equipment be manufactured to a custom project?',0,'2026-02-02 04:37:21','2026-02-02 04:37:21'),(411,'home.faq.a2','ru','Да, компания System Power выполняет проектирование и производство оборудования по техническому заданию заказчика.',0,'2026-02-02 04:37:21','2026-02-02 04:37:21'),(412,'home.faq.a2','en','Yes. System Power designs and manufactures equipment according to the customer’s technical specification.',0,'2026-02-02 04:37:21','2026-02-02 04:37:21'),(413,'home.faq.q3','ru','Где находится производство System Power?',0,'2026-02-02 04:37:21','2026-02-02 04:37:21'),(414,'home.faq.q3','en','Where is System Power manufacturing located?',0,'2026-02-02 04:37:21','2026-02-02 04:37:21'),(415,'home.faq.a3','ru','Производственные мощности System Power расположены в Смоленске, Российская Федерация.',0,'2026-02-02 04:37:21','2026-02-02 04:37:21'),(416,'home.faq.a3','en','System Power manufacturing facilities are located in Smolensk, Russian Federation.',0,'2026-02-02 04:37:21','2026-02-02 04:37:21'),(417,'home.faq.q4','ru','Какие комплектующие используются в оборудовании?',0,'2026-02-02 04:37:21','2026-02-02 04:37:21'),(418,'home.faq.q4','en','Which components are used in the equipment?',0,'2026-02-02 04:37:21','2026-02-02 04:37:21'),(419,'home.faq.a4','ru','В базовых комплектациях используются комплектующие IEK, TDM, EKF. По запросу возможна установка ABB, DKC, System Electric, Schneider Electric и других брендов.',0,'2026-02-02 04:37:21','2026-02-02 04:37:21'),(420,'home.faq.a4','en','Base configurations use IEK, TDM, and EKF components. On request, ABB, DKC, System Electric, Schneider Electric, and other brands can be installed.',0,'2026-02-02 04:37:21','2026-02-02 04:37:21'),(421,'home.faq.q5','ru','Кто несет ответственность за качество оборудования?',0,'2026-02-02 04:37:21','2026-02-02 04:37:21'),(422,'home.faq.q5','en','Who is responsible for equipment quality?',0,'2026-02-02 04:37:21','2026-02-02 04:37:21'),(423,'home.faq.a5','ru','Ответственность за качество и соответствие оборудования техническим требованиям несет компания System Power как производитель.',0,'2026-02-02 04:37:21','2026-02-02 04:37:21'),(424,'home.faq.a5','en','System Power, as the manufacturer, is responsible for quality and compliance with technical requirements.',0,'2026-02-02 04:37:21','2026-02-02 04:37:21'),(425,'faq.title','ru','Часто задаваемые вопросы',0,'2026-02-02 04:37:21','2026-02-02 04:37:21'),(426,'faq.title','en','Frequently asked questions',0,'2026-02-02 04:37:21','2026-02-02 04:37:21'),(427,'faq.hatches.q1','ru','Что такое напольный лючок?',0,'2026-02-02 04:37:21','2026-02-02 04:37:21'),(428,'faq.hatches.q1','en','What is a floor box?',0,'2026-02-02 04:37:21','2026-02-02 04:37:21'),(429,'faq.hatches.a1','ru','Напольный лючок — это электротехническое изделие для организации удобного и безопасного доступа к электрическим и слаботочным подключениям, установленным в полу.',0,'2026-02-02 04:37:21','2026-02-02 04:37:21'),(430,'faq.hatches.a1','en','A floor box is electrical equipment that provides convenient and safe access to power and low-current connections installed in a floor.',0,'2026-02-02 04:37:21','2026-02-02 04:37:21'),(431,'faq.hatches.q2','ru','Для чего используются напольные лючки?',0,'2026-02-02 04:37:21','2026-02-02 04:37:21'),(432,'faq.hatches.q2','en','What are floor boxes used for?',0,'2026-02-02 04:37:21','2026-02-02 04:37:21'),(433,'faq.hatches.a2','ru','Напольные лючки используются для подключения электрооборудования и оргтехники, организации рабочих мест в помещениях с открытой планировкой и размещения точек электропитания и связи вдали от стен.',0,'2026-02-02 04:37:21','2026-02-02 04:37:21'),(434,'faq.hatches.a2','en','Floor boxes are used for connecting equipment and office devices, organizing workplaces in open-plan spaces, and placing power and data points away from walls.',0,'2026-02-02 04:37:21','2026-02-02 04:37:21'),(435,'faq.hatches.q3','ru','Где применяются напольные лючки?',0,'2026-02-02 04:37:21','2026-02-02 04:37:21'),(436,'faq.hatches.q3','en','Where are floor boxes used?',0,'2026-02-02 04:37:21','2026-02-02 04:37:21'),(437,'faq.hatches.a3','ru','Напольные лючки применяются в офисных помещениях, коммерческой недвижимости, общественных и административных зданиях.',0,'2026-02-02 04:37:21','2026-02-02 04:37:21'),(438,'faq.hatches.a3','en','Floor boxes are used in office spaces, commercial real estate, and public or administrative buildings.',0,'2026-02-02 04:37:21','2026-02-02 04:37:21'),(439,'faq.hatches.q4','ru','Что означает количество модулей в напольном лючке?',0,'2026-02-02 04:37:21','2026-02-02 04:37:21'),(440,'faq.hatches.q4','en','What does the module count mean?',0,'2026-02-02 04:37:21','2026-02-02 04:37:21'),(441,'faq.hatches.a4','ru','Количество модулей обозначает число посадочных мест внутри корпуса лючка. Чем больше модулей, тем больше подключений можно установить.',0,'2026-02-02 04:37:21','2026-02-02 04:37:21'),(442,'faq.hatches.a4','en','The module count indicates the number of mounting slots inside the box. The more modules, the more connections can be installed.',0,'2026-02-02 04:37:21','2026-02-02 04:37:21'),(443,'faq.hatches.q5','ru','Какие модули можно установить в напольный лючок?',0,'2026-02-02 04:37:21','2026-02-02 04:37:21'),(444,'faq.hatches.q5','en','Which modules can be installed?',0,'2026-02-02 04:37:21','2026-02-02 04:37:21'),(445,'faq.hatches.a5','ru','Лючки рассчитаны на модули формата 22,5×45 мм. Возможны силовые розетки 220 В, RJ45, мультимедийные и комбинированные решения. Одна стандартная розетка 220 В занимает два модуля.',0,'2026-02-02 04:37:21','2026-02-02 04:37:21'),(446,'faq.hatches.a5','en','The boxes are designed for 22.5×45 mm modules. Power sockets 220 V, RJ45, multimedia, and mixed configurations are possible. One standard 220 V socket occupies two modules.',0,'2026-02-02 04:37:21','2026-02-02 04:37:21'),(447,'faq.hatches.q6','ru','Подойдут ли мои розетки для установки и можно ли изменить комплектацию?',0,'2026-02-02 04:37:21','2026-02-02 04:37:21'),(448,'faq.hatches.q6','en','Will my sockets fit, and can the configuration be changed?',0,'2026-02-02 04:37:21','2026-02-02 04:37:21'),(449,'faq.hatches.a6','ru','Лючки System Power совместимы с модульными механизмами формата 22,5×45 мм, включая Mosaic®. Возможна индивидуальная комплектация по количеству и типу модулей.',0,'2026-02-02 04:37:21','2026-02-02 04:37:21'),(450,'faq.hatches.a6','en','System Power floor boxes are compatible with 22.5×45 mm modular mechanisms, including Mosaic®. Custom configurations are possible by module count and type.',0,'2026-02-02 04:37:21','2026-02-02 04:37:21'),(451,'faq.hatches.q7','ru','Какие розетки используются по умолчанию?',0,'2026-02-02 04:37:21','2026-02-02 04:37:21'),(452,'faq.hatches.q7','en','Which sockets are used by default?',0,'2026-02-02 04:37:21','2026-02-02 04:37:21'),(453,'faq.hatches.a7','ru','В стандартной комплектации используются силовые розетки 220 В. По запросу возможны решения со степенью защиты IP44 или IP54.',0,'2026-02-02 04:37:21','2026-02-02 04:37:21'),(454,'faq.hatches.a7','en','Standard configurations use 220 V power sockets. On request, IP44 or IP54 protection options are available.',0,'2026-02-02 04:37:21','2026-02-02 04:37:21'),(455,'faq.hatches.q8','ru','Из какого материала изготовлен корпус?',0,'2026-02-02 04:37:21','2026-02-02 04:37:21'),(456,'faq.hatches.q8','en','What material is the housing made of?',0,'2026-02-02 04:37:21','2026-02-02 04:37:21'),(457,'faq.hatches.a8','ru','В базовой комплектации корпус изготовлен из стали. По запросу возможны варианты из алюминия.',0,'2026-02-02 04:37:21','2026-02-02 04:37:21'),(458,'faq.hatches.a8','en','The base housing is made of steel. Aluminum options are available on request.',0,'2026-02-02 04:37:21','2026-02-02 04:37:21'),(459,'faq.hatches.q9','ru','Предусмотрены ли вводы кабеля в корпусе лючка?',0,'2026-02-02 04:37:21','2026-02-02 04:37:21'),(460,'faq.hatches.q9','en','Are cable entries provided?',0,'2026-02-02 04:37:21','2026-02-02 04:37:21'),(461,'faq.hatches.a9','ru','Да. Корпус оснащён штампованными отверстиями для ввода труб стандарта M25, что упрощает монтаж и прокладку кабельных трасс.',0,'2026-02-02 04:37:21','2026-02-02 04:37:21'),(462,'faq.hatches.a9','en','Yes. The housing has stamped openings for M25 conduit entries, which simplifies installation and cable routing.',0,'2026-02-02 04:37:21','2026-02-02 04:37:21'),(463,'faq.hatches.q10','ru','Где производится оборудование System Power?',0,'2026-02-02 04:37:21','2026-02-02 04:37:21'),(464,'faq.hatches.q10','en','Where is System Power equipment manufactured?',0,'2026-02-02 04:37:21','2026-02-02 04:37:21'),(465,'faq.hatches.a10','ru','Все напольные лючки System Power производятся в Российской Федерации.',0,'2026-02-02 04:37:21','2026-02-02 04:37:21'),(466,'faq.hatches.a10','en','All System Power floor boxes are manufactured in the Russian Federation.',0,'2026-02-02 04:37:21','2026-02-02 04:37:21'),(467,'faq.rusp.q1','ru','Что такое РУСП?',0,'2026-02-02 04:37:21','2026-02-02 04:37:21'),(468,'faq.rusp.q1','en','What is RUSP?',0,'2026-02-02 04:37:21','2026-02-02 04:37:21'),(469,'faq.rusp.a1','ru','РУСП — распределительное устройство для строительных площадок, предназначенное для безопасного подключения, распределения и защиты электрооборудования.',0,'2026-02-02 04:37:21','2026-02-02 04:37:21'),(470,'faq.rusp.a1','en','RUSP is a distribution unit for construction sites designed for safe connection, distribution, and protection of electrical equipment.',0,'2026-02-02 04:37:21','2026-02-02 04:37:21'),(471,'faq.rusp.q2','ru','Нет варианта, который подходит мне. Что делать?',0,'2026-02-02 04:37:21','2026-02-02 04:37:21'),(472,'faq.rusp.q2','en','I need a custom configuration. What should I do?',0,'2026-02-02 04:37:21','2026-02-02 04:37:21'),(473,'faq.rusp.a2','ru','System Power изготавливает РУСП по индивидуальному техническому заданию. Доступны параметры: номинальный ток от 32А до 120А, степень защиты корпуса от IP44 до IP54, напольное или настенное исполнение, индивидуальная комплектация розеток и защитных аппаратов.',0,'2026-02-02 04:37:21','2026-02-02 04:37:21'),(474,'faq.rusp.a2','en','System Power manufactures RUSP according to a custom technical specification. Available parameters include rated current from 32A to 120A, enclosure protection from IP44 to IP54, floor or wall mounting, and custom socket/protection configurations.',0,'2026-02-02 04:37:21','2026-02-02 04:37:21'),(475,'faq.rusp.q3','ru','Комплектующие каких брендов используются?',0,'2026-02-02 04:37:21','2026-02-02 04:37:21'),(476,'faq.rusp.q3','en','Which component brands are used?',0,'2026-02-02 04:37:21','2026-02-02 04:37:21'),(477,'faq.rusp.a3','ru','В базовых комплектациях используются компоненты IEK, TDM, EKF. По запросу возможна установка ABB, DKC, System Electric, Schneider Electric и других брендов.',0,'2026-02-02 04:37:21','2026-02-02 04:37:21'),(478,'faq.rusp.a3','en','Base configurations use IEK, TDM, EKF components. On request, ABB, DKC, System Electric, Schneider Electric, and other brands can be installed.',0,'2026-02-02 04:37:21','2026-02-02 04:37:21'),(479,'faq.rusp.q4','ru','Можно ли купить РУСП сегодня?',0,'2026-02-02 04:37:21','2026-02-02 04:37:21'),(480,'faq.rusp.q4','en','Can I buy RUSP immediately?',0,'2026-02-02 04:37:21','2026-02-02 04:37:21'),(481,'faq.rusp.a4','ru','В карточках товаров указаны партнёры и дистрибьюторы, у которых оборудование может быть доступно на складе. При наличии товара возможно оформление заказа в день обращения.',0,'2026-02-02 04:37:21','2026-02-02 04:37:21'),(482,'faq.rusp.a4','en','Product cards list partners and distributors where equipment may be in stock. If available, an order can be processed the same day.',0,'2026-02-02 04:37:21','2026-02-02 04:37:21'),(483,'faq.rusp.q5','ru','Какая стандартная комплектация РУСП?',0,'2026-02-02 04:37:21','2026-02-02 04:37:21'),(484,'faq.rusp.q5','en','What is the standard RUSP configuration?',0,'2026-02-02 04:37:21','2026-02-02 04:37:21'),(485,'faq.rusp.a5','ru','Стандартная комплектация включает щит РУСП, ключи от дверей, паспорт изделия, электрическую схему и сертификат соответствия.',0,'2026-02-02 04:37:21','2026-02-02 04:37:21'),(486,'faq.rusp.a5','en','The standard set includes the RUSP panel, door keys, product passport, wiring diagram, and certificate of conformity.',0,'2026-02-02 04:37:21','2026-02-02 04:37:21'),(487,'faq.rusp.q6','ru','Где производится оборудование System Power?',0,'2026-02-02 04:37:21','2026-02-02 04:37:21'),(488,'faq.rusp.q6','en','Where is System Power equipment manufactured?',0,'2026-02-02 04:37:21','2026-02-02 04:37:21'),(489,'faq.rusp.a6','ru','Все распределительные устройства System Power производятся в Российской Федерации.',0,'2026-02-02 04:37:21','2026-02-02 04:37:21'),(490,'faq.rusp.a6','en','All System Power distribution units are manufactured in the Russian Federation.',0,'2026-02-02 04:37:21','2026-02-02 04:37:21'),(491,'product.sku','ru','Артикул:',0,'2026-02-02 04:37:21','2026-02-02 04:37:21'),(492,'product.sku','en','SKU:',0,'2026-02-02 04:37:21','2026-02-02 04:37:21'),(493,'product.country','ru','Страна производства: Российская Федерация 🇷🇺',0,'2026-02-02 04:37:21','2026-02-02 04:37:21'),(494,'product.country','en','Country of origin: Russian Federation 🇷🇺',0,'2026-02-02 04:37:21','2026-02-02 04:37:21'),(495,'form.telegram_placeholder','ru','@username',0,'2026-02-02 04:37:21','2026-02-02 04:37:21'),(496,'form.telegram_placeholder','en','@username',0,'2026-02-02 04:37:21','2026-02-02 04:37:21'),(497,'form.telegram_hint','ru','Укажите никнейм в формате @username',0,'2026-02-02 04:37:21','2026-02-02 04:37:21'),(498,'form.telegram_hint','en','Enter your username in the format @username',0,'2026-02-02 04:37:21','2026-02-02 04:37:21'),(499,'form.error.email','ru','Укажите корректный адрес электронной почты.',0,'2026-02-02 04:37:21','2026-02-02 04:37:21'),(500,'form.error.email','en','Enter a valid email address.',0,'2026-02-02 04:37:21','2026-02-02 04:37:21'),(501,'form.error.telegram','ru','Никнейм Telegram должен начинаться с символа @.',0,'2026-02-02 04:37:21','2026-02-02 04:37:21'),(502,'form.error.telegram','en','Telegram username must start with @.',0,'2026-02-02 04:37:21','2026-02-02 04:37:21'),(511,'custom.production.intro','ru','<p>System Power — производственная компания, осуществляющая разработку и выпуск электротехнического оборудования на собственных производственных мощностях.</p><p>Собственное производство позволяет нам контролировать качество изделий, адаптировать оборудование под задачи заказчика и нести ответственность за инженерные решения.</p>',1,'2026-02-02 04:37:21','2026-02-02 04:37:21'),(512,'custom.production.intro','en','<p>System Power is a manufacturing company that develops and produces electrical equipment on its own facilities.</p><p>In-house manufacturing allows us to control product quality, adapt equipment to customer tasks, and take responsibility for engineering decisions.</p>',1,'2026-02-02 04:37:21','2026-02-02 04:37:21'),(513,'custom.production.base.title','ru','Производственная база',0,'2026-02-02 04:37:21','2026-02-02 04:37:21'),(514,'custom.production.base.title','en','Manufacturing base',0,'2026-02-02 04:37:21','2026-02-02 04:37:21'),(515,'custom.production.base.text','ru','<p>Производственные мощности System Power расположены в Смоленске.</p><p>Производство соответствует современным требованиям промышленной безопасности, охраны труда и экологических нормативов.</p><p>Все процессы организованы с учетом действующих стандартов и требований к электротехническому производству.</p>',1,'2026-02-02 04:37:21','2026-02-02 04:37:21'),(516,'custom.production.base.text','en','<p>System Power manufacturing facilities are located in Smolensk.</p><p>The production site complies with modern industrial safety, labor protection, and environmental requirements.</p><p>All processes are organized according to current standards for electrical manufacturing.</p>',1,'2026-02-02 04:37:21','2026-02-02 04:37:21'),(517,'custom.production.benefits.title','ru','Что дает собственное производство',0,'2026-02-02 04:37:21','2026-02-02 04:37:21'),(518,'custom.production.benefits.title','en','What in-house manufacturing provides',0,'2026-02-02 04:37:21','2026-02-02 04:37:21'),(519,'custom.production.benefits.text','ru','<ul><li>разработку изделий под конкретные условия эксплуатации</li><li>гибкую комплектацию оборудования</li><li>контроль качества на всех этапах</li><li>техническую поддержку и сопровождение</li></ul><p>Мы не являемся сборочной площадкой без ответственности — все решения принимаются на инженерном уровне.</p>',1,'2026-02-02 04:37:21','2026-02-02 04:37:21'),(520,'custom.production.benefits.text','en','<ul><li>development for specific operating conditions</li><li>flexible equipment configurations</li><li>quality control at every stage</li><li>technical support and assistance</li></ul><p>We are not a simple assembly shop without responsibility — all decisions are made at the engineering level.</p>',1,'2026-02-02 04:37:21','2026-02-02 04:37:21'),(521,'custom.production.control.title','ru','Инженерный контроль и ответственность',0,'2026-02-02 04:37:21','2026-02-02 04:37:21'),(522,'custom.production.control.title','en','Engineering control and responsibility',0,'2026-02-02 04:37:21','2026-02-02 04:37:21'),(523,'custom.production.control.text','ru','<p>Каждое изделие проходит контроль сборки, соответствия схемам и финальную проверку перед отгрузкой.</p><p>Мы понимаем, что от надежности оборудования зависит безопасность эксплуатации на объекте, и поэтому несем ответственность за выпускаемые изделия.</p>',1,'2026-02-02 04:37:21','2026-02-02 04:37:21'),(524,'custom.production.control.text','en','<p>Each unit undergoes assembly control, schematic compliance checks, and final inspection before shipment.</p><p>We understand that equipment reliability affects operational safety, so we take responsibility for the products we manufacture.</p>',1,'2026-02-02 04:37:21','2026-02-02 04:37:21'),(525,'custom.production.faq.title','ru','Часто задаваемые вопросы',0,'2026-02-02 04:37:21','2026-02-02 04:37:21'),(526,'custom.production.faq.title','en','Frequently asked questions',0,'2026-02-02 04:37:21','2026-02-02 04:37:21'),(527,'custom.production.faq.q1','ru','Где расположено производство System Power?',0,'2026-02-02 04:37:21','2026-02-02 04:37:21'),(528,'custom.production.faq.q1','en','Where is System Power production located?',0,'2026-02-02 04:37:21','2026-02-02 04:37:21'),(529,'custom.production.faq.a1','ru','Производственные мощности System Power расположены в Смоленске, Российская Федерация.',0,'2026-02-02 04:37:21','2026-02-02 04:37:21'),(530,'custom.production.faq.a1','en','System Power production facilities are located in Smolensk, Russian Federation.',0,'2026-02-02 04:37:21','2026-02-02 04:37:21'),(531,'custom.production.faq.q2','ru','Соответствует ли производство требованиям безопасности и экологии?',0,'2026-02-02 04:37:21','2026-02-02 04:37:21'),(532,'custom.production.faq.q2','en','Does production comply with safety and environmental requirements?',0,'2026-02-02 04:37:21','2026-02-02 04:37:21'),(533,'custom.production.faq.a2','ru','Да, производство соответствует современным требованиям промышленной безопасности, охраны труда и экологических нормативов.',0,'2026-02-02 04:37:21','2026-02-02 04:37:21'),(534,'custom.production.faq.a2','en','Yes. Production complies with modern industrial safety, labor protection, and environmental standards.',0,'2026-02-02 04:37:21','2026-02-02 04:37:21'),(535,'custom.production.faq.q3','ru','Является ли System Power производителем или сборщиком?',0,'2026-02-02 04:37:21','2026-02-02 04:37:21'),(536,'custom.production.faq.q3','en','Is System Power a manufacturer or an assembler?',0,'2026-02-02 04:37:21','2026-02-02 04:37:21'),(537,'custom.production.faq.a3','ru','System Power является производителем электротехнического оборудования. Проектирование, подбор комплектующих, сборка и контроль качества выполняются на собственных мощностях компании.',0,'2026-02-02 04:37:21','2026-02-02 04:37:21'),(538,'custom.production.faq.a3','en','System Power is a manufacturer of electrical equipment. Design, component selection, assembly, and quality control are performed in-house.',0,'2026-02-02 04:37:21','2026-02-02 04:37:21'),(539,'custom.production.faq.q4','ru','Можно ли изготовить оборудование под индивидуальное техническое задание?',0,'2026-02-02 04:37:21','2026-02-02 04:37:21'),(540,'custom.production.faq.q4','en','Can equipment be made to a custom technical specification?',0,'2026-02-02 04:37:21','2026-02-02 04:37:21'),(541,'custom.production.faq.a4','ru','Да, собственное производство позволяет изготавливать оборудование по индивидуальному техническому заданию с учетом условий эксплуатации и требований заказчика.',0,'2026-02-02 04:37:21','2026-02-02 04:37:21'),(542,'custom.production.faq.a4','en','Yes. In-house manufacturing allows equipment to be produced to a custom specification based on operating conditions and customer requirements.',0,'2026-02-02 04:37:21','2026-02-02 04:37:21'),(543,'custom.production.faq.q5','ru','Кто несет ответственность за качество оборудования?',0,'2026-02-02 04:37:21','2026-02-02 04:37:21'),(544,'custom.production.faq.q5','en','Who is responsible for equipment quality?',0,'2026-02-02 04:37:21','2026-02-02 04:37:21'),(545,'custom.production.faq.a5','ru','Ответственность за качество и соответствие оборудования техническим требованиям несет компания System Power как производитель.',0,'2026-02-02 04:37:21','2026-02-02 04:37:21'),(546,'custom.production.faq.a5','en','System Power, as the manufacturer, is responsible for quality and compliance with technical requirements.',0,'2026-02-02 04:37:21','2026-02-02 04:37:21'),(547,'custom.form.title','ru','Запрос на производство',0,'2026-02-02 04:37:21','2026-02-02 04:37:21'),(548,'custom.form.title','en','Manufacturing request',0,'2026-02-02 04:37:21','2026-02-02 04:37:21'),(549,'custom.form.text','ru','Опишите задачу и выберите удобный способ связи. Мы ответим после технического рассмотрения запроса.',0,'2026-02-02 04:37:21','2026-02-02 04:37:21'),(550,'custom.form.text','en','Describe your task and choose a convenient contact method. We will respond after a technical review.',0,'2026-02-02 04:37:21','2026-02-02 04:37:21'),(551,'quality.steps.title','ru','Этапы контроля качества',0,'2026-02-02 04:37:21','2026-02-02 04:37:21'),(552,'quality.steps.title','en','Quality control stages',0,'2026-02-02 04:37:21','2026-02-02 04:37:21'),(553,'quality.steps.text','ru','<ul><li>входной контроль комплектующих</li><li>контроль сборки и монтажа</li><li>проверка электрических соединений</li><li>контроль соответствия электрическим схемам</li><li>финальная функциональная и визуальная проверка</li></ul>',1,'2026-02-02 04:37:21','2026-02-02 04:37:21'),(554,'quality.steps.text','en','<ul><li>incoming inspection of components</li><li>assembly and installation control</li><li>verification of electrical connections</li><li>compliance with electrical schematics</li><li>final functional and visual inspection</li></ul>',1,'2026-02-02 04:37:21','2026-02-02 04:37:21'),(555,'quality.docs.title','ru','Документация и соответствие',0,'2026-02-02 04:37:21','2026-02-02 04:37:21'),(556,'quality.docs.title','en','Documentation and compliance',0,'2026-02-02 04:37:21','2026-02-02 04:37:21'),(557,'quality.docs.text','ru','<p>Оборудование System Power сопровождается технической документацией, которая может включать:</p><ul><li>паспорт изделия</li><li>электрическую схему</li><li>сертификаты соответствия</li></ul><p>Перечень документации зависит от типа изделия и требований проекта.</p>',1,'2026-02-02 04:37:21','2026-02-02 04:37:21'),(558,'quality.docs.text','en','<p>System Power equipment is supplied with technical documentation that may include:</p><ul><li>product passport</li><li>electrical diagram</li><li>certificates of conformity</li></ul><p>The documentation set depends on product type and project requirements.</p>',1,'2026-02-02 04:37:21','2026-02-02 04:37:21'),(559,'about.title','ru','О компании System Power',0,'2026-02-02 04:37:21','2026-02-02 04:37:21'),(560,'about.title','en','About System Power',0,'2026-02-02 04:37:21','2026-02-02 04:37:21'),(561,'about.text','ru','<p>System Power — торговая марка производственной компании «Системные Решения».</p><p>Компания начала деятельность в 2014 году с поставок электротехнического оборудования. Работа с различными объектами и заказчиками позволила накопить практический опыт и глубокое понимание требований к электротехническим системам.</p><p>В 2022 году было запущено собственное производство под брендом System Power.</p>',1,'2026-02-02 04:37:21','2026-02-02 04:37:21'),(562,'about.text','en','<p>System Power is a trademark of the manufacturing company System Solutions.</p><p>The company started operations in 2014 with the supply of electrical equipment. Work with various facilities and customers provided practical experience and a deep understanding of requirements for electrical systems.</p><p>In 2022, in-house manufacturing was launched under the System Power brand.</p>',1,'2026-02-02 04:37:21','2026-02-02 04:37:21'),(563,'about.production.title','ru','Почему собственное производство',0,'2026-02-02 04:37:21','2026-02-02 04:37:21'),(564,'about.production.title','en','Why in-house manufacturing',0,'2026-02-02 04:37:21','2026-02-02 04:37:21'),(565,'about.production.text','ru','<ul><li>контроль качества оборудования</li><li>гибкая адаптация изделий под задачи заказчика</li><li>учет реальных условий эксплуатации</li><li>техническая поддержка</li></ul><p>Мы производим оборудование, за которое готовы нести ответственность.</p>',1,'2026-02-02 04:37:21','2026-02-02 04:37:21'),(566,'about.production.text','en','<ul><li>quality control of equipment</li><li>flexible adaptation to customer tasks</li><li>consideration of real operating conditions</li><li>technical support</li></ul><p>We manufacture equipment we are ready to stand behind.</p>',1,'2026-02-02 04:37:21','2026-02-02 04:37:21'),(567,'about.approach.title','ru','Наш подход',0,'2026-02-02 04:37:21','2026-02-02 04:37:21'),(568,'about.approach.title','en','Our approach',0,'2026-02-02 04:37:21','2026-02-02 04:37:21'),(569,'about.approach.text','ru','<p>System Power — это системность в проектировании, инженерная логика в решениях и ответственность за результат.</p><p>Мы ориентируемся на профессиональных заказчиков и долгосрочную эксплуатацию оборудования.</p>',1,'2026-02-02 04:37:21','2026-02-02 04:37:21'),(570,'about.approach.text','en','<p>System Power is about systematic design, engineering logic in decisions, and responsibility for results.</p><p>We focus on professional customers and long-term equipment operation.</p>',1,'2026-02-02 04:37:21','2026-02-02 04:37:21'),(571,'privacy.text','ru','<h2>Общие положения</h2><p>Использование сайта означает согласие пользователя с настоящей Политикой конфиденциальности и условиями обработки персональных данных.</p><p>Настоящая Политика разработана в соответствии с Федеральным законом РФ № 152-ФЗ «О персональных данных».</p><p>Оператор персональных данных — ООО «Системные Решения», ИНН 6950156688.</p><h2>Персональные данные пользователей</h2><p>К персональным данным относятся имя, фамилия, email, телефон, данные мессенджеров (Telegram, WhatsApp), организация и содержание сообщения.</p><p>Также могут обрабатываться обезличенные данные: IP-адрес, cookie, сведения о браузере и действиях пользователя на сайте.</p><h2>Цели обработки</h2><ul><li>обработка обращений и запросов пользователей</li><li>обратная связь по выбранному способу связи</li><li>предоставление технической и консультационной информации</li><li>выполнение требований законодательства РФ</li></ul><h2>Правовые основания</h2><p>Обработка персональных данных осуществляется на основании согласия пользователя и требований законодательства РФ.</p><h2>Срок хранения</h2><p>Персональные данные хранятся не дольше, чем это требуется для достижения целей обработки, либо в сроки, установленные законом.</p>',1,'2026-02-02 04:37:21','2026-02-02 04:37:21'),(572,'privacy.text','en','<h2>General provisions</h2><p>Using the site means the user agrees to this Privacy Policy and the terms of personal data processing.</p><p>This Policy is developed in accordance with Federal Law of the Russian Federation No. 152-FZ “On Personal Data”.</p><p>The personal data operator is System Solutions LLC.</p><h2>User personal data</h2><p>Personal data includes name, email, phone, messenger contacts (Telegram, WhatsApp), organization, and message content.</p><p>Depersonalized data such as IP address, cookies, and browser information may also be processed.</p><h2>Processing purposes</h2><ul><li>handling user inquiries and requests</li><li>providing feedback via the chosen contact method</li><li>providing technical and consultation information</li><li>compliance with Russian law</li></ul><h2>Legal basis</h2><p>Personal data is processed based on user consent and legal requirements.</p><h2>Retention period</h2><p>Personal data is stored only as long as necessary to achieve processing purposes or as required by law.</p>',1,'2026-02-02 04:37:21','2026-02-02 04:37:21');
/*!40000 ALTER TABLE `i18n_strings` ENABLE KEYS */;
UNLOCK TABLES;

--
-- Table structure for table `leads`
--

DROP TABLE IF EXISTS `leads`;
/*!40101 SET @saved_cs_client     = @@character_set_client */;
/*!50503 SET character_set_client = utf8mb4 */;
CREATE TABLE `leads` (
  `id` int NOT NULL AUTO_INCREMENT,
  `type` enum('custom_production') COLLATE utf8mb4_unicode_ci NOT NULL,
  `full_name` varchar(255) COLLATE utf8mb4_unicode_ci NOT NULL,
  `company` varchar(255) COLLATE utf8mb4_unicode_ci DEFAULT NULL,
  `phone` varchar(80) COLLATE utf8mb4_unicode_ci DEFAULT NULL,
  `email` varchar(255) COLLATE utf8mb4_unicode_ci DEFAULT NULL,
  `telegram` varchar(255) COLLATE utf8mb4_unicode_ci DEFAULT NULL,
  `whatsapp` varchar(80) COLLATE utf8mb4_unicode_ci DEFAULT NULL,
  `preferred_contact` enum('phone','email','telegram','whatsapp') COLLATE utf8mb4_unicode_ci NOT NULL,
  `message` longtext COLLATE utf8mb4_unicode_ci NOT NULL,
  `status` enum('new','in_progress','done') COLLATE utf8mb4_unicode_ci NOT NULL DEFAULT 'new',
  `admin_comment` text COLLATE utf8mb4_unicode_ci,
  `created_at` datetime NOT NULL DEFAULT CURRENT_TIMESTAMP,
  PRIMARY KEY (`id`)
) ENGINE=InnoDB DEFAULT CHARSET=utf8mb4 COLLATE=utf8mb4_unicode_ci;
/*!40101 SET character_set_client = @saved_cs_client */;

--
-- Dumping data for table `leads`
--

LOCK TABLES `leads` WRITE;
/*!40000 ALTER TABLE `leads` DISABLE KEYS */;
/*!40000 ALTER TABLE `leads` ENABLE KEYS */;
UNLOCK TABLES;

--
-- Table structure for table `media`
--

DROP TABLE IF EXISTS `media`;
/*!40101 SET @saved_cs_client     = @@character_set_client */;
/*!50503 SET character_set_client = utf8mb4 */;
CREATE TABLE `media` (
  `id` int NOT NULL AUTO_INCREMENT,
  `path` varchar(255) COLLATE utf8mb4_unicode_ci NOT NULL,
  `type` enum('image','video','file') COLLATE utf8mb4_unicode_ci NOT NULL,
  `mime` varchar(120) COLLATE utf8mb4_unicode_ci NOT NULL,
  `size_bytes` bigint NOT NULL DEFAULT '0',
  `width` int DEFAULT NULL,
  `height` int DEFAULT NULL,
  `alt_key` varchar(190) COLLATE utf8mb4_unicode_ci DEFAULT NULL,
  `created_at` datetime NOT NULL DEFAULT CURRENT_TIMESTAMP,
  `updated_at` datetime NOT NULL DEFAULT CURRENT_TIMESTAMP ON UPDATE CURRENT_TIMESTAMP,
  PRIMARY KEY (`id`)
) ENGINE=InnoDB AUTO_INCREMENT=87 DEFAULT CHARSET=utf8mb4 COLLATE=utf8mb4_unicode_ci;
/*!40101 SET character_set_client = @saved_cs_client */;

--
-- Dumping data for table `media`
--

LOCK TABLES `media` WRITE;
/*!40000 ALTER TABLE `media` DISABLE KEYS */;
INSERT INTO `media` VALUES (1,'/storage/uploads/pages/home/Banner.mp4','video','video/mp4',0,NULL,NULL,NULL,'2026-01-30 08:19:51','2026-01-30 08:19:51'),(2,'/storage/uploads/pages/home/Banner.jpg','image','image/jpeg',0,NULL,NULL,NULL,'2026-01-30 08:19:51','2026-01-30 08:19:51'),(3,'/themes/default/placeholder-product.svg','image','image/svg+xml',0,NULL,NULL,NULL,'2026-01-30 08:19:51','2026-01-30 08:19:51'),(4,'/storage/uploads/products/SP01-0104/SP01-0104.webp','image','image/webp',47028,1800,1800,NULL,'2026-01-30 09:17:56','2026-01-30 09:17:56'),(5,'/storage/uploads/products/SP01-0104/sp01-0204per.webp','image','image/webp',63946,1024,1024,NULL,'2026-01-30 09:17:56','2026-01-30 09:17:56'),(6,'/storage/uploads/products/SP01-0108/SP01-0108.webp','image','image/webp',74372,1024,1024,NULL,'2026-01-30 09:17:56','2026-01-30 09:17:56'),(7,'/storage/uploads/products/SP01-0108/SP01-0208-roz.webp','image','image/webp',50104,1024,1024,NULL,'2026-01-30 09:17:56','2026-01-30 09:17:56'),(8,'/storage/uploads/products/SP01-0112/sp01-0112-op.webp','image','image/webp',25130,1024,1024,NULL,'2026-01-30 09:17:56','2026-01-30 09:17:56'),(9,'/storage/uploads/products/SP01-0112/sp01-0212-vn.webp','image','image/webp',48762,1024,1024,NULL,'2026-01-30 09:17:56','2026-01-30 09:17:56'),(10,'/storage/uploads/products/SP01-0208/SP01-0208.webp','image','image/webp',60262,1024,1024,NULL,'2026-01-30 09:17:57','2026-01-30 09:17:57'),(11,'/storage/uploads/products/SP01-0208/SP01-0208-roz.webp','image','image/webp',50104,1024,1024,NULL,'2026-01-30 09:17:57','2026-01-30 09:17:57'),(12,'/storage/uploads/products/SP01-0212/sp01-0212-kw.webp','image','image/webp',103678,1800,1800,NULL,'2026-01-30 09:17:57','2026-01-30 09:17:57'),(13,'/storage/uploads/products/SP01-0212/sp01-0212-vn.webp','image','image/webp',48762,1024,1024,NULL,'2026-01-30 09:17:57','2026-01-30 09:17:57'),(14,'/storage/uploads/products/SP01-0204/sp01-0204.webp','image','image/webp',41030,1024,1024,NULL,'2026-01-30 09:17:57','2026-01-30 09:17:57'),(15,'/storage/uploads/products/SP01-0204/sp01-0204per.webp','image','image/webp',63946,1024,1024,NULL,'2026-01-30 09:17:57','2026-01-30 09:17:57'),(16,'/storage/uploads/products/SP01-0302/floor-socket-2mod.webp','image','image/webp',30892,1250,1499,NULL,'2026-01-30 09:17:57','2026-01-30 09:17:57'),(17,'/storage/uploads/products/SP01-0302/floor-sockets-2-closed.webp','image','image/webp',27844,1250,1500,NULL,'2026-01-30 09:17:57','2026-01-30 09:17:57'),(18,'/storage/uploads/products/SP01-0304/luk-4mod-w-polu-nie-skryt.webp','image','image/webp',347374,1250,1500,NULL,'2026-01-30 09:17:57','2026-01-30 09:17:57'),(19,'/storage/uploads/products/SP01-0304/floor-sockets-4-open.webp','image','image/webp',27944,1250,1500,NULL,'2026-01-30 09:17:57','2026-01-30 09:17:57'),(20,'/storage/uploads/products/SP01-0306/SP01-08-zakr.webp','image','image/webp',26716,1250,1500,NULL,'2026-01-30 09:17:57','2026-01-30 09:17:57'),(21,'/storage/uploads/products/SP01-0308/SP01-08-zakr.webp','image','image/webp',26716,1250,1500,NULL,'2026-01-30 09:17:57','2026-01-30 09:17:57'),(22,'/storage/uploads/products/SP01-0308/floor-socket-4-open.webp','image','image/webp',32112,1250,1500,NULL,'2026-01-30 09:17:57','2026-01-30 09:17:57'),(23,'/storage/uploads/products/SP01-031200/SP01-08-zakr.webp','image','image/webp',26716,1250,1500,NULL,'2026-01-30 09:17:57','2026-01-30 09:17:57'),(24,'/storage/uploads/products/SP01-0402/floor-socket-2-closed.webp','image','image/webp',23594,1250,1500,NULL,'2026-01-30 09:17:57','2026-01-30 09:17:57'),(25,'/storage/uploads/products/SP01-0402/floor-socket-2mod.webp','image','image/webp',30892,1250,1499,NULL,'2026-01-30 09:17:57','2026-01-30 09:17:57'),(26,'/storage/uploads/products/SP01-0404/floor-sockets-4-open.webp','image','image/webp',27944,1250,1500,NULL,'2026-01-30 09:17:57','2026-01-30 09:17:57'),(27,'/storage/uploads/products/SP01-0404/floor-sockets-4-closed.webp','image','image/webp',18410,1250,1501,NULL,'2026-01-30 09:17:57','2026-01-30 09:17:57'),(28,'/storage/uploads/products/SP01-0406/floor-socket-closed-8mod.webp','image','image/webp',23892,1250,1500,NULL,'2026-01-30 09:17:57','2026-01-30 09:17:57'),(29,'/storage/uploads/products/SP01-0408/floor-socket-4-open.webp','image','image/webp',32112,1250,1500,NULL,'2026-01-30 09:17:57','2026-01-30 09:17:57'),(30,'/storage/uploads/products/SP01-0408/floor-socket-closed-8mod.webp','image','image/webp',23892,1250,1500,NULL,'2026-01-30 09:17:57','2026-01-30 09:17:57'),(31,'/storage/uploads/products/SP01-0412/floor-socket-closed-8mod.webp','image','image/webp',23892,1250,1500,NULL,'2026-01-30 09:17:57','2026-01-30 09:17:57'),(32,'/storage/uploads/products/SP02-5033/shkaf1.webp','image','image/webp',7368,405,588,NULL,'2026-01-30 09:17:57','2026-01-30 09:17:57'),(33,'/storage/uploads/products/SP02-050311/photo_3_2025-06-10_14-12-01.webp','image','image/webp',283956,1280,1280,NULL,'2026-01-30 09:17:57','2026-01-30 09:17:57'),(34,'/storage/uploads/products/SP02-050311/photo_38_2025-06-10_14-12-01.webp','image','image/webp',345534,1280,1280,NULL,'2026-01-30 09:17:57','2026-01-30 09:17:57'),(35,'/storage/uploads/products/SP02-050311/photo_24_2025-06-10_14-12-01.webp','image','image/webp',291538,1280,1280,NULL,'2026-01-30 09:17:57','2026-01-30 09:17:57'),(36,'/storage/uploads/products/SP02-5032/SP02-5032.webp','image','image/webp',7220,480,690,NULL,'2026-01-30 09:17:57','2026-01-30 09:17:57'),(37,'/storage/uploads/products/SP02-6343/SP02-6343-1.webp','image','image/webp',7564,368,555,NULL,'2026-01-30 09:17:57','2026-01-30 09:17:57'),(38,'/storage/uploads/products/SP02-6341/SP02-6341.webp','image','image/webp',13554,529,800,NULL,'2026-01-30 09:17:57','2026-01-30 09:17:57'),(39,'/storage/uploads/products/SP02-6342/SP02-6342.webp','image','image/webp',14128,529,800,NULL,'2026-01-30 09:17:57','2026-01-30 09:17:57'),(40,'/storage/uploads/products/SP02-6344/SP02-6344.webp','image','image/webp',15030,529,800,NULL,'2026-01-30 09:17:57','2026-01-30 09:17:57'),(41,'/storage/uploads/products/SP02-1062/photo_2024-08-14_14-25-25.webp','image','image/webp',5276,560,559,NULL,'2026-01-30 09:17:57','2026-01-30 09:17:57'),(42,'/storage/uploads/products/SP02-100603/photo_9_2025-06-10_14-12-01.webp','image','image/webp',281174,1280,1280,NULL,'2026-01-30 09:17:57','2026-01-30 09:17:57'),(43,'/storage/uploads/products/SP02-100603/photo_12_2025-06-10_14-12-01.webp','image','image/webp',286362,1280,1280,NULL,'2026-01-30 09:17:57','2026-01-30 09:17:57'),(44,'/storage/uploads/products/SP02-100603/photo_16_2025-06-10_14-12-01.webp','image','image/webp',376812,1280,1280,NULL,'2026-01-30 09:17:57','2026-01-30 09:17:57'),(45,'/storage/uploads/products/SP02-1064/SP02-1064.webp','image','image/webp',11028,800,800,NULL,'2026-01-30 09:17:57','2026-01-30 09:17:57'),(46,'/storage/uploads/products/SP02-063611/photo_9_2025-06-10_14-12-01.webp','image','image/webp',281174,1280,1280,NULL,'2026-01-30 09:17:57','2026-01-30 09:17:57'),(47,'/storage/uploads/products/SP02-063611/photo_7_2025-06-10_14-12-01.webp','image','image/webp',328362,1280,1280,NULL,'2026-01-30 09:17:57','2026-01-30 09:17:57'),(48,'/storage/uploads/products/SP02-063611/photo_28_2025-06-10_14-12-01.webp','image','image/webp',295868,1280,1280,NULL,'2026-01-30 09:17:57','2026-01-30 09:17:57'),(49,'/storage/uploads/products/SP02-063611/photo_24_2025-06-10_14-12-01.webp','image','image/webp',291538,1280,1280,NULL,'2026-01-30 09:17:57','2026-01-30 09:17:57'),(50,'/storage/uploads/products/SP02-063611/photo_21_2025-06-10_14-12-01.webp','image','image/webp',354162,1280,1280,NULL,'2026-01-30 09:17:57','2026-01-30 09:17:57'),(51,'/storage/uploads/products/SP02-063611/photo_13_2025-06-10_14-12-01.webp','image','image/webp',361584,1280,1280,NULL,'2026-01-30 09:17:57','2026-01-30 09:17:57'),(52,'/storage/uploads/products/SP02-080403/photo_12_2025-06-10_14-12-01.webp','image','image/webp',286362,1280,1280,NULL,'2026-01-30 09:17:57','2026-01-30 09:17:57'),(53,'/storage/uploads/products/SP02-080602/photo_20_2025-06-10_14-12-01.webp','image','image/webp',309462,1280,1280,NULL,'2026-01-30 09:17:57','2026-01-30 09:17:57'),(54,'/storage/uploads/products/SP02-080602/photo_7_2025-06-10_14-12-01.webp','image','image/webp',328362,1280,1280,NULL,'2026-01-30 09:17:57','2026-01-30 09:17:57'),(55,'/storage/uploads/products/SP01-0216/SP01-0216per.webp','image','image/webp',69002,1024,1024,NULL,'2026-01-30 09:17:57','2026-01-30 09:17:57'),(56,'/storage/uploads/products/SP01-0216/SP01-0216.webp','image','image/webp',46578,1024,1024,NULL,'2026-01-30 09:17:57','2026-01-30 09:17:57'),(57,'/storage/uploads/products/SP01-0116/sp01-0116.webp','image','image/webp',40336,1024,1024,NULL,'2026-01-30 09:17:57','2026-01-30 09:17:57'),(58,'/storage/uploads/products/SP01-0116/SP01-0216.webp','image','image/webp',46578,1024,1024,NULL,'2026-01-30 09:17:57','2026-01-30 09:17:57'),(59,'/storage/uploads/products/SP02-100602/photo_9_2025-06-10_14-12-01.webp','image','image/webp',281174,1280,1280,NULL,'2026-01-30 09:17:57','2026-01-30 09:17:57'),(60,'/storage/uploads/products/SP02-100602/photo_12_2025-06-10_14-12-01.webp','image','image/webp',286362,1280,1280,NULL,'2026-01-30 09:17:57','2026-01-30 09:17:57'),(61,'/storage/uploads/products/SP02-100602/photo_16_2025-06-10_14-12-01.webp','image','image/webp',376812,1280,1280,NULL,'2026-01-30 09:17:57','2026-01-30 09:17:57'),(62,'/storage/uploads/partners/sissol_small.png','image','image/png',0,NULL,NULL,NULL,'2026-02-01 13:13:57','2026-02-01 13:13:57'),(63,'/storage/uploads/partners/sissol_large.png','image','image/png',0,NULL,NULL,NULL,'2026-02-01 13:13:57','2026-02-01 13:13:57'),(64,'/storage/uploads/partners/aenerg_small.png','image','image/png',0,NULL,NULL,NULL,'2026-02-01 13:13:57','2026-02-01 13:13:57'),(65,'/storage/uploads/partners/aenerg_large.png','image','image/png',0,NULL,NULL,NULL,'2026-02-01 13:13:57','2026-02-01 13:13:57'),(66,'/storage/uploads/partners/petrovich_small.png','image','image/png',0,NULL,NULL,NULL,'2026-02-01 13:13:57','2026-02-01 13:13:57'),(67,'/storage/uploads/partners/petrovich_large.png','image','image/png',0,NULL,NULL,NULL,'2026-02-01 13:13:57','2026-02-01 13:13:57'),(68,'/storage/uploads/partners/vseinstrumenti_small.png','image','image/png',0,NULL,NULL,NULL,'2026-02-01 13:13:57','2026-02-01 13:13:57'),(69,'/storage/uploads/partners/vseinstrumenti_large.png','image','image/png',0,NULL,NULL,NULL,'2026-02-01 13:13:57','2026-02-01 13:13:57'),(70,'/storage/uploads/partners/avito_small.png','image','image/png',0,NULL,NULL,NULL,'2026-02-01 13:13:57','2026-02-01 13:13:57'),(71,'/storage/uploads/partners/avito_large.png','image','image/png',0,NULL,NULL,NULL,'2026-02-01 13:13:57','2026-02-01 13:13:57'),(72,'/storage/uploads/partners/smartshop_small.png','image','image/png',0,NULL,NULL,NULL,'2026-02-01 13:13:57','2026-02-01 13:13:57'),(73,'/storage/uploads/partners/smartshop_large.png','image','image/png',0,NULL,NULL,NULL,'2026-02-01 13:13:57','2026-02-01 13:13:57'),(74,'/storage/uploads/partners/sissol_small.png','image','image/png',0,NULL,NULL,NULL,'2026-02-01 13:16:23','2026-02-01 13:16:23'),(75,'/storage/uploads/partners/sissol_large.png','image','image/png',0,NULL,NULL,NULL,'2026-02-01 13:16:23','2026-02-01 13:16:23'),(76,'/storage/uploads/partners/aenerg_small.png','image','image/png',0,NULL,NULL,NULL,'2026-02-01 13:16:23','2026-02-01 13:16:23'),(77,'/storage/uploads/partners/aenerg_large.png','image','image/png',0,NULL,NULL,NULL,'2026-02-01 13:16:23','2026-02-01 13:16:23'),(78,'/storage/uploads/partners/petrovich_small.png','image','image/png',0,NULL,NULL,NULL,'2026-02-01 13:16:23','2026-02-01 13:16:23'),(79,'/storage/uploads/partners/petrovich_large.png','image','image/png',0,NULL,NULL,NULL,'2026-02-01 13:16:23','2026-02-01 13:16:23'),(80,'/storage/uploads/partners/vseinstrumenti_small.png','image','image/png',0,NULL,NULL,NULL,'2026-02-01 13:16:23','2026-02-01 13:16:23'),(81,'/storage/uploads/partners/vseinstrumenti_large.png','image','image/png',0,NULL,NULL,NULL,'2026-02-01 13:16:23','2026-02-01 13:16:23'),(82,'/storage/uploads/partners/avito_small.png','image','image/png',0,NULL,NULL,NULL,'2026-02-01 13:16:23','2026-02-01 13:16:23'),(83,'/storage/uploads/partners/avito_large.png','image','image/png',0,NULL,NULL,NULL,'2026-02-01 13:16:23','2026-02-01 13:16:23'),(84,'/storage/uploads/partners/smartshop_small.png','image','image/png',0,NULL,NULL,NULL,'2026-02-01 13:16:23','2026-02-01 13:16:23'),(85,'/storage/uploads/partners/smartshop_large.png','image','image/png',0,NULL,NULL,NULL,'2026-02-01 13:16:23','2026-02-01 13:16:23'),(86,'/storage/uploads/partners/media_697f563661d933.52673383.webp','image','image/webp',21670,1500,520,NULL,'2026-02-01 13:33:42','2026-02-01 13:33:42');
/*!40000 ALTER TABLE `media` ENABLE KEYS */;
UNLOCK TABLES;

--
-- Table structure for table `page_sections`
--

DROP TABLE IF EXISTS `page_sections`;
/*!40101 SET @saved_cs_client     = @@character_set_client */;
/*!50503 SET character_set_client = utf8mb4 */;
CREATE TABLE `page_sections` (
  `id` int NOT NULL AUTO_INCREMENT,
  `page_id` int NOT NULL,
  `section_key` varchar(120) COLLATE utf8mb4_unicode_ci NOT NULL,
  `sort_order` int NOT NULL DEFAULT '0',
  `template` varchar(120) COLLATE utf8mb4_unicode_ci NOT NULL,
  `data_json` longtext COLLATE utf8mb4_unicode_ci NOT NULL,
  `created_at` datetime NOT NULL DEFAULT CURRENT_TIMESTAMP,
  `updated_at` datetime NOT NULL DEFAULT CURRENT_TIMESTAMP ON UPDATE CURRENT_TIMESTAMP,
  PRIMARY KEY (`id`),
  KEY `idx_page` (`page_id`),
  CONSTRAINT `fk_page_sections_page` FOREIGN KEY (`page_id`) REFERENCES `pages` (`id`) ON DELETE CASCADE
) ENGINE=InnoDB AUTO_INCREMENT=41 DEFAULT CHARSET=utf8mb4 COLLATE=utf8mb4_unicode_ci;
/*!40101 SET character_set_client = @saved_cs_client */;

--
-- Dumping data for table `page_sections`
--

LOCK TABLES `page_sections` WRITE;
/*!40000 ALTER TABLE `page_sections` DISABLE KEYS */;
INSERT INTO `page_sections` VALUES (11,5,'where-buy',1,'where_to_buy','{\"title_key\": \"wherebuy.title\", \"intro_key\": \"wherebuy.intro\"}','2026-01-30 08:19:51','2026-01-30 08:19:51'),(12,6,'contacts',1,'contacts','{}','2026-01-30 08:19:51','2026-01-30 08:19:51'),(18,1,'hero',1,'hero_video','{\"title_key\":\"home.hero.title\",\"subtitle_key\":\"home.hero.subtitle\",\"cta_primary\":{\"text_key\":\"home.hero.cta_primary\",\"url\":\"/ru/products/\",\"style\":\"accent-primary\"},\"cta_secondary\":{\"text_key\":\"home.hero.cta_secondary\",\"url\":\"/ru/custom-production/\",\"style\":\"accent-secondary\"},\"overlay_opacity\":0.45,\"gradient\":true}','2026-02-02 04:37:21','2026-02-02 04:37:21'),(19,1,'production',2,'text_block','{\"title_key\":\"home.production.title\",\"text_key\":\"home.production.text\"}','2026-02-02 04:37:21','2026-02-02 04:37:21'),(20,1,'workflow',3,'text_block','{\"title_key\":\"home.workflow.title\",\"text_key\":\"home.workflow.text\"}','2026-02-02 04:37:21','2026-02-02 04:37:21'),(21,1,'usage',4,'text_block','{\"title_key\":\"home.usage.title\",\"text_key\":\"home.usage.text\"}','2026-02-02 04:37:21','2026-02-02 04:37:21'),(22,1,'responsibility',5,'text_block','{\"title_key\":\"home.responsibility.title\",\"text_key\":\"home.responsibility.text\"}','2026-02-02 04:37:21','2026-02-02 04:37:21'),(23,1,'products',6,'category_cards','{\"title_key\":\"home.products.title\",\"items\":[{\"category_code\":\"hatches\",\"title_key\":\"home.categories.hatches.title\",\"text_key\":\"home.categories.hatches.text\",\"image_id\":3,\"url\":\"/ru/products/hatches/\"},{\"category_code\":\"electrical_cabinets\",\"title_key\":\"home.categories.cabinets.title\",\"text_key\":\"home.categories.cabinets.text\",\"image_id\":3,\"url\":\"/ru/products/electrical-cabinets/\"}]}','2026-02-02 04:37:21','2026-02-02 04:37:21'),(24,1,'faq',7,'faq_block','{\"title_key\":\"home.faq.title\",\"items\":[{\"question_key\":\"home.faq.q1\",\"answer_key\":\"home.faq.a1\"},{\"question_key\":\"home.faq.q2\",\"answer_key\":\"home.faq.a2\"},{\"question_key\":\"home.faq.q3\",\"answer_key\":\"home.faq.a3\"},{\"question_key\":\"home.faq.q4\",\"answer_key\":\"home.faq.a4\"},{\"question_key\":\"home.faq.q5\",\"answer_key\":\"home.faq.a5\"}]}','2026-02-02 04:37:21','2026-02-02 04:37:21'),(25,3,'custom-intro',1,'text_block','{\"text_key\":\"custom.production.intro\"}','2026-02-02 04:37:21','2026-02-02 04:37:21'),(26,3,'custom-base',2,'text_block','{\"title_key\":\"custom.production.base.title\",\"text_key\":\"custom.production.base.text\"}','2026-02-02 04:37:21','2026-02-02 04:37:21'),(27,3,'custom-benefits',3,'text_block','{\"title_key\":\"custom.production.benefits.title\",\"text_key\":\"custom.production.benefits.text\"}','2026-02-02 04:37:21','2026-02-02 04:37:21'),(28,3,'custom-control',4,'text_block','{\"title_key\":\"custom.production.control.title\",\"text_key\":\"custom.production.control.text\"}','2026-02-02 04:37:21','2026-02-02 04:37:21'),(29,3,'custom-faq',5,'faq_block','{\"title_key\":\"custom.production.faq.title\",\"items\":[{\"question_key\":\"custom.production.faq.q1\",\"answer_key\":\"custom.production.faq.a1\"},{\"question_key\":\"custom.production.faq.q2\",\"answer_key\":\"custom.production.faq.a2\"},{\"question_key\":\"custom.production.faq.q3\",\"answer_key\":\"custom.production.faq.a3\"},{\"question_key\":\"custom.production.faq.q4\",\"answer_key\":\"custom.production.faq.a4\"},{\"question_key\":\"custom.production.faq.q5\",\"answer_key\":\"custom.production.faq.a5\"}]}','2026-02-02 04:37:21','2026-02-02 04:37:21'),(30,3,'custom-form',6,'custom_production','{\"title_key\":\"custom.form.title\",\"intro_key\":\"custom.form.text\"}','2026-02-02 04:37:21','2026-02-02 04:37:21'),(31,4,'quality-intro',1,'text_block','{\"text_key\":\"quality.intro\"}','2026-02-02 04:37:21','2026-02-02 04:37:21'),(32,4,'quality-steps',2,'text_block','{\"title_key\":\"quality.steps.title\",\"text_key\":\"quality.steps.text\"}','2026-02-02 04:37:21','2026-02-02 04:37:21'),(33,4,'quality-docs',3,'text_block','{\"title_key\":\"quality.docs.title\",\"text_key\":\"quality.docs.text\"}','2026-02-02 04:37:21','2026-02-02 04:37:21'),(34,4,'about-company',4,'text_block','{\"title_key\":\"about.title\",\"text_key\":\"about.text\"}','2026-02-02 04:37:21','2026-02-02 04:37:21'),(35,4,'about-production',5,'text_block','{\"title_key\":\"about.production.title\",\"text_key\":\"about.production.text\"}','2026-02-02 04:37:21','2026-02-02 04:37:21'),(36,4,'about-approach',6,'text_block','{\"title_key\":\"about.approach.title\",\"text_key\":\"about.approach.text\"}','2026-02-02 04:37:21','2026-02-02 04:37:21'),(37,7,'about-intro',1,'text_block','{\"text_key\":\"about.text\"}','2026-02-02 04:37:21','2026-02-02 04:37:21'),(38,7,'about-production',2,'text_block','{\"title_key\":\"about.production.title\",\"text_key\":\"about.production.text\"}','2026-02-02 04:37:21','2026-02-02 04:37:21'),(39,7,'about-approach',3,'text_block','{\"title_key\":\"about.approach.title\",\"text_key\":\"about.approach.text\"}','2026-02-02 04:37:21','2026-02-02 04:37:21'),(40,8,'privacy',1,'text_block','{\"text_key\":\"privacy.text\"}','2026-02-02 04:37:21','2026-02-02 04:37:21');
/*!40000 ALTER TABLE `page_sections` ENABLE KEYS */;
UNLOCK TABLES;

--
-- Table structure for table `pages`
--

DROP TABLE IF EXISTS `pages`;
/*!40101 SET @saved_cs_client     = @@character_set_client */;
/*!50503 SET character_set_client = utf8mb4 */;
CREATE TABLE `pages` (
  `id` int NOT NULL AUTO_INCREMENT,
  `slug` varchar(120) COLLATE utf8mb4_unicode_ci NOT NULL,
  `status` enum('draft','published') COLLATE utf8mb4_unicode_ci NOT NULL DEFAULT 'published',
  `created_at` datetime NOT NULL DEFAULT CURRENT_TIMESTAMP,
  `updated_at` datetime NOT NULL DEFAULT CURRENT_TIMESTAMP ON UPDATE CURRENT_TIMESTAMP,
  PRIMARY KEY (`id`),
  UNIQUE KEY `uniq_slug` (`slug`)
) ENGINE=InnoDB AUTO_INCREMENT=9 DEFAULT CHARSET=utf8mb4 COLLATE=utf8mb4_unicode_ci;
/*!40101 SET character_set_client = @saved_cs_client */;

--
-- Dumping data for table `pages`
--

LOCK TABLES `pages` WRITE;
/*!40000 ALTER TABLE `pages` DISABLE KEYS */;
INSERT INTO `pages` VALUES (1,'home','published','2026-01-30 08:19:51','2026-01-30 08:19:51'),(2,'products','published','2026-01-30 08:19:51','2026-01-30 08:19:51'),(3,'custom-production','published','2026-01-30 08:19:51','2026-01-30 08:19:51'),(4,'quality','published','2026-01-30 08:19:51','2026-01-30 08:19:51'),(5,'where-to-buy','published','2026-01-30 08:19:51','2026-01-30 08:19:51'),(6,'contacts','published','2026-01-30 08:19:51','2026-01-30 08:19:51'),(7,'about','published','2026-02-02 04:37:21','2026-02-02 04:37:21'),(8,'personal-data','published','2026-02-02 04:37:21','2026-02-02 04:37:21');
/*!40000 ALTER TABLE `pages` ENABLE KEYS */;
UNLOCK TABLES;

--
-- Table structure for table `partner_i18n`
--

DROP TABLE IF EXISTS `partner_i18n`;
/*!40101 SET @saved_cs_client     = @@character_set_client */;
/*!50503 SET character_set_client = utf8mb4 */;
CREATE TABLE `partner_i18n` (
  `id` int NOT NULL AUTO_INCREMENT,
  `partner_id` int NOT NULL,
  `locale` enum('ru','en') COLLATE utf8mb4_unicode_ci NOT NULL,
  `description` text COLLATE utf8mb4_unicode_ci NOT NULL,
  `created_at` datetime NOT NULL DEFAULT CURRENT_TIMESTAMP,
  `updated_at` datetime NOT NULL DEFAULT CURRENT_TIMESTAMP ON UPDATE CURRENT_TIMESTAMP,
  PRIMARY KEY (`id`),
  UNIQUE KEY `uniq_partner_locale` (`partner_id`,`locale`),
  CONSTRAINT `fk_partner_i18n` FOREIGN KEY (`partner_id`) REFERENCES `partners` (`id`) ON DELETE CASCADE
) ENGINE=InnoDB AUTO_INCREMENT=25 DEFAULT CHARSET=utf8mb4 COLLATE=utf8mb4_unicode_ci;
/*!40101 SET character_set_client = @saved_cs_client */;

--
-- Dumping data for table `partner_i18n`
--

LOCK TABLES `partner_i18n` WRITE;
/*!40000 ALTER TABLE `partner_i18n` DISABLE KEYS */;
INSERT INTO `partner_i18n` VALUES (1,1,'ru','«Системные Решения» — поставщик и интегратор электротехнической продукции, на сайте представлен ассортимент электротехнических брендов и отдельный раздел по System Power. Компания занимается электрощитовыми решениями и поставками оборудования, фокус на подборе, комплектации и поддержке клиентов. На витрине доступны бренды промышленного сегмента (ABB, DKC и др.), что подтверждает профиль B2B-поставок. Подходит как официальный канал закупки System Power с консультацией и сопровождением.','2026-01-30 08:19:51','2026-02-01 13:16:23'),(2,1,'en','System Solutions is a supplier and integrator of electrical products. The website showcases electrical brands and a dedicated System Power section. The company focuses on switchgear solutions, equipment supply, selection, and customer support. The assortment includes industrial brands, confirming a B2B profile. Suitable as an official procurement channel with consultation and support.','2026-01-30 08:19:51','2026-02-01 13:16:23'),(3,2,'ru','Компания занимается поставками электротехнического и светотехнического оборудования, а также электрощитовыми решениями. Указывается возможность изготовления электрощитового оборудования по индивидуальным проектам. Дополнительно заявлены комплексные услуги: доработка проектно-сметной документации, светотехнические расчеты, техсопровождение. Это делает партнера релевантным для B2B-заявок и комплексных поставок.','2026-01-30 08:19:51','2026-02-01 13:33:42'),(4,2,'en','The company supplies electrical and lighting equipment and switchgear solutions. It reports the ability to manufacture switchgear for custom projects. Additional services include design documentation adjustments, lighting calculations, and technical support. This makes the partner relevant for B2B requests and complex deliveries.','2026-01-30 08:19:51','2026-02-01 13:33:42'),(5,3,'ru','Строительный торговый дом «Петрович» — крупная российская компания по продаже товаров для строительства, ремонта и обустройства дома. Подходит для закупок через DIY-площадку с логистикой и широким ассортиментом. Как канал продаж дает доступ к аудитории частных мастеров, бригад и корпоративных клиентов.','2026-01-30 08:19:51','2026-02-01 13:16:23'),(6,3,'en','Petrovich is a large Russian building materials retailer. Suitable for purchases through a DIY platform with logistics and a wide assortment. As a sales channel it provides access to private contractors, crews, and corporate buyers.','2026-01-30 08:19:51','2026-02-01 13:16:23'),(7,4,'ru','«ВсеИнструменты.ру» позиционируется как онлайн-гипермаркет для профессионалов и бизнеса, ориентирован на строительство, производство и сферу услуг. В публичном описании заявлен масштаб каталога (до 2 млн товаров) и упор на сервис и логистику. Подходит как канал B2B-закупок с удобным поиском и поставкой.','2026-01-30 08:19:51','2026-02-01 13:16:23'),(8,4,'en','Vseinstrumenti.ru is positioned as an online hypermarket for professionals and businesses in construction, manufacturing, and services. Public descriptions highlight a large catalog and a focus on service and logistics. Suitable as a B2B purchasing channel with convenient search and delivery.','2026-01-30 08:19:51','2026-02-01 13:16:23'),(9,5,'ru','Авито — российская платформа объявлений (товары/услуги/недвижимость/работа), где размещаются как частные лица, так и компании. Канал полезен для охвата спроса и работы с клиентами, которые ищут по объявлениям и предложениям продавцов. Требуется контроль официальных карточек и единый бренд-стиль объявлений.','2026-01-30 08:19:51','2026-02-01 13:16:23'),(10,5,'en','Avito is a Russian classifieds platform where both individuals and companies list products and services. It is useful for demand capture and for working with customers who search listings and seller offers. Requires control of official listings and consistent brand styling.','2026-01-30 08:19:51','2026-02-01 13:16:23'),(11,6,'ru','Smart-shop.pro — интернет-магазин электротехнической продукции, ориентирован на оптовые продажи для юрлиц и ИП, заявляет быструю доставку и сервис подбора аналогов. Позиционируется как официальный дистрибьютор электротехнического и инженерного оборудования. Подходит как канал профессиональных закупок.','2026-01-30 08:19:51','2026-02-01 13:16:23'),(12,6,'en','Smart-shop.pro is an online electrical equipment store focused on wholesale for businesses and entrepreneurs, offering fast delivery and selection of analogs. It positions itself as an official distributor of electrical and engineering equipment. Suitable as a professional procurement channel.','2026-01-30 08:19:51','2026-02-01 13:16:23');
/*!40000 ALTER TABLE `partner_i18n` ENABLE KEYS */;
UNLOCK TABLES;

--
-- Table structure for table `partners`
--

DROP TABLE IF EXISTS `partners`;
/*!40101 SET @saved_cs_client     = @@character_set_client */;
/*!50503 SET character_set_client = utf8mb4 */;
CREATE TABLE `partners` (
  `id` int NOT NULL AUTO_INCREMENT,
  `type` enum('distributor','marketplace') COLLATE utf8mb4_unicode_ci NOT NULL,
  `name` varchar(255) COLLATE utf8mb4_unicode_ci NOT NULL,
  `city` varchar(120) COLLATE utf8mb4_unicode_ci DEFAULT NULL,
  `url` varchar(255) COLLATE utf8mb4_unicode_ci NOT NULL,
  `sort_order` int NOT NULL DEFAULT '0',
  `is_active` tinyint(1) NOT NULL DEFAULT '1',
  `created_at` datetime NOT NULL DEFAULT CURRENT_TIMESTAMP,
  `updated_at` datetime NOT NULL DEFAULT CURRENT_TIMESTAMP ON UPDATE CURRENT_TIMESTAMP,
  `logo_small_media_id` int DEFAULT NULL,
  `logo_large_media_id` int DEFAULT NULL,
  `logo_media_id` int DEFAULT NULL,
  PRIMARY KEY (`id`)
) ENGINE=InnoDB AUTO_INCREMENT=7 DEFAULT CHARSET=utf8mb4 COLLATE=utf8mb4_unicode_ci;
/*!40101 SET character_set_client = @saved_cs_client */;

--
-- Dumping data for table `partners`
--

LOCK TABLES `partners` WRITE;
/*!40000 ALTER TABLE `partners` DISABLE KEYS */;
INSERT INTO `partners` VALUES (1,'distributor','Системные Решения','Смоленск','https://sissol.ru',10,1,'2026-01-30 08:19:51','2026-02-01 13:16:23',74,75,74),(2,'distributor','Аргумент Энерго','Москва','https://a-energ.ru',20,1,'2026-01-30 08:19:51','2026-02-01 13:33:42',76,86,86),(3,'marketplace','Петрович',NULL,'https://petrovich.ru',30,1,'2026-01-30 08:19:51','2026-02-01 13:16:23',78,79,78),(4,'marketplace','ВсеИнструменты.ру',NULL,'https://vseinstrumenti.ru',40,1,'2026-01-30 08:19:51','2026-02-01 13:16:23',80,81,80),(5,'marketplace','Авито',NULL,'https://avito.ru',50,1,'2026-01-30 08:19:51','2026-02-01 13:16:23',82,83,82),(6,'marketplace','Smart-shop.pro',NULL,'https://smart-shop.pro',60,1,'2026-01-30 08:19:51','2026-02-01 13:16:23',84,85,84);
/*!40000 ALTER TABLE `partners` ENABLE KEYS */;
UNLOCK TABLES;

--
-- Table structure for table `product_i18n`
--

DROP TABLE IF EXISTS `product_i18n`;
/*!40101 SET @saved_cs_client     = @@character_set_client */;
/*!50503 SET character_set_client = utf8mb4 */;
CREATE TABLE `product_i18n` (
  `id` int NOT NULL AUTO_INCREMENT,
  `product_id` int NOT NULL,
  `locale` enum('ru','en') COLLATE utf8mb4_unicode_ci NOT NULL,
  `name` varchar(255) COLLATE utf8mb4_unicode_ci NOT NULL,
  `short_description` text COLLATE utf8mb4_unicode_ci NOT NULL,
  `description` longtext COLLATE utf8mb4_unicode_ci NOT NULL,
  `is_html` tinyint(1) NOT NULL DEFAULT '0',
  `created_at` datetime NOT NULL DEFAULT CURRENT_TIMESTAMP,
  `updated_at` datetime NOT NULL DEFAULT CURRENT_TIMESTAMP ON UPDATE CURRENT_TIMESTAMP,
  PRIMARY KEY (`id`),
  UNIQUE KEY `uniq_product_locale` (`product_id`,`locale`),
  CONSTRAINT `fk_product_i18n` FOREIGN KEY (`product_id`) REFERENCES `products` (`id`) ON DELETE CASCADE
) ENGINE=InnoDB AUTO_INCREMENT=73 DEFAULT CHARSET=utf8mb4 COLLATE=utf8mb4_unicode_ci;
/*!40101 SET character_set_client = @saved_cs_client */;

--
-- Dumping data for table `product_i18n`
--

LOCK TABLES `product_i18n` WRITE;
/*!40000 ALTER TABLE `product_i18n` DISABLE KEYS */;
INSERT INTO `product_i18n` VALUES (1,1,'ru','Напольный лючок на 2 модуля (одну розетку 45x45) IP54 System Power SP01-0102','','Напольный лючок серии SP01-01 — это удобное и безопасное решение для размещения электропроводки и слаботочных кабелей внутри помещений. Идеально подходит для жилых, офисных и коммерческих пространств. Корпус люка изготовлен из прочной стали и оснащён штампованными отверстиями под трубы диаметром M25. По запросу доступны варианты из алюминия или нержавеющей стали — под любые условия эксплуатации.Технические характеристикиСтепень защиты IP54: надёжная защита от пыли и кратковременной влагиВместимость:— 1 розетка формата 45×45 мм— или 2 модуля 22.5×45 ммВарианты поставки:— с предустановленными розетками 220 В— без комплектации — для индивидуальной сборкиСовместимость:— модули 220 В, RJ45, ТВ и другие стандартные подключения— одна стандартная розетка 220 В = два модуляПреимуществаРегулируемая высота лючка до 20 ммПолная совместимость с модульными решениями типа Mosaic®Возможность изготовления под конкретные задачиШирокий выбор конфигураций — до 32 установочных местИдеально подходит для любых интерьеров и типов помещений',1,'2026-01-30 09:17:56','2026-01-30 09:17:56'),(2,1,'en','Напольный лючок на 2 модуля (одну розетку 45x45) IP54 System Power SP01-0102','','Напольный лючок серии SP01-01 — это удобное и безопасное решение для размещения электропроводки и слаботочных кабелей внутри помещений. Идеально подходит для жилых, офисных и коммерческих пространств. Корпус люка изготовлен из прочной стали и оснащён штампованными отверстиями под трубы диаметром M25. По запросу доступны варианты из алюминия или нержавеющей стали — под любые условия эксплуатации.Технические характеристикиСтепень защиты IP54: надёжная защита от пыли и кратковременной влагиВместимость:— 1 розетка формата 45×45 мм— или 2 модуля 22.5×45 ммВарианты поставки:— с предустановленными розетками 220 В— без комплектации — для индивидуальной сборкиСовместимость:— модули 220 В, RJ45, ТВ и другие стандартные подключения— одна стандартная розетка 220 В = два модуляПреимуществаРегулируемая высота лючка до 20 ммПолная совместимость с модульными решениями типа Mosaic®Возможность изготовления под конкретные задачиШирокий выбор конфигураций — до 32 установочных местИдеально подходит для любых интерьеров и типов помещений',1,'2026-01-30 09:17:56','2026-01-30 09:17:56'),(3,2,'ru','Напольный лючок на 4 модуля (2 розетки 45x45) IP54 System Power SP01-0104','','Напольный лючок серии SP01-01 — это удобное и безопасное решение для размещения электропроводки и слаботочных кабелей внутри помещений. Идеально подходит для жилых, офисных и коммерческих пространств. Корпус люка изготовлен из прочной стали и оснащён штампованными отверстиями под трубы диаметром M25. По запросу доступны варианты из алюминия или нержавеющей стали — под любые условия эксплуатации.Технические характеристикиСтепень защиты IP54: надёжная защита от пыли и кратковременной влагиВместимость:— до 2 розеток формата 45×45 мм— или до 4 модулей 22.5×45 ммВарианты поставки:— с предустановленными розетками 220 В— без комплектации — для индивидуальной сборкиСовместимость:— модули 220 В, RJ45, ТВ и другие стандартные подключения— одна стандартная розетка 220 В = два модуляГабариты: 150х200х120 ммПреимуществаРегулируемая высота лючка до 20 ммПолная совместимость с модульными решениями типа Mosaic®Возможность изготовления под конкретные задачиШирокий выбор конфигураций — до 32 установочных местИдеально подходит для любых интерьеров и типов помещений',1,'2026-01-30 09:17:56','2026-01-30 09:17:56'),(4,2,'en','Напольный лючок на 4 модуля (2 розетки 45x45) IP54 System Power SP01-0104','','Напольный лючок серии SP01-01 — это удобное и безопасное решение для размещения электропроводки и слаботочных кабелей внутри помещений. Идеально подходит для жилых, офисных и коммерческих пространств. Корпус люка изготовлен из прочной стали и оснащён штампованными отверстиями под трубы диаметром M25. По запросу доступны варианты из алюминия или нержавеющей стали — под любые условия эксплуатации.Технические характеристикиСтепень защиты IP54: надёжная защита от пыли и кратковременной влагиВместимость:— до 2 розеток формата 45×45 мм— или до 4 модулей 22.5×45 ммВарианты поставки:— с предустановленными розетками 220 В— без комплектации — для индивидуальной сборкиСовместимость:— модули 220 В, RJ45, ТВ и другие стандартные подключения— одна стандартная розетка 220 В = два модуляГабариты: 150х200х120 ммПреимуществаРегулируемая высота лючка до 20 ммПолная совместимость с модульными решениями типа Mosaic®Возможность изготовления под конкретные задачиШирокий выбор конфигураций — до 32 установочных местИдеально подходит для любых интерьеров и типов помещений',1,'2026-01-30 09:17:56','2026-01-30 09:17:56'),(5,3,'ru','Напольный лючок на 6 модулей (3 розетки 45x45) IP54 System Power SP01-0106','','Напольный лючок серии SP01-01 — это удобное и безопасное решение для размещения электропроводки и слаботочных кабелей внутри помещений. Идеально подходит для жилых, офисных и коммерческих пространств. Корпус люка изготовлен из прочной стали и оснащён штампованными отверстиями под трубы диаметром M25. По запросу доступны варианты из алюминия или нержавеющей стали — под любые условия эксплуатации.Технические характеристикиСтепень защиты IP54: надёжная защита от пыли и кратковременной влагиВместимость:— до 3 розеток формата 45×45 мм— или до 6 модулей 22.5×45 ммВарианты поставки:— с предустановленными розетками 220 В— без комплектации — для индивидуальной сборкиСовместимость:— модули 220 В, RJ45, ТВ и другие стандартные подключения— одна стандартная розетка 220 В = два модуляПреимуществаРегулируемая высота лючка до 20 ммПолная совместимость с модульными решениями типа Mosaic®Возможность изготовления под конкретные задачиШирокий выбор конфигураций — до 32 установочных местИдеально подходит для любых интерьеров и типов помещений',1,'2026-01-30 09:17:56','2026-01-30 09:17:56'),(6,3,'en','Напольный лючок на 6 модулей (3 розетки 45x45) IP54 System Power SP01-0106','','Напольный лючок серии SP01-01 — это удобное и безопасное решение для размещения электропроводки и слаботочных кабелей внутри помещений. Идеально подходит для жилых, офисных и коммерческих пространств. Корпус люка изготовлен из прочной стали и оснащён штампованными отверстиями под трубы диаметром M25. По запросу доступны варианты из алюминия или нержавеющей стали — под любые условия эксплуатации.Технические характеристикиСтепень защиты IP54: надёжная защита от пыли и кратковременной влагиВместимость:— до 3 розеток формата 45×45 мм— или до 6 модулей 22.5×45 ммВарианты поставки:— с предустановленными розетками 220 В— без комплектации — для индивидуальной сборкиСовместимость:— модули 220 В, RJ45, ТВ и другие стандартные подключения— одна стандартная розетка 220 В = два модуляПреимуществаРегулируемая высота лючка до 20 ммПолная совместимость с модульными решениями типа Mosaic®Возможность изготовления под конкретные задачиШирокий выбор конфигураций — до 32 установочных местИдеально подходит для любых интерьеров и типов помещений',1,'2026-01-30 09:17:56','2026-01-30 09:17:56'),(7,4,'ru','Напольный лючок на 8 модулей (4 розетки 45x45) IP54 System Power SP01-0108','','Напольный лючок серии SP01-01 — это удобное и безопасное решение для размещения электропроводки и слаботочных кабелей внутри помещений. Идеально подходит для жилых, офисных и коммерческих пространств. Корпус люка изготовлен из прочной стали и оснащён штампованными отверстиями под трубы диаметром M25. По запросу доступны варианты из алюминия или нержавеющей стали — под любые условия эксплуатации.Технические характеристикиСтепень защиты IP54: надёжная защита от пыли и кратковременной влагиВместимость:— до 4 розеток формата 45×45 мм— или до 8 модулей 22.5×45 ммВарианты поставки:— с предустановленными розетками 220 В— без комплектации — для индивидуальной сборкиСовместимость:— модули 220 В, RJ45, ТВ и другие стандартные подключения— одна стандартная розетка 220 В = два модуляГабариты: 200х200х120 ммПреимуществаРегулируемая высота лючка до 20 ммПолная совместимость с модульными решениями типа Mosaic®Возможность изготовления под конкретные задачиШирокий выбор конфигураций — до 32 установочных местИдеально подходит для любых интерьеров и типов помещений',1,'2026-01-30 09:17:56','2026-01-30 09:17:56'),(8,4,'en','Напольный лючок на 8 модулей (4 розетки 45x45) IP54 System Power SP01-0108','','Напольный лючок серии SP01-01 — это удобное и безопасное решение для размещения электропроводки и слаботочных кабелей внутри помещений. Идеально подходит для жилых, офисных и коммерческих пространств. Корпус люка изготовлен из прочной стали и оснащён штампованными отверстиями под трубы диаметром M25. По запросу доступны варианты из алюминия или нержавеющей стали — под любые условия эксплуатации.Технические характеристикиСтепень защиты IP54: надёжная защита от пыли и кратковременной влагиВместимость:— до 4 розеток формата 45×45 мм— или до 8 модулей 22.5×45 ммВарианты поставки:— с предустановленными розетками 220 В— без комплектации — для индивидуальной сборкиСовместимость:— модули 220 В, RJ45, ТВ и другие стандартные подключения— одна стандартная розетка 220 В = два модуляГабариты: 200х200х120 ммПреимуществаРегулируемая высота лючка до 20 ммПолная совместимость с модульными решениями типа Mosaic®Возможность изготовления под конкретные задачиШирокий выбор конфигураций — до 32 установочных местИдеально подходит для любых интерьеров и типов помещений',1,'2026-01-30 09:17:56','2026-01-30 09:17:56'),(9,5,'ru','Напольный лючок на 12 модулей (6 розеток 45x45) IP54 System Power SP01-0112','','Напольный лючок серии SP01-01 — это удобное и безопасное решение для размещения электропроводки и слаботочных кабелей внутри помещений. Идеально подходит для жилых, офисных и коммерческих пространств. Корпус люка изготовлен из прочной стали и оснащён штампованными отверстиями под трубы диаметром M25. По запросу доступны варианты из алюминия или нержавеющей стали — под любые условия эксплуатации.Технические характеристикиСтепень защиты IP54: надёжная защита от пыли и кратковременной влагиВместимость:— до 6 розеток формата 45×45 мм— или до 12 модулей 22.5×45 ммВарианты поставки:— с предустановленными розетками 220 В— без комплектации — для индивидуальной сборкиСовместимость:— модули 220 В, RJ45, ТВ и другие стандартные подключения— одна стандартная розетка 220 В = два модуляГабариты: 200х245х120 ммПреимуществаРегулируемая высота лючка до 20 ммПолная совместимость с модульными решениями типа Mosaic®Возможность изготовления под конкретные задачиШирокий выбор конфигураций — до 32 установочных местИдеально подходит для любых интерьеров и типов помещений',1,'2026-01-30 09:17:56','2026-01-30 09:17:56'),(10,5,'en','Напольный лючок на 12 модулей (6 розеток 45x45) IP54 System Power SP01-0112','','Напольный лючок серии SP01-01 — это удобное и безопасное решение для размещения электропроводки и слаботочных кабелей внутри помещений. Идеально подходит для жилых, офисных и коммерческих пространств. Корпус люка изготовлен из прочной стали и оснащён штампованными отверстиями под трубы диаметром M25. По запросу доступны варианты из алюминия или нержавеющей стали — под любые условия эксплуатации.Технические характеристикиСтепень защиты IP54: надёжная защита от пыли и кратковременной влагиВместимость:— до 6 розеток формата 45×45 мм— или до 12 модулей 22.5×45 ммВарианты поставки:— с предустановленными розетками 220 В— без комплектации — для индивидуальной сборкиСовместимость:— модули 220 В, RJ45, ТВ и другие стандартные подключения— одна стандартная розетка 220 В = два модуляГабариты: 200х245х120 ммПреимуществаРегулируемая высота лючка до 20 ммПолная совместимость с модульными решениями типа Mosaic®Возможность изготовления под конкретные задачиШирокий выбор конфигураций — до 32 установочных местИдеально подходит для любых интерьеров и типов помещений',1,'2026-01-30 09:17:56','2026-01-30 09:17:56'),(11,6,'ru','Лючок-невидимка в пол на 2 модуля (одну розетку 45x45) IP54 System Power SP01-0202','','Напольный люк для электрики скрытой установки — идеальное решение для безопасного доступа к электропроводке и кабельным каналам в помещении. Он может быть интегрирован в любой интерьер благодаря возможности скрытой установки. Все лючки серии SP01-02 System Power обладают защитой IP54, что гарантирует защиту от пыли и кратковременных струй воды.ВАЖНО: Два модуля это одна стандартная розетка 220V.Корпус выполнен из cтали и имеет штампованные отверстия для ввода труб (M25).Совместимость: В данный люк можно установить два модуля с габаритами 45x45 мм (справочно: два модуля это может быть розетка габаритов 45x45 либо модуль RJ45 с габаритами 22.5x45 мм. каждый). В наполнение лючка входят силовые розетки 220V. Есть возможность замены на другие розетки (RJ45, ТВ и т.д).В базовой комплектации изготовлен из стали. Существует возможность изготовления из алюминия',1,'2026-01-30 09:17:56','2026-01-30 09:17:56'),(12,6,'en','Лючок-невидимка в пол на 2 модуля (одну розетку 45x45) IP54 System Power SP01-0202','','Напольный люк для электрики скрытой установки — идеальное решение для безопасного доступа к электропроводке и кабельным каналам в помещении. Он может быть интегрирован в любой интерьер благодаря возможности скрытой установки. Все лючки серии SP01-02 System Power обладают защитой IP54, что гарантирует защиту от пыли и кратковременных струй воды.ВАЖНО: Два модуля это одна стандартная розетка 220V.Корпус выполнен из cтали и имеет штампованные отверстия для ввода труб (M25).Совместимость: В данный люк можно установить два модуля с габаритами 45x45 мм (справочно: два модуля это может быть розетка габаритов 45x45 либо модуль RJ45 с габаритами 22.5x45 мм. каждый). В наполнение лючка входят силовые розетки 220V. Есть возможность замены на другие розетки (RJ45, ТВ и т.д).В базовой комплектации изготовлен из стали. Существует возможность изготовления из алюминия',1,'2026-01-30 09:17:57','2026-01-30 09:17:57'),(13,7,'ru','Лючок-невидимка в пол на 6 модулей (3 розетки 45x45) IP54 System Power SP01-0206','','Напольный люк для электрики скрытой установки — идеальное решение для безопасного доступа к электропроводке и кабельным каналам в помещении. Он может быть интегрирован в любой интерьер благодаря возможности скрытой установки. Все лючки серии SP01-02 System Power обладают защитой IP54, что гарантирует защиту от пыли и кратковременных струй воды.ВАЖНО: Два модуля это одна стандартная розетка 220V.Корпус выполнен из cтали и имеет штампованные отверстия для ввода труб (M25).Совместимость: В данный люк можно установить шесть модулей с габаритами 45x45 мм (справочно: два модуля это может быть розетка габаритов 45x45 либо модуль RJ45 с габаритами 22.5x45 мм. каждый). В наполнение лючка входят силовые розетки 220V. Есть возможность замены на другие розетки (RJ45, ТВ и т.д).В базовой комплектации изготовлен из стали. Существует возможность изготовления из алюминия',1,'2026-01-30 09:17:57','2026-01-30 09:17:57'),(14,7,'en','Лючок-невидимка в пол на 6 модулей (3 розетки 45x45) IP54 System Power SP01-0206','','Напольный люк для электрики скрытой установки — идеальное решение для безопасного доступа к электропроводке и кабельным каналам в помещении. Он может быть интегрирован в любой интерьер благодаря возможности скрытой установки. Все лючки серии SP01-02 System Power обладают защитой IP54, что гарантирует защиту от пыли и кратковременных струй воды.ВАЖНО: Два модуля это одна стандартная розетка 220V.Корпус выполнен из cтали и имеет штампованные отверстия для ввода труб (M25).Совместимость: В данный люк можно установить шесть модулей с габаритами 45x45 мм (справочно: два модуля это может быть розетка габаритов 45x45 либо модуль RJ45 с габаритами 22.5x45 мм. каждый). В наполнение лючка входят силовые розетки 220V. Есть возможность замены на другие розетки (RJ45, ТВ и т.д).В базовой комплектации изготовлен из стали. Существует возможность изготовления из алюминия',1,'2026-01-30 09:17:57','2026-01-30 09:17:57'),(15,8,'ru','Напольный лючок-невидимка на 8 модулей (4 розетки 45x45) IP54 System Power SP01-0208','','Серия System Power SP01-02 — это решение для тех, кто ценит удобный и безопасный доступ к электропроводке и слаботочным кабелям внутри помещений. Люк этой серии легко встраивается в конструкцию пола и благодаря скрытому монтажу органично вписывается в любой интерьер, не нарушая его эстетики. Идеально подходит для жилых, офисных и коммерческих пространств. Корпус люка изготовлен из прочной стали и оснащён штампованными отверстиями под трубы диаметром M25. По запросу доступны варианты из алюминия или нержавеющей стали — под любые условия эксплуатации.Технические характеристикиСтепень защиты IP54: надёжная защита от пыли и кратковременной влагиГабариты: 200x200x120 ммВместимость:— до 4 розеток формата 45×45 мм— или до 8 модулей 22.5×45 ммВарианты поставки:— с предустановленными розетками 220 В— без комплектации — для индивидуальной сборкиСовместимость:— модули 220 В, RJ45, ТВ и другие стандартные подключения— одна стандартная розетка 220 В = два модуляПреимуществаИзменяемая глубина установки лючка — до 20 мм (регулируемая высота)Полная совместимость с модульными решениями типа Mosaic®Возможность изготовления под конкретные задачиШирокий выбор конфигураций — до 32 установочных местИдеально подходит для любых интерьеров и типов помещений',1,'2026-01-30 09:17:57','2026-01-30 09:17:57'),(16,8,'en','Напольный лючок-невидимка на 8 модулей (4 розетки 45x45) IP54 System Power SP01-0208','','Серия System Power SP01-02 — это решение для тех, кто ценит удобный и безопасный доступ к электропроводке и слаботочным кабелям внутри помещений. Люк этой серии легко встраивается в конструкцию пола и благодаря скрытому монтажу органично вписывается в любой интерьер, не нарушая его эстетики. Идеально подходит для жилых, офисных и коммерческих пространств. Корпус люка изготовлен из прочной стали и оснащён штампованными отверстиями под трубы диаметром M25. По запросу доступны варианты из алюминия или нержавеющей стали — под любые условия эксплуатации.Технические характеристикиСтепень защиты IP54: надёжная защита от пыли и кратковременной влагиГабариты: 200x200x120 ммВместимость:— до 4 розеток формата 45×45 мм— или до 8 модулей 22.5×45 ммВарианты поставки:— с предустановленными розетками 220 В— без комплектации — для индивидуальной сборкиСовместимость:— модули 220 В, RJ45, ТВ и другие стандартные подключения— одна стандартная розетка 220 В = два модуляПреимуществаИзменяемая глубина установки лючка — до 20 мм (регулируемая высота)Полная совместимость с модульными решениями типа Mosaic®Возможность изготовления под конкретные задачиШирокий выбор конфигураций — до 32 установочных местИдеально подходит для любых интерьеров и типов помещений',1,'2026-01-30 09:17:57','2026-01-30 09:17:57'),(17,9,'ru','Напольный лючок-невидимка на 12 модулей (6 розеток 45x45) IP54 System Power SP01-0212','','Серия System Power SP01-02 — это решение для тех, кто ценит удобный и безопасный доступ к электропроводке и слаботочным кабелям внутри помещений. Люк этой серии легко встраивается в конструкцию пола и благодаря скрытому монтажу органично вписывается в любой интерьер, не нарушая его эстетики. Идеально подходит для жилых, офисных и коммерческих пространств. Корпус люка изготовлен из прочной стали и оснащён штампованными отверстиями под трубы диаметром M25. По запросу доступны варианты из алюминия или нержавеющей стали — под любые условия эксплуатации.Технические характеристикиСтепень защиты IP54: надёжная защита от пыли и кратковременной влагиГабариты: 200x245x120 ммВместимость:— до 6 розеток формата 45×45 мм— или до 12 модулей 22.5×45 ммВарианты поставки:— с предустановленными розетками 220 В— без комплектации — для индивидуальной сборкиСовместимость:— модули 220 В, RJ45, ТВ и другие стандартные подключения— одна стандартная розетка 220 В = два модуляПреимуществаИзменяемая глубина установки лючка — до 20 мм (регулируемая высота)Полная совместимость с модульными решениями типа Mosaic®Возможность изготовления под конкретные задачиШирокий выбор конфигураций — до 32 установочных местИдеально подходит для любых интерьеров и типов помещений',1,'2026-01-30 09:17:57','2026-01-30 09:17:57'),(18,9,'en','Напольный лючок-невидимка на 12 модулей (6 розеток 45x45) IP54 System Power SP01-0212','','Серия System Power SP01-02 — это решение для тех, кто ценит удобный и безопасный доступ к электропроводке и слаботочным кабелям внутри помещений. Люк этой серии легко встраивается в конструкцию пола и благодаря скрытому монтажу органично вписывается в любой интерьер, не нарушая его эстетики. Идеально подходит для жилых, офисных и коммерческих пространств. Корпус люка изготовлен из прочной стали и оснащён штампованными отверстиями под трубы диаметром M25. По запросу доступны варианты из алюминия или нержавеющей стали — под любые условия эксплуатации.Технические характеристикиСтепень защиты IP54: надёжная защита от пыли и кратковременной влагиГабариты: 200x245x120 ммВместимость:— до 6 розеток формата 45×45 мм— или до 12 модулей 22.5×45 ммВарианты поставки:— с предустановленными розетками 220 В— без комплектации — для индивидуальной сборкиСовместимость:— модули 220 В, RJ45, ТВ и другие стандартные подключения— одна стандартная розетка 220 В = два модуляПреимуществаИзменяемая глубина установки лючка — до 20 мм (регулируемая высота)Полная совместимость с модульными решениями типа Mosaic®Возможность изготовления под конкретные задачиШирокий выбор конфигураций — до 32 установочных местИдеально подходит для любых интерьеров и типов помещений',1,'2026-01-30 09:17:57','2026-01-30 09:17:57'),(19,10,'ru','Напольный лючок-невидимка на 4 модуля (2 розетки 45x45) IP54 System Power SP01-0204','','Серия System Power SP01-02 — это решение для тех, кто ценит удобный и безопасный доступ к электропроводке и слаботочным кабелям внутри помещений. Люк этой серии легко встраивается в конструкцию пола и благодаря скрытому монтажу органично вписывается в любой интерьер, не нарушая его эстетики. Идеально подходит для жилых, офисных и коммерческих пространств. Корпус люка изготовлен из прочной стали и оснащён штампованными отверстиями под трубы диаметром M25. По запросу доступны варианты из алюминия или нержавеющей стали — под любые условия эксплуатации.Технические характеристикиСтепень защиты IP54: надёжная защита от пыли и кратковременной влагиГабариты: 150x200x120 ммВместимость:— до 2 розеток формата 45×45 мм— или до 4 модулей 22.5×45 ммВарианты поставки:— с предустановленными розетками 220 В— без комплектации — для индивидуальной сборкиСовместимость:— модули 220 В, RJ45, ТВ и другие стандартные подключения— одна стандартная розетка 220 В = два модуляПреимуществаИзменяемая глубина установки лючка — до 20 мм (регулируемая высота)Полная совместимость с модульными решениями типа Mosaic®Возможность изготовления под конкретные задачиШирокий выбор конфигураций — до 32 установочных местИдеально подходит для любых интерьеров и типов помещений',1,'2026-01-30 09:17:57','2026-01-30 09:17:57'),(20,10,'en','Напольный лючок-невидимка на 4 модуля (2 розетки 45x45) IP54 System Power SP01-0204','','Серия System Power SP01-02 — это решение для тех, кто ценит удобный и безопасный доступ к электропроводке и слаботочным кабелям внутри помещений. Люк этой серии легко встраивается в конструкцию пола и благодаря скрытому монтажу органично вписывается в любой интерьер, не нарушая его эстетики. Идеально подходит для жилых, офисных и коммерческих пространств. Корпус люка изготовлен из прочной стали и оснащён штампованными отверстиями под трубы диаметром M25. По запросу доступны варианты из алюминия или нержавеющей стали — под любые условия эксплуатации.Технические характеристикиСтепень защиты IP54: надёжная защита от пыли и кратковременной влагиГабариты: 150x200x120 ммВместимость:— до 2 розеток формата 45×45 мм— или до 4 модулей 22.5×45 ммВарианты поставки:— с предустановленными розетками 220 В— без комплектации — для индивидуальной сборкиСовместимость:— модули 220 В, RJ45, ТВ и другие стандартные подключения— одна стандартная розетка 220 В = два модуляПреимуществаИзменяемая глубина установки лючка — до 20 мм (регулируемая высота)Полная совместимость с модульными решениями типа Mosaic®Возможность изготовления под конкретные задачиШирокий выбор конфигураций — до 32 установочных местИдеально подходит для любых интерьеров и типов помещений',1,'2026-01-30 09:17:57','2026-01-30 09:17:57'),(21,11,'ru','Лючок в пол на 2 модуля (одну розетку 45x45) IP54 System Power SP01-0302','','Напольный люк для электрики из стали — идеальное решение для безопасного доступа к электропроводке и кабельным каналам в помещении. Он может быть интегрирован в любой интерьер благодаря возможности скрытой установки. Все лючки серии SP01-03 System Power обладают защитой IP54..ВАЖНО: Два модуля это одна стандартная розетка 220V.Корпус выполнен из cтали и имеет штампованные отверстия для ввода труб (M25).Совместимость: В данный люк можно установить два модуля с габаритами 45x45 мм (справочно: два модуля это может быть розетка габаритов 45x45 либо модуль RJ45 с габаритами 22.5x45 мм. каждый). В наполнение лючка входят силовые розетки 220V. Есть возможность замены на другие розетки (RJ45, ТВ и т.д).В базовой комплектации изготовлен из стали. Существует возможность изготовления из алюминия',1,'2026-01-30 09:17:57','2026-02-02 04:37:21'),(22,11,'en','Лючок в пол на 2 модуля (одну розетку 45x45) IP54 System Power SP01-0302','','Напольный люк для электрики из стали — идеальное решение для безопасного доступа к электропроводке и кабельным каналам в помещении. Он может быть интегрирован в любой интерьер благодаря возможности скрытой установки. Все лючки серии SP01-03 System Power обладают защитой IP54..ВАЖНО: Два модуля это одна стандартная розетка 220V.Корпус выполнен из cтали и имеет штампованные отверстия для ввода труб (M25).Совместимость: В данный люк можно установить два модуля с габаритами 45x45 мм (справочно: два модуля это может быть розетка габаритов 45x45 либо модуль RJ45 с габаритами 22.5x45 мм. каждый). В наполнение лючка входят силовые розетки 220V. Есть возможность замены на другие розетки (RJ45, ТВ и т.д).В базовой комплектации изготовлен из стали. Существует возможность изготовления из алюминия',1,'2026-01-30 09:17:57','2026-02-02 04:37:21'),(23,12,'ru','Лючок в пол на 4 модуля (2 розетки 45x45) IP54 System Power SP01-0304','','Напольный люк для электрики — идеальное решение для безопасного доступа к электропроводке и кабельным каналам в помещении. Он может быть интегрирован в любой интерьер благодаря возможности скрытой установки. Все лючки серии SP01-03 System Power обладают защитой IP54.ВАЖНО: Два модуля это одна стандартная розетка 220V.Корпус выполнен из cтали и имеет штампованные отверстия для ввода труб (M25).Совместимость: В данный люк можно установить четыре модуля с габаритами 45x45 мм (справочно: два модуля это может быть розетка габаритов 45x45 либо модуль RJ45 с габаритами 22.5x45 мм. каждый). В наполнение лючка входят силовые розетки 220V. Есть возможность замены на другие розетки (RJ45, ТВ и т.д).В базовой комплектации изготовлен из стали. Существует возможность изготовления из алюминия',1,'2026-01-30 09:17:57','2026-02-02 04:37:21'),(24,12,'en','Лючок в пол на 4 модуля (2 розетки 45x45) IP54 System Power SP01-0304','','Напольный люк для электрики — идеальное решение для безопасного доступа к электропроводке и кабельным каналам в помещении. Он может быть интегрирован в любой интерьер благодаря возможности скрытой установки. Все лючки серии SP01-03 System Power обладают защитой IP54.ВАЖНО: Два модуля это одна стандартная розетка 220V.Корпус выполнен из cтали и имеет штампованные отверстия для ввода труб (M25).Совместимость: В данный люк можно установить четыре модуля с габаритами 45x45 мм (справочно: два модуля это может быть розетка габаритов 45x45 либо модуль RJ45 с габаритами 22.5x45 мм. каждый). В наполнение лючка входят силовые розетки 220V. Есть возможность замены на другие розетки (RJ45, ТВ и т.д).В базовой комплектации изготовлен из стали. Существует возможность изготовления из алюминия',1,'2026-01-30 09:17:57','2026-02-02 04:37:21'),(25,13,'ru','Лючок в пол на 6 модулей (3 розетки 45x45) IP54 System Power SP01-0306','','Напольный люк для электрики — идеальное решение для безопасного доступа к электропроводке и кабельным каналам в помещении. Он может быть интегрирован в любой интерьер благодаря возможности скрытой установки. Все лючки серии SP01-03 System Power обладают защитой IP54.ВАЖНО: Два модуля это одна стандартная розетка 220V.Корпус выполнен из cтали и имеет штампованные отверстия для ввода труб (M25).Совместимость: В данный люк можно установить шесть модулей с габаритами 45x45 мм (справочно: два модуля это может быть розетка габаритов 45x45 либо модуль RJ45 с габаритами 22.5x45 мм. каждый). В наполнение лючка входят силовые розетки 220V. Есть возможность замены на другие розетки (RJ45, ТВ и т.д).В базовой комплектации изготовлен из стали. Существует возможность изготовления из алюминия',1,'2026-01-30 09:17:57','2026-02-02 04:37:21'),(26,13,'en','Лючок в пол на 6 модулей (3 розетки 45x45) IP54 System Power SP01-0306','','Напольный люк для электрики — идеальное решение для безопасного доступа к электропроводке и кабельным каналам в помещении. Он может быть интегрирован в любой интерьер благодаря возможности скрытой установки. Все лючки серии SP01-03 System Power обладают защитой IP54.ВАЖНО: Два модуля это одна стандартная розетка 220V.Корпус выполнен из cтали и имеет штампованные отверстия для ввода труб (M25).Совместимость: В данный люк можно установить шесть модулей с габаритами 45x45 мм (справочно: два модуля это может быть розетка габаритов 45x45 либо модуль RJ45 с габаритами 22.5x45 мм. каждый). В наполнение лючка входят силовые розетки 220V. Есть возможность замены на другие розетки (RJ45, ТВ и т.д).В базовой комплектации изготовлен из стали. Существует возможность изготовления из алюминия',1,'2026-01-30 09:17:57','2026-02-02 04:37:21'),(27,14,'ru','Лючок в пол на 8 модулей (4 розетки 45x45) IP54 System Power SP01-0308','','Напольный люк для электрики — идеальное решение для безопасного доступа к электропроводке и кабельным каналам в помещении. Он может быть интегрирован в любой интерьер благодаря возможности скрытой установки. Все лючки серии SP01-03 System Power обладают защитой IP54.ВАЖНО: Два модуля это одна стандартная розетка 220V.Корпус выполнен из cтали и имеет штампованные отверстия для ввода труб (M25).Совместимость: В данный люк можно установить шесть модулей с габаритами 45x45 мм (справочно: два модуля это может быть розетка габаритов 45x45 либо модуль RJ45 с габаритами 22.5x45 мм. каждый). В наполнение лючка входят силовые розетки 220V. Есть возможность замены на другие розетки (RJ45, ТВ и т.д).В базовой комплектации изготовлен из стали. Существует возможность изготовления из алюминия',1,'2026-01-30 09:17:57','2026-02-02 04:37:21'),(28,14,'en','Лючок в пол на 8 модулей (4 розетки 45x45) IP54 System Power SP01-0308','','Напольный люк для электрики — идеальное решение для безопасного доступа к электропроводке и кабельным каналам в помещении. Он может быть интегрирован в любой интерьер благодаря возможности скрытой установки. Все лючки серии SP01-03 System Power обладают защитой IP54.ВАЖНО: Два модуля это одна стандартная розетка 220V.Корпус выполнен из cтали и имеет штампованные отверстия для ввода труб (M25).Совместимость: В данный люк можно установить шесть модулей с габаритами 45x45 мм (справочно: два модуля это может быть розетка габаритов 45x45 либо модуль RJ45 с габаритами 22.5x45 мм. каждый). В наполнение лючка входят силовые розетки 220V. Есть возможность замены на другие розетки (RJ45, ТВ и т.д).В базовой комплектации изготовлен из стали. Существует возможность изготовления из алюминия',1,'2026-01-30 09:17:57','2026-02-02 04:37:21'),(29,15,'ru','Лючок в пол на 12 модулей (6 розеток 45x45) IP54 System Power SP01-031200','','Напольный люк для электрики — идеальное решение для безопасного доступа к электропроводке и кабельным каналам в помещении. Он может быть интегрирован в любой интерьер благодаря возможности скрытой установки. Все лючки серии SP01-03 System Power обладают защитой IP54.ВАЖНО: Два модуля это одна стандартная розетка 220V.Корпус выполнен из cтали и имеет штампованные отверстия для ввода труб (M25).Совместимость: В данный люк можно установить шесть модулей с габаритами 45x45 мм (справочно: два модуля это может быть розетка габаритов 45x45 либо модуль RJ45 с габаритами 22.5x45 мм. каждый). В наполнение лючка входят силовые розетки 220V. Есть возможность замены на другие розетки (RJ45, ТВ и т.д).В базовой комплектации изготовлен из стали. Существует возможность изготовления из алюминия',1,'2026-01-30 09:17:57','2026-02-02 04:37:21'),(30,15,'en','Лючок в пол на 12 модулей (6 розеток 45x45) IP54 System Power SP01-031200','','Напольный люк для электрики — идеальное решение для безопасного доступа к электропроводке и кабельным каналам в помещении. Он может быть интегрирован в любой интерьер благодаря возможности скрытой установки. Все лючки серии SP01-03 System Power обладают защитой IP54.ВАЖНО: Два модуля это одна стандартная розетка 220V.Корпус выполнен из cтали и имеет штампованные отверстия для ввода труб (M25).Совместимость: В данный люк можно установить шесть модулей с габаритами 45x45 мм (справочно: два модуля это может быть розетка габаритов 45x45 либо модуль RJ45 с габаритами 22.5x45 мм. каждый). В наполнение лючка входят силовые розетки 220V. Есть возможность замены на другие розетки (RJ45, ТВ и т.д).В базовой комплектации изготовлен из стали. Существует возможность изготовления из алюминия',1,'2026-01-30 09:17:57','2026-02-02 04:37:21'),(31,16,'ru','Лючок-невидимка в пол на 2 модуля (одну розетку 45x45) IP54 System Power SP01-0402','','Напольный люк для электрики скрытой установки — идеальное решение для безопасного доступа к электропроводке и кабельным каналам в помещении. Он может быть интегрирован в любой интерьер благодаря возможности скрытой установки. Все лючки серии SP01-04 System Power обладают защитой IP54.ВАЖНО: Два модуля это одна стандартная розетка 220V.Корпус выполнен из cтали и имеет штампованные отверстия для ввода труб (M25).Совместимость: В данный люк можно установить два модуля с габаритами 45x45 мм (справочно: два модуля это может быть розетка габаритов 45x45 либо модуль RJ45 с габаритами 22.5x45 мм. каждый). В наполнение лючка входят силовые розетки 220V. Есть возможность замены на другие розетки (RJ45, ТВ и т.д).В базовой комплектации изготовлен из стали. Существует возможность изготовления из алюминия',1,'2026-01-30 09:17:57','2026-02-02 04:37:21'),(32,16,'en','Лючок-невидимка в пол на 2 модуля (одну розетку 45x45) IP54 System Power SP01-0402','','Напольный люк для электрики скрытой установки — идеальное решение для безопасного доступа к электропроводке и кабельным каналам в помещении. Он может быть интегрирован в любой интерьер благодаря возможности скрытой установки. Все лючки серии SP01-04 System Power обладают защитой IP54.ВАЖНО: Два модуля это одна стандартная розетка 220V.Корпус выполнен из cтали и имеет штампованные отверстия для ввода труб (M25).Совместимость: В данный люк можно установить два модуля с габаритами 45x45 мм (справочно: два модуля это может быть розетка габаритов 45x45 либо модуль RJ45 с габаритами 22.5x45 мм. каждый). В наполнение лючка входят силовые розетки 220V. Есть возможность замены на другие розетки (RJ45, ТВ и т.д).В базовой комплектации изготовлен из стали. Существует возможность изготовления из алюминия',1,'2026-01-30 09:17:57','2026-02-02 04:37:21'),(33,17,'ru','Лючок-невидимка в пол на 4 модуля (2 розетки 45x45) IP54 System Power SP01-0404','','Напольный люк для электрики скрытой установки — идеальное решение для безопасного доступа к электропроводке и кабельным каналам в помещении. Он может быть интегрирован в любой интерьер благодаря возможности скрытой установки. Все лючки серии SP01-04 System Power обладают защитой IP54.ВАЖНО: Два модуля это одна стандартная розетка 220V.Корпус выполнен из cтали и имеет штампованные отверстия для ввода труб (M25).Совместимость: В данный люк можно установить четыре модуля с габаритами 45x45 мм (справочно: два модуля это может быть розетка габаритов 45x45 либо модуль RJ45 с габаритами 22.5x45 мм. каждый). В наполнение лючка входят силовые розетки 220V. Есть возможность замены на другие розетки (RJ45, ТВ и т.д).В базовой комплектации изготовлен из стали. Существует возможность изготовления из алюминия',1,'2026-01-30 09:17:57','2026-02-02 04:37:21'),(34,17,'en','Лючок-невидимка в пол на 4 модуля (2 розетки 45x45) IP54 System Power SP01-0404','','Напольный люк для электрики скрытой установки — идеальное решение для безопасного доступа к электропроводке и кабельным каналам в помещении. Он может быть интегрирован в любой интерьер благодаря возможности скрытой установки. Все лючки серии SP01-04 System Power обладают защитой IP54.ВАЖНО: Два модуля это одна стандартная розетка 220V.Корпус выполнен из cтали и имеет штампованные отверстия для ввода труб (M25).Совместимость: В данный люк можно установить четыре модуля с габаритами 45x45 мм (справочно: два модуля это может быть розетка габаритов 45x45 либо модуль RJ45 с габаритами 22.5x45 мм. каждый). В наполнение лючка входят силовые розетки 220V. Есть возможность замены на другие розетки (RJ45, ТВ и т.д).В базовой комплектации изготовлен из стали. Существует возможность изготовления из алюминия',1,'2026-01-30 09:17:57','2026-02-02 04:37:21'),(35,18,'ru','Лючок-невидимка в пол на 6 модулей (3 розетки 45x45) IP54 System Power SP01-0406','','Напольный люк для электрики скрытой установки — идеальное решение для безопасного доступа к электропроводке и кабельным каналам в помещении. Он может быть интегрирован в любой интерьер благодаря возможности скрытой установки. Все лючки серии SP01-04 System Power обладают защитой IP54.ВАЖНО: Два модуля это одна стандартная розетка 220V.Корпус выполнен из cтали и имеет штампованные отверстия для ввода труб (M25).Совместимость: В данный люк можно установить шесть модулей с габаритами 45x45 мм (справочно: два модуля это может быть розетка габаритов 45x45 либо модуль RJ45 с габаритами 22.5x45 мм. каждый). В наполнение лючка входят силовые розетки 220V. Есть возможность замены на другие розетки (RJ45, ТВ и т.д).В базовой комплектации изготовлен из стали. Существует возможность изготовления из алюминия',1,'2026-01-30 09:17:57','2026-02-02 04:37:21'),(36,18,'en','Лючок-невидимка в пол на 6 модулей (3 розетки 45x45) IP54 System Power SP01-0406','','Напольный люк для электрики скрытой установки — идеальное решение для безопасного доступа к электропроводке и кабельным каналам в помещении. Он может быть интегрирован в любой интерьер благодаря возможности скрытой установки. Все лючки серии SP01-04 System Power обладают защитой IP54.ВАЖНО: Два модуля это одна стандартная розетка 220V.Корпус выполнен из cтали и имеет штампованные отверстия для ввода труб (M25).Совместимость: В данный люк можно установить шесть модулей с габаритами 45x45 мм (справочно: два модуля это может быть розетка габаритов 45x45 либо модуль RJ45 с габаритами 22.5x45 мм. каждый). В наполнение лючка входят силовые розетки 220V. Есть возможность замены на другие розетки (RJ45, ТВ и т.д).В базовой комплектации изготовлен из стали. Существует возможность изготовления из алюминия',1,'2026-01-30 09:17:57','2026-02-02 04:37:21'),(37,19,'ru','Лючок-невидимка в пол на 8 модулей (4 розетки 45x45) IP54 System Power SP01-0408','','Напольный люк для электрики скрытой установки — идеальное решение для безопасного доступа к электропроводке и кабельным каналам в помещении. Он может быть интегрирован в любой интерьер благодаря возможности скрытой установки. Все лючки серии SP01-04 System Power обладают защитой IP54.ВАЖНО: Два модуля это одна стандартная розетка 220V.Корпус выполнен из cтали и имеет штампованные отверстия для ввода труб (M25).Совместимость: В данный люк можно установить шесть модулей с габаритами 45x45 мм (справочно: два модуля это может быть розетка габаритов 45x45 либо модуль RJ45 с габаритами 22.5x45 мм. каждый). В наполнение лючка входят силовые розетки 220V. Есть возможность замены на другие розетки (RJ45, ТВ и т.д).В базовой комплектации изготовлен из стали. Существует возможность изготовления из алюминия',1,'2026-01-30 09:17:57','2026-02-02 04:37:21'),(38,19,'en','Лючок-невидимка в пол на 8 модулей (4 розетки 45x45) IP54 System Power SP01-0408','','Напольный люк для электрики скрытой установки — идеальное решение для безопасного доступа к электропроводке и кабельным каналам в помещении. Он может быть интегрирован в любой интерьер благодаря возможности скрытой установки. Все лючки серии SP01-04 System Power обладают защитой IP54.ВАЖНО: Два модуля это одна стандартная розетка 220V.Корпус выполнен из cтали и имеет штампованные отверстия для ввода труб (M25).Совместимость: В данный люк можно установить шесть модулей с габаритами 45x45 мм (справочно: два модуля это может быть розетка габаритов 45x45 либо модуль RJ45 с габаритами 22.5x45 мм. каждый). В наполнение лючка входят силовые розетки 220V. Есть возможность замены на другие розетки (RJ45, ТВ и т.д).В базовой комплектации изготовлен из стали. Существует возможность изготовления из алюминия',1,'2026-01-30 09:17:57','2026-02-02 04:37:21'),(39,20,'ru','Лючок-невидимка в пол на 12 модулей (6 розеток 45x45) IP54 System Power SP01-0412','','Напольный люк для электрики скрытой установки — идеальное решение для безопасного доступа к электропроводке и кабельным каналам в помещении. Он может быть интегрирован в любой интерьер благодаря возможности скрытой установки. Все лючки серии SP01-04 System Power обладают защитой IP54.ВАЖНО: Два модуля это одна стандартная розетка 220V.Корпус выполнен из cтали и имеет штампованные отверстия для ввода труб (M25).Совместимость: В данный люк можно установить шесть модулей с габаритами 45x45 мм (справочно: два модуля это может быть розетка габаритов 45x45 либо модуль RJ45 с габаритами 22.5x45 мм. каждый). В наполнение лючка входят силовые розетки 220V. Есть возможность замены на другие розетки (RJ45, ТВ и т.д).В базовой комплектации изготовлен из стали. Существует возможность изготовления из алюминия',1,'2026-01-30 09:17:57','2026-02-02 04:37:21'),(40,20,'en','Лючок-невидимка в пол на 12 модулей (6 розеток 45x45) IP54 System Power SP01-0412','','Напольный люк для электрики скрытой установки — идеальное решение для безопасного доступа к электропроводке и кабельным каналам в помещении. Он может быть интегрирован в любой интерьер благодаря возможности скрытой установки. Все лючки серии SP01-04 System Power обладают защитой IP54.ВАЖНО: Два модуля это одна стандартная розетка 220V.Корпус выполнен из cтали и имеет штампованные отверстия для ввода труб (M25).Совместимость: В данный люк можно установить шесть модулей с габаритами 45x45 мм (справочно: два модуля это может быть розетка габаритов 45x45 либо модуль RJ45 с габаритами 22.5x45 мм. каждый). В наполнение лючка входят силовые розетки 220V. Есть возможность замены на другие розетки (RJ45, ТВ и т.д).В базовой комплектации изготовлен из стали. Существует возможность изготовления из алюминия',1,'2026-01-30 09:17:57','2026-02-02 04:37:21'),(41,21,'ru','Щит механизации РУСП-УЗО50A-3х1П-3х3П-IP44','','Распределительное устройство для строительныхплощадок (РУСП), также известное как Щит механизации (ЩМ), представляет собойэлектрощитовое оборудование, разработанное для распределения электроэнергии настроительных объектах. Его основное предназначение - обеспечить защиту откоротких замыканий и токов утечки, предотвращая тем самым поврежденияэлектрооборудования и обеспечивая безопасность рабочего процесса. Щит механизации спроектирован таким образом,чтобы быть эффективным как на открытых, так и внутренних строительныхплощадках, обладая степенью защиты IP44.Количество однополюсныхрозеток (1Р+N+РЕ 16А) - 3штКоличество трехполюсныхрозеток (3Р+N+РЕ 32А) - 3шт',1,'2026-01-30 09:17:57','2026-02-02 04:37:21'),(42,21,'en','Щит механизации РУСП-УЗО50A-3х1П-3х3П-IP44','','Распределительное устройство для строительныхплощадок (РУСП), также известное как Щит механизации (ЩМ), представляет собойэлектрощитовое оборудование, разработанное для распределения электроэнергии настроительных объектах. Его основное предназначение - обеспечить защиту откоротких замыканий и токов утечки, предотвращая тем самым поврежденияэлектрооборудования и обеспечивая безопасность рабочего процесса. Щит механизации спроектирован таким образом,чтобы быть эффективным как на открытых, так и внутренних строительныхплощадках, обладая степенью защиты IP44.Количество однополюсныхрозеток (1Р+N+РЕ 16А) - 3штКоличество трехполюсныхрозеток (3Р+N+РЕ 32А) - 3шт',1,'2026-01-30 09:17:57','2026-02-02 04:37:21'),(43,22,'ru','Щит механизации РУСП 50A 3х1P+N+PE 16А, 1х3P+N+PE 16А, 1х3P+N+PE 32А IP44 SP02-050311 System Power','','Также известен как: ЩМ РУСП 50A 3х1П 1х3П 1х3П IP44 (РУСП 50 1х16/3 3х16/1 3x32/1)Распределительное устройство для строительных площадок (РУСП), также известное как щит механизации (ЩМ), представляет собой электрощитовое оборудование, разработанное для распределения электроэнергии на несколько устройств разной мощности. Его основное предназначение — обеспечить защиту от коротких замыканий и токов утечки, предотвращая тем самым повреждения электрооборудования и обеспечивая безопасность рабочего процесса. Щит механизации спроектирован таким образом, чтобы быть эффективным как на открытых, так и внутренних строительных площадках, обладая степенью защиты IP44.Технические параметрыКоличество однополюсных розеток 220 вольт (1P N PE, 16 ампер): 3 штукиКоличество трехполюсных розеток 380 вольт (3P N PE, 32 ампера): 1 штукаКоличество трехполюсных розеток 380 вольт (3P N PE, 16 ампер): 1 штукаГабариты: 570x460x260 ммСтепень защиты корпуса: IP44, защита от пыли и брызг водыНазначениеЭлектроснабжение строительных площадокРаспределение нагрузки на различные потребителиЗащита оборудования от перегрузок и коротких замыканийКонструкция и особенностиЩит выполнен из прочных материалов и устойчив к воздействию внешней среды. Конструкция обеспечивает надежную работу в тяжелых условиях эксплуатации. Благодаря защите IP44 может использоваться как в помещении, так и на открытом воздухе.Комплект поставкиЩит механизации РУСП 50А 3х1P N PE 16А, 1х3P N PE 16А, 1х3P N PE 32А IP44 — 1 штукаКлючи от дверей — 2 штукиПаспорт изделия — 1 экземплярСхема электрическая — 1 экземплярСертификат соответствия — 1 экземплярДополнительная информация',1,'2026-01-30 09:17:57','2026-02-02 04:37:21'),(44,22,'en','Щит механизации РУСП 50A 3х1P+N+PE 16А, 1х3P+N+PE 16А, 1х3P+N+PE 32А IP44 SP02-050311 System Power','','Также известен как: ЩМ РУСП 50A 3х1П 1х3П 1х3П IP44 (РУСП 50 1х16/3 3х16/1 3x32/1)Распределительное устройство для строительных площадок (РУСП), также известное как щит механизации (ЩМ), представляет собой электрощитовое оборудование, разработанное для распределения электроэнергии на несколько устройств разной мощности. Его основное предназначение — обеспечить защиту от коротких замыканий и токов утечки, предотвращая тем самым повреждения электрооборудования и обеспечивая безопасность рабочего процесса. Щит механизации спроектирован таким образом, чтобы быть эффективным как на открытых, так и внутренних строительных площадках, обладая степенью защиты IP44.Технические параметрыКоличество однополюсных розеток 220 вольт (1P N PE, 16 ампер): 3 штукиКоличество трехполюсных розеток 380 вольт (3P N PE, 32 ампера): 1 штукаКоличество трехполюсных розеток 380 вольт (3P N PE, 16 ампер): 1 штукаГабариты: 570x460x260 ммСтепень защиты корпуса: IP44, защита от пыли и брызг водыНазначениеЭлектроснабжение строительных площадокРаспределение нагрузки на различные потребителиЗащита оборудования от перегрузок и коротких замыканийКонструкция и особенностиЩит выполнен из прочных материалов и устойчив к воздействию внешней среды. Конструкция обеспечивает надежную работу в тяжелых условиях эксплуатации. Благодаря защите IP44 может использоваться как в помещении, так и на открытом воздухе.Комплект поставкиЩит механизации РУСП 50А 3х1P N PE 16А, 1х3P N PE 16А, 1х3P N PE 32А IP44 — 1 штукаКлючи от дверей — 2 штукиПаспорт изделия — 1 экземплярСхема электрическая — 1 экземплярСертификат соответствия — 1 экземплярДополнительная информация',1,'2026-01-30 09:17:57','2026-02-02 04:37:21'),(45,23,'ru','Щит механизации РУСП-УЗО50A-3х1П-2х3П-IP44','','Распределительное устройство для строительных площадок (РУСП), также известное как Щит механизации (ЩМ), представляет собой электрощитовое оборудование, разработанное для распределения электроэнергии на строительных объектах. Его основное предназначение - обеспечить защиту от коротких замыканий и токов утечки, предотвращая тем самым повреждения электрооборудования и обеспечивая безопасность рабочего процесса. Щит механизации спроектирован таким образом, чтобы быть эффективным как на открытых, так и внутренних строительных площадках, обладая степенью защиты IP44.Количество однополюсных розеток (1Р+N+РЕ 16А) - 3штКоличество трехполюсных розеток (3Р+N+РЕ 32А) - 2шт',1,'2026-01-30 09:17:57','2026-02-02 04:37:21'),(46,23,'en','Щит механизации РУСП-УЗО50A-3х1П-2х3П-IP44','','Распределительное устройство для строительных площадок (РУСП), также известное как Щит механизации (ЩМ), представляет собой электрощитовое оборудование, разработанное для распределения электроэнергии на строительных объектах. Его основное предназначение - обеспечить защиту от коротких замыканий и токов утечки, предотвращая тем самым повреждения электрооборудования и обеспечивая безопасность рабочего процесса. Щит механизации спроектирован таким образом, чтобы быть эффективным как на открытых, так и внутренних строительных площадках, обладая степенью защиты IP44.Количество однополюсных розеток (1Р+N+РЕ 16А) - 3штКоличество трехполюсных розеток (3Р+N+РЕ 32А) - 2шт',1,'2026-01-30 09:17:57','2026-02-02 04:37:21'),(47,24,'ru','Щит механизации РУСП-УЗО63A-4х1П-3х3П-IP44','','Распределительное устройство для строительных площадок (РУСП), также известное как Щит механизации (ЩМ), представляет собой электрощитовое оборудование, разработанное для распределения электроэнергии на строительных объектах. Его основное предназначение - обеспечить защиту от коротких замыканий и токов утечки, предотвращая тем самым повреждения электрооборудования и обеспечивая безопасность рабочего процесса. Щит механизации спроектирован таким образом, чтобы быть эффективным как на открытых, так и внутренних строительных площадках, обладая степенью защиты IP44.Количество однополюсных розеток (1Р+N+РЕ 16А) - 4штКоличество трехполюсных розеток (3Р+N+РЕ 32А) - 3шт',1,'2026-01-30 09:17:57','2026-02-02 04:37:21'),(48,24,'en','Щит механизации РУСП-УЗО63A-4х1П-3х3П-IP44','','Распределительное устройство для строительных площадок (РУСП), также известное как Щит механизации (ЩМ), представляет собой электрощитовое оборудование, разработанное для распределения электроэнергии на строительных объектах. Его основное предназначение - обеспечить защиту от коротких замыканий и токов утечки, предотвращая тем самым повреждения электрооборудования и обеспечивая безопасность рабочего процесса. Щит механизации спроектирован таким образом, чтобы быть эффективным как на открытых, так и внутренних строительных площадках, обладая степенью защиты IP44.Количество однополюсных розеток (1Р+N+РЕ 16А) - 4штКоличество трехполюсных розеток (3Р+N+РЕ 32А) - 3шт',1,'2026-01-30 09:17:57','2026-02-02 04:37:21'),(49,25,'ru','Щит механизации РУСП-УЗО63A-4х1П-1х3П-IP44','','Распределительное устройство для строительных площадок (РУСП), также известное как Щит механизации (ЩМ), представляет собой электрощитовое оборудование, разработанное для распределения электроэнергии на строительных объектах. Его основное предназначение - обеспечить защиту от коротких замыканий и токов утечки, предотвращая тем самым повреждения электрооборудования и обеспечивая безопасность рабочего процесса. Щит механизации спроектирован таким образом, чтобы быть эффективным как на открытых, так и внутренних строительных площадках, обладая степенью защиты IP44.Количество однополюсных розеток (1Р+N+РЕ 16А) - 4штКоличество трехполюсных розеток (3Р+N+РЕ 32А) - 1шт',1,'2026-01-30 09:17:57','2026-02-02 04:37:21'),(50,25,'en','Щит механизации РУСП-УЗО63A-4х1П-1х3П-IP44','','Распределительное устройство для строительных площадок (РУСП), также известное как Щит механизации (ЩМ), представляет собой электрощитовое оборудование, разработанное для распределения электроэнергии на строительных объектах. Его основное предназначение - обеспечить защиту от коротких замыканий и токов утечки, предотвращая тем самым повреждения электрооборудования и обеспечивая безопасность рабочего процесса. Щит механизации спроектирован таким образом, чтобы быть эффективным как на открытых, так и внутренних строительных площадках, обладая степенью защиты IP44.Количество однополюсных розеток (1Р+N+РЕ 16А) - 4штКоличество трехполюсных розеток (3Р+N+РЕ 32А) - 1шт',1,'2026-01-30 09:17:57','2026-02-02 04:37:21'),(51,26,'ru','Щит механизации РУСП-УЗО63A-4х1П-2х3П-IP44','','Распределительное устройство для строительных площадок (РУСП), также известное как Щит механизации (ЩМ), представляет собой электрощитовое оборудование, разработанное для распределения электроэнергии на строительных объектах. Его основное предназначение - обеспечить защиту от коротких замыканий и токов утечки, предотвращая тем самым повреждения электрооборудования и обеспечивая безопасность рабочего процесса. Щит механизации спроектирован таким образом, чтобы быть эффективным как на открытых, так и внутренних строительных площадках, обладая степенью защиты IP44.Количество однополюсных розеток (1Р+N+РЕ 16А) - 4штКоличество трехполюсных розеток (3Р+N+РЕ 32А) - 2шт',1,'2026-01-30 09:17:57','2026-02-02 04:37:21'),(52,26,'en','Щит механизации РУСП-УЗО63A-4х1П-2х3П-IP44','','Распределительное устройство для строительных площадок (РУСП), также известное как Щит механизации (ЩМ), представляет собой электрощитовое оборудование, разработанное для распределения электроэнергии на строительных объектах. Его основное предназначение - обеспечить защиту от коротких замыканий и токов утечки, предотвращая тем самым повреждения электрооборудования и обеспечивая безопасность рабочего процесса. Щит механизации спроектирован таким образом, чтобы быть эффективным как на открытых, так и внутренних строительных площадках, обладая степенью защиты IP44.Количество однополюсных розеток (1Р+N+РЕ 16А) - 4штКоличество трехполюсных розеток (3Р+N+РЕ 32А) - 2шт',1,'2026-01-30 09:17:57','2026-02-02 04:37:21'),(53,27,'ru','Щит механизации РУСП-УЗО63A-4х1П-4х3П-IP44','','Распределительное устройство для строительных площадок (РУСП), также известное как Щит механизации (ЩМ), представляет собой электрощитовое оборудование, разработанное для распределения электроэнергии на строительных объектах. Его основное предназначение - обеспечить защиту от коротких замыканий и токов утечки, предотвращая тем самым повреждения электрооборудования и обеспечивая безопасность рабочего процесса. Щит механизации спроектирован таким образом, чтобы быть эффективным как на открытых, так и внутренних строительных площадках, обладая степенью защиты IP44.Количество однополюсных розеток (1Р+N+РЕ 16А) - 4штКоличество трехполюсных розеток (3Р+N+РЕ 32А) - 4шт',1,'2026-01-30 09:17:57','2026-02-02 04:37:21'),(54,27,'en','Щит механизации РУСП-УЗО63A-4х1П-4х3П-IP44','','Распределительное устройство для строительных площадок (РУСП), также известное как Щит механизации (ЩМ), представляет собой электрощитовое оборудование, разработанное для распределения электроэнергии на строительных объектах. Его основное предназначение - обеспечить защиту от коротких замыканий и токов утечки, предотвращая тем самым повреждения электрооборудования и обеспечивая безопасность рабочего процесса. Щит механизации спроектирован таким образом, чтобы быть эффективным как на открытых, так и внутренних строительных площадках, обладая степенью защиты IP44.Количество однополюсных розеток (1Р+N+РЕ 16А) - 4штКоличество трехполюсных розеток (3Р+N+РЕ 32А) - 4шт',1,'2026-01-30 09:17:57','2026-02-02 04:37:21'),(55,28,'ru','Щит механизации РУСП-УЗО100A-6х1П-2х3П-IP44','','Распределительное устройство для строительных площадок (РУСП), также известное как Щит механизации (ЩМ), представляет собой электрощитовое оборудование, разработанное для распределения электроэнергии на строительных объектах. Его основное предназначение - обеспечить защиту от коротких замыканий и токов утечки, предотвращая тем самым повреждения электрооборудования и обеспечивая безопасность рабочего процесса. Щит механизации спроектирован таким образом, чтобы быть эффективным как на открытых, так и внутренних строительных площадках, обладая степенью защиты IP44.Количество однополюсных розеток (1Р+N+РЕ 16А) - 6штКоличество трехполюсных розеток (3Р+N+РЕ 32А) - 2шт',1,'2026-01-30 09:17:57','2026-02-02 04:37:21'),(56,28,'en','Щит механизации РУСП-УЗО100A-6х1П-2х3П-IP44','','Распределительное устройство для строительных площадок (РУСП), также известное как Щит механизации (ЩМ), представляет собой электрощитовое оборудование, разработанное для распределения электроэнергии на строительных объектах. Его основное предназначение - обеспечить защиту от коротких замыканий и токов утечки, предотвращая тем самым повреждения электрооборудования и обеспечивая безопасность рабочего процесса. Щит механизации спроектирован таким образом, чтобы быть эффективным как на открытых, так и внутренних строительных площадках, обладая степенью защиты IP44.Количество однополюсных розеток (1Р+N+РЕ 16А) - 6штКоличество трехполюсных розеток (3Р+N+РЕ 32А) - 2шт',1,'2026-01-30 09:17:57','2026-02-02 04:37:21'),(57,29,'ru','Щит механизации РУСП 100А 6х1P+N+PE 16A, 3x3P+N+PE 32A IP44 SP02-100603 System Power','','Также известен как: ЩМ РУСП 100 6х1П 3х3П IP44 (РУСП 1х16/6 3x32/3)Эквивалент: ЩМ РУСП 100 6х1п 2х3п IP44Щит механизации РУСП 100A — это специализированное распределительное электрощитовое оборудование, предназначенное для эффективного и безопасного распределения электрической энергии на строительных площадках и в производственных зонах. Он обеспечивает надежную защиту от коротких замыканий, утечек тока и перегрузок, гарантируя стабильную работу оборудования и безопасность персонала.Технические параметрыНоминальный ток УЗО: 100 амперОднополюсные розетки 220 вольт (1P N PE, 16 ампер): 6 штукТрехполюсные розетки 380 вольт (3P N PE, 32 ампера): 3 штукиГабариты: 570x460x260 ммСтепень защиты корпуса: IP44, защита от пыли и брызг водыНазначениеЭлектроснабжение временных и постоянных строительных объектовЦентрализованное распределение нагрузки различной мощностиЗащита электрооборудования и обслуживающего персонала от аварийных ситуацийКонструкция и особенностиЩит выполнен из прочных и износостойких материалов. Благодаря степени защиты IP44 его можно использовать как в помещениях, так и на открытых строительных площадках. Конструкция рассчитана на длительный срок службы в сложных эксплуатационных условиях.Комплект поставкиЩит механизации РУСП 100А SP02 100603 — 1 штукаКлючи от дверей — 2 штукиПаспорт изделия — 1 экземплярЭлектрическая схема — 1 экземплярСертификат соответствия — 1 экземплярДополнительная информацияАналог для: РУСП 100 6х1п 2х3п IP44',1,'2026-01-30 09:17:57','2026-02-02 04:37:21'),(58,29,'en','Щит механизации РУСП 100А 6х1P+N+PE 16A, 3x3P+N+PE 32A IP44 SP02-100603 System Power','','Также известен как: ЩМ РУСП 100 6х1П 3х3П IP44 (РУСП 1х16/6 3x32/3)Эквивалент: ЩМ РУСП 100 6х1п 2х3п IP44Щит механизации РУСП 100A — это специализированное распределительное электрощитовое оборудование, предназначенное для эффективного и безопасного распределения электрической энергии на строительных площадках и в производственных зонах. Он обеспечивает надежную защиту от коротких замыканий, утечек тока и перегрузок, гарантируя стабильную работу оборудования и безопасность персонала.Технические параметрыНоминальный ток УЗО: 100 амперОднополюсные розетки 220 вольт (1P N PE, 16 ампер): 6 штукТрехполюсные розетки 380 вольт (3P N PE, 32 ампера): 3 штукиГабариты: 570x460x260 ммСтепень защиты корпуса: IP44, защита от пыли и брызг водыНазначениеЭлектроснабжение временных и постоянных строительных объектовЦентрализованное распределение нагрузки различной мощностиЗащита электрооборудования и обслуживающего персонала от аварийных ситуацийКонструкция и особенностиЩит выполнен из прочных и износостойких материалов. Благодаря степени защиты IP44 его можно использовать как в помещениях, так и на открытых строительных площадках. Конструкция рассчитана на длительный срок службы в сложных эксплуатационных условиях.Комплект поставкиЩит механизации РУСП 100А SP02 100603 — 1 штукаКлючи от дверей — 2 штукиПаспорт изделия — 1 экземплярЭлектрическая схема — 1 экземплярСертификат соответствия — 1 экземплярДополнительная информацияАналог для: РУСП 100 6х1п 2х3п IP44',1,'2026-01-30 09:17:57','2026-02-02 04:37:21'),(59,30,'ru','Щит механизации РУСП-УЗО100A-6х1П-4х3П-IP44','','Распределительное устройство для строительных площадок (РУСП), также известное как Щит механизации (ЩМ), представляет собой электрощитовое оборудование, разработанное для распределения электроэнергии на строительных объектах. Его основное предназначение - обеспечить защиту от коротких замыканий и токов утечки, предотвращая тем самым повреждения электрооборудования и обеспечивая безопасность рабочего процесса. Щит механизации спроектирован таким образом, чтобы быть эффективным как на открытых, так и внутренних строительных площадках, обладая степенью защиты IP44.Количество однополюсных розеток (1Р+N+РЕ 16А) - 6штКоличество трехполюсных розеток (3Р+N+РЕ 32А) - 4шт',1,'2026-01-30 09:17:57','2026-02-02 04:37:21'),(60,30,'en','Щит механизации РУСП-УЗО100A-6х1П-4х3П-IP44','','Распределительное устройство для строительных площадок (РУСП), также известное как Щит механизации (ЩМ), представляет собой электрощитовое оборудование, разработанное для распределения электроэнергии на строительных объектах. Его основное предназначение - обеспечить защиту от коротких замыканий и токов утечки, предотвращая тем самым повреждения электрооборудования и обеспечивая безопасность рабочего процесса. Щит механизации спроектирован таким образом, чтобы быть эффективным как на открытых, так и внутренних строительных площадках, обладая степенью защиты IP44.Количество однополюсных розеток (1Р+N+РЕ 16А) - 6штКоличество трехполюсных розеток (3Р+N+РЕ 32А) - 4шт',1,'2026-01-30 09:17:57','2026-02-02 04:37:21'),(61,31,'ru','Щит механизации РУСП 63A 6х1P+N+PE 16А,1х3P+N+PE 16А, 1х3P+N+PE 32А-IP44 SP02-063611 System Power','','Также известен как: ЩМ РУСП 63A 6х1П 16А 1х3П 16А 1х3П 32А IP44 System Power (РУСП 1х16 6 3х16 1 3x32 1)Распределительное устройство для строительных площадок (РУСП), также известное как щит механизации (ЩМ), представляет собой электрощитовое оборудование, разработанное для распределения электроэнергии на несколько устройств разной мощности. Его основное предназначение — обеспечить защиту от коротких замыканий и токов утечки, предотвращая тем самым повреждения электрооборудования и обеспечивая безопасность рабочего процесса. Щит механизации спроектирован таким образом, чтобы быть эффективным как на открытых, так и во внутренних строительных зонах, обладая степенью защиты IP44.Технические параметрыКоличество однополюсных розеток 220 вольт (1P N PE, 16 ампер): 6 штукКоличество трехполюсных розеток 380 вольт (3P N PE, 32 ампера): 1 штукаКоличество трехполюсных розеток 380 вольт (3P N PE, 16 ампер): 1 штукаГабариты: 570x460x260 ммСтепень защиты корпуса: IP44, защита от пыли и брызг водыНазначениеЭлектроснабжение строительных площадокРаспределение нагрузки на различные потребителиЗащита оборудования от перегрузок и коротких замыканийКонструкция и особенностиЩит выполнен из прочных материалов и устойчив к воздействию внешней среды. Конструкция обеспечивает надежную работу в тяжёлых условиях эксплуатации. Благодаря защите IP44 может использоваться как в помещении, так и на открытом воздухе.Комплект поставкиЩит механизации РУСП-63А SP02-636110 — 1 штукаКлючи от дверей — 2 штукиПаспорт изделия — 1 экземплярСхема электрическая — 1 экземплярСертификат соответствия — 1 экземплярДополнительная информацияАналог для русп 3х16 3 1х16 5 1х32 5',1,'2026-01-30 09:17:57','2026-02-02 04:37:21'),(62,31,'en','Щит механизации РУСП 63A 6х1P+N+PE 16А,1х3P+N+PE 16А, 1х3P+N+PE 32А-IP44 SP02-063611 System Power','','Также известен как: ЩМ РУСП 63A 6х1П 16А 1х3П 16А 1х3П 32А IP44 System Power (РУСП 1х16 6 3х16 1 3x32 1)Распределительное устройство для строительных площадок (РУСП), также известное как щит механизации (ЩМ), представляет собой электрощитовое оборудование, разработанное для распределения электроэнергии на несколько устройств разной мощности. Его основное предназначение — обеспечить защиту от коротких замыканий и токов утечки, предотвращая тем самым повреждения электрооборудования и обеспечивая безопасность рабочего процесса. Щит механизации спроектирован таким образом, чтобы быть эффективным как на открытых, так и во внутренних строительных зонах, обладая степенью защиты IP44.Технические параметрыКоличество однополюсных розеток 220 вольт (1P N PE, 16 ампер): 6 штукКоличество трехполюсных розеток 380 вольт (3P N PE, 32 ампера): 1 штукаКоличество трехполюсных розеток 380 вольт (3P N PE, 16 ампер): 1 штукаГабариты: 570x460x260 ммСтепень защиты корпуса: IP44, защита от пыли и брызг водыНазначениеЭлектроснабжение строительных площадокРаспределение нагрузки на различные потребителиЗащита оборудования от перегрузок и коротких замыканийКонструкция и особенностиЩит выполнен из прочных материалов и устойчив к воздействию внешней среды. Конструкция обеспечивает надежную работу в тяжёлых условиях эксплуатации. Благодаря защите IP44 может использоваться как в помещении, так и на открытом воздухе.Комплект поставкиЩит механизации РУСП-63А SP02-636110 — 1 штукаКлючи от дверей — 2 штукиПаспорт изделия — 1 экземплярСхема электрическая — 1 экземплярСертификат соответствия — 1 экземплярДополнительная информацияАналог для русп 3х16 3 1х16 5 1х32 5',1,'2026-01-30 09:17:57','2026-02-02 04:37:21'),(63,32,'ru','Щит механизации РУСП 80A 4х1P+N+PE 16А, 3х3P+N+PE 32А IP44 SP02-080403 System Power','','Также известен как: ЩМ РУСП 80A 4х1П 3х3П IP44 (РУСП 1х16/4 3x32/3)Щит механизации РУСП 80A — это специализированное распределительное электрощитовое оборудование, предназначенное для эффективного и безопасного распределения электрической энергии на строительных площадках и в производственных зонах. Он обеспечивает защиту от коротких замыканий, утечек тока и перегрузок, что гарантирует надежную работу оборудования и безопасность персонала.Технические параметрыНоминальный ток УЗО: 80 амперОднополюсные розетки 220 вольт (1P N PE, 16 ампер): 4 штукиТрехполюсные розетки 380 вольт (3P N PE, 32 ампера): 3 штукиСтепень защиты корпуса: IP44, защита от пыли и брызг водыНазначениеЭлектроснабжение временных и постоянных строительных объектовЦентрализованное распределение нагрузки различной мощностиЗащита электрооборудования и обслуживающего персонала от аварийных ситуацийКонструкция и особенностиЩит выполнен из прочных и износостойких материалов. Благодаря степени защиты IP44 его можно использовать как на улице, так и в помещениях. Конструкция адаптирована для эксплуатации в сложных строительных условиях.Комплект поставкиЩит механизации РУСП 80А SP02 080403 — 1 штукаКлючи от дверей — 2 штукиПаспорт изделия — 1 экземплярЭлектрическая схема — 1 экземплярСертификат соответствия — 1 экземплярДополнительная информацияИзготовление щитов механизации возможно по индивидуальному техническому заданию заказчика. Предусмотрена возможность изменения конфигурации розеток, вида защиты и других параметров. При заказе партии — персональные условия и скидки.',1,'2026-01-30 09:17:57','2026-02-02 04:37:21'),(64,32,'en','Щит механизации РУСП 80A 4х1P+N+PE 16А, 3х3P+N+PE 32А IP44 SP02-080403 System Power','','Также известен как: ЩМ РУСП 80A 4х1П 3х3П IP44 (РУСП 1х16/4 3x32/3)Щит механизации РУСП 80A — это специализированное распределительное электрощитовое оборудование, предназначенное для эффективного и безопасного распределения электрической энергии на строительных площадках и в производственных зонах. Он обеспечивает защиту от коротких замыканий, утечек тока и перегрузок, что гарантирует надежную работу оборудования и безопасность персонала.Технические параметрыНоминальный ток УЗО: 80 амперОднополюсные розетки 220 вольт (1P N PE, 16 ампер): 4 штукиТрехполюсные розетки 380 вольт (3P N PE, 32 ампера): 3 штукиСтепень защиты корпуса: IP44, защита от пыли и брызг водыНазначениеЭлектроснабжение временных и постоянных строительных объектовЦентрализованное распределение нагрузки различной мощностиЗащита электрооборудования и обслуживающего персонала от аварийных ситуацийКонструкция и особенностиЩит выполнен из прочных и износостойких материалов. Благодаря степени защиты IP44 его можно использовать как на улице, так и в помещениях. Конструкция адаптирована для эксплуатации в сложных строительных условиях.Комплект поставкиЩит механизации РУСП 80А SP02 080403 — 1 штукаКлючи от дверей — 2 штукиПаспорт изделия — 1 экземплярЭлектрическая схема — 1 экземплярСертификат соответствия — 1 экземплярДополнительная информацияИзготовление щитов механизации возможно по индивидуальному техническому заданию заказчика. Предусмотрена возможность изменения конфигурации розеток, вида защиты и других параметров. При заказе партии — персональные условия и скидки.',1,'2026-01-30 09:17:57','2026-02-02 04:37:21'),(65,33,'ru','Щит механизации РУСП 80А 6х1P+N+PE 16A, 2x3P+N+PE 32A IP44 SP02-080602 System Power','','Также известен как: ЩМ РУСП 80A 6х1П 16А 2х3П 32А IP44 (РУСП 80 1х16/6 3x32/2)Щит механизации РУСП 80A — это профессиональное распределительное электрощитовое оборудование, предназначенное для надежного и безопасного распределения электрической энергии на строительных площадках, в производственных и временных объектах. Щит обеспечивает защиту от коротких замыканий, токов утечки и перегрузок, что значительно снижает риск аварий и продлевает срок службы подключенного оборудования.Технические параметрыНоминальный ток УЗО: 80 амперОднополюсные розетки 220 вольт (1P N PE, 16 ампер): 6 штукТрехполюсные розетки 380 вольт (3P N PE, 32 ампера): 2 штукиСтепень защиты корпуса: IP44, защита от пыли и брызг водыГабариты: 570x460x260 ммНазначениеЭлектроснабжение временных и постоянных строительных объектовЦентрализованное распределение нагрузки различной мощностиЗащита электрооборудования и обслуживающего персонала от аварийных ситуацийКонструкция и особенностиКорпус щита выполнен из прочных материалов, устойчивых к механическим повреждениям и воздействию окружающей среды. Степень защиты IP44 позволяет использовать щит как в закрытых помещениях, так и на открытом воздухе, в том числе в условиях стройки.Комплект поставкиЩит механизации РУСП 80А SP02 080622 — 1 штукаКлючи от дверей — 2 штукиПаспорт изделия — 1 экземплярЭлектрическая схема — 1 экземплярСертификат соответствия — 1 экземплярДополнительная информацияЩиты могут быть изготовлены по индивидуальному техническому заданию, включая изменение количества и типа розеток, а также установку дополнительных средств защиты. При заказе партии изделий предоставляются персональные скидки и особые условия.',1,'2026-01-30 09:17:57','2026-02-02 04:37:21'),(66,33,'en','Щит механизации РУСП 80А 6х1P+N+PE 16A, 2x3P+N+PE 32A IP44 SP02-080602 System Power','','Также известен как: ЩМ РУСП 80A 6х1П 16А 2х3П 32А IP44 (РУСП 80 1х16/6 3x32/2)Щит механизации РУСП 80A — это профессиональное распределительное электрощитовое оборудование, предназначенное для надежного и безопасного распределения электрической энергии на строительных площадках, в производственных и временных объектах. Щит обеспечивает защиту от коротких замыканий, токов утечки и перегрузок, что значительно снижает риск аварий и продлевает срок службы подключенного оборудования.Технические параметрыНоминальный ток УЗО: 80 амперОднополюсные розетки 220 вольт (1P N PE, 16 ампер): 6 штукТрехполюсные розетки 380 вольт (3P N PE, 32 ампера): 2 штукиСтепень защиты корпуса: IP44, защита от пыли и брызг водыГабариты: 570x460x260 ммНазначениеЭлектроснабжение временных и постоянных строительных объектовЦентрализованное распределение нагрузки различной мощностиЗащита электрооборудования и обслуживающего персонала от аварийных ситуацийКонструкция и особенностиКорпус щита выполнен из прочных материалов, устойчивых к механическим повреждениям и воздействию окружающей среды. Степень защиты IP44 позволяет использовать щит как в закрытых помещениях, так и на открытом воздухе, в том числе в условиях стройки.Комплект поставкиЩит механизации РУСП 80А SP02 080622 — 1 штукаКлючи от дверей — 2 штукиПаспорт изделия — 1 экземплярЭлектрическая схема — 1 экземплярСертификат соответствия — 1 экземплярДополнительная информацияЩиты могут быть изготовлены по индивидуальному техническому заданию, включая изменение количества и типа розеток, а также установку дополнительных средств защиты. При заказе партии изделий предоставляются персональные скидки и особые условия.',1,'2026-01-30 09:17:57','2026-02-02 04:37:21'),(67,34,'ru','Напольный лючок-невидимка на 16 модулей (8 розеток 45x45) IP54 System Power SP01-0216','','Серия System Power SP01-02 — это решение для тех, кто ценит удобный и безопасный доступ к электропроводке и слаботочным кабелям внутри помещений. Люк этой серии легко встраивается в конструкцию пола и благодаря скрытому монтажу органично вписывается в любой интерьер, не нарушая его эстетики. Идеально подходит для жилых, офисных и коммерческих пространств. Корпус люка изготовлен из прочной стали и оснащён штампованными отверстиями под трубы диаметром M25. По запросу доступны варианты из алюминия или нержавеющей стали — под любые условия эксплуатации.Технические характеристикиСтепень защиты IP54: надёжная защита от пыли и кратковременной влагиГабариты: 245x245x120 ммВместимость:— до 8 розеток формата 45×45 мм— или до 16 модулей 22.5×45 ммВарианты поставки:— с предустановленными розетками 220 В— без комплектации — для индивидуальной сборкиСовместимость:— модули 220 В, RJ45, ТВ и другие стандартные подключения— одна стандартная розетка 220 В = два модуляПреимуществаИзменяемая глубина установки лючка — до 20 мм (регулируемая высота)Полная совместимость с модульными решениями типа Mosaic®Возможность изготовления под конкретные задачиШирокий выбор конфигураций — до 32 установочных местИдеально подходит для любых интерьеров и типов помещений',1,'2026-01-30 09:17:57','2026-01-30 09:17:57'),(68,34,'en','Напольный лючок-невидимка на 16 модулей (8 розеток 45x45) IP54 System Power SP01-0216','','Серия System Power SP01-02 — это решение для тех, кто ценит удобный и безопасный доступ к электропроводке и слаботочным кабелям внутри помещений. Люк этой серии легко встраивается в конструкцию пола и благодаря скрытому монтажу органично вписывается в любой интерьер, не нарушая его эстетики. Идеально подходит для жилых, офисных и коммерческих пространств. Корпус люка изготовлен из прочной стали и оснащён штампованными отверстиями под трубы диаметром M25. По запросу доступны варианты из алюминия или нержавеющей стали — под любые условия эксплуатации.Технические характеристикиСтепень защиты IP54: надёжная защита от пыли и кратковременной влагиГабариты: 245x245x120 ммВместимость:— до 8 розеток формата 45×45 мм— или до 16 модулей 22.5×45 ммВарианты поставки:— с предустановленными розетками 220 В— без комплектации — для индивидуальной сборкиСовместимость:— модули 220 В, RJ45, ТВ и другие стандартные подключения— одна стандартная розетка 220 В = два модуляПреимуществаИзменяемая глубина установки лючка — до 20 мм (регулируемая высота)Полная совместимость с модульными решениями типа Mosaic®Возможность изготовления под конкретные задачиШирокий выбор конфигураций — до 32 установочных местИдеально подходит для любых интерьеров и типов помещений',1,'2026-01-30 09:17:57','2026-01-30 09:17:57'),(69,35,'ru','Напольный лючок на 16 модулей (8 розеток 45x45) IP54 System Power SP01-0116','','Напольный лючок серии SP01-01 — это удобное и безопасное решение для размещения электропроводки и слаботочных кабелей внутри помещений. Идеально подходит для жилых, офисных и коммерческих пространств. Корпус люка изготовлен из прочной стали и оснащён штампованными отверстиями под трубы диаметром M25. По запросу доступны варианты из алюминия или нержавеющей стали — под любые условия эксплуатации.Технические характеристикиСтепень защиты IP54: надёжная защита от пыли и кратковременной влагиВместимость:— до 8 розеток формата 45×45 мм— или до 16 модулей 22.5×45 ммВарианты поставки:— с предустановленными розетками 220 В— без комплектации — для индивидуальной сборкиСовместимость:— модули 220 В, RJ45, ТВ и другие стандартные подключения— одна стандартная розетка 220 В = два модуляГабариты: 245х245х120 ммПреимуществаРегулируемая высота лючка до 20 ммПолная совместимость с модульными решениями типа Mosaic®Возможность изготовления под конкретные задачиШирокий выбор конфигураций — до 32 установочных местИдеально подходит для любых интерьеров и типов помещений',1,'2026-01-30 09:17:57','2026-01-30 09:17:57'),(70,35,'en','Напольный лючок на 16 модулей (8 розеток 45x45) IP54 System Power SP01-0116','','Напольный лючок серии SP01-01 — это удобное и безопасное решение для размещения электропроводки и слаботочных кабелей внутри помещений. Идеально подходит для жилых, офисных и коммерческих пространств. Корпус люка изготовлен из прочной стали и оснащён штампованными отверстиями под трубы диаметром M25. По запросу доступны варианты из алюминия или нержавеющей стали — под любые условия эксплуатации.Технические характеристикиСтепень защиты IP54: надёжная защита от пыли и кратковременной влагиВместимость:— до 8 розеток формата 45×45 мм— или до 16 модулей 22.5×45 ммВарианты поставки:— с предустановленными розетками 220 В— без комплектации — для индивидуальной сборкиСовместимость:— модули 220 В, RJ45, ТВ и другие стандартные подключения— одна стандартная розетка 220 В = два модуляГабариты: 245х245х120 ммПреимуществаРегулируемая высота лючка до 20 ммПолная совместимость с модульными решениями типа Mosaic®Возможность изготовления под конкретные задачиШирокий выбор конфигураций — до 32 установочных местИдеально подходит для любых интерьеров и типов помещений',1,'2026-01-30 09:17:57','2026-01-30 09:17:57'),(71,36,'ru','Щит механизации РУСП 100А 6х1P+N+PE 16A, 2x3P+N+PE 32A IP44 SP02-100602 System Power','','Также известен как: ЩМ РУСП 100 6х1П 2х3П IP44 (РУСП 1х16/6 3x32/2)Щит механизации РУСП 100A — это специализированное распределительное электрощитовое оборудование, предназначенное для эффективного и безопасного распределения электрической энергии на строительных площадках и в производственных зонах. Он обеспечивает надежную защиту от коротких замыканий, утечек тока и перегрузок, гарантируя стабильную работу оборудования и безопасность персонала.Технические параметрыНоминальный ток УЗО: 100 амперОднополюсные розетки 220 вольт (1P N PE, 16 ампер): 6 штукТрехполюсные розетки 380 вольт (3P N PE, 32 ампера): 2 штукиГабариты: 570x460x260 ммСтепень защиты корпуса: IP44, защита от пыли и брызг водыНазначениеЭлектроснабжение временных и постоянных строительных объектовЦентрализованное распределение нагрузки различной мощностиЗащита электрооборудования и обслуживающего персонала от аварийных ситуацийКонструкция и особенностиЩит выполнен из прочных и износостойких материалов. Благодаря степени защиты IP44 его можно использовать как в помещениях, так и на открытых строительных площадках. Конструкция рассчитана на длительный срок службы в сложных эксплуатационных условиях.Комплект поставкиЩит механизации РУСП 100А SP02 100602 — 1 штукаКлючи от дверей — 2 штукиПаспорт изделия — 1 экземплярЭлектрическая схема — 1 экземплярСертификат соответствия — 1 экземплярДополнительная информация',1,'2026-01-30 09:17:57','2026-02-02 04:37:21'),(72,36,'en','Щит механизации РУСП 100А 6х1P+N+PE 16A, 2x3P+N+PE 32A IP44 SP02-100602 System Power','','Также известен как: ЩМ РУСП 100 6х1П 2х3П IP44 (РУСП 1х16/6 3x32/2)Щит механизации РУСП 100A — это специализированное распределительное электрощитовое оборудование, предназначенное для эффективного и безопасного распределения электрической энергии на строительных площадках и в производственных зонах. Он обеспечивает надежную защиту от коротких замыканий, утечек тока и перегрузок, гарантируя стабильную работу оборудования и безопасность персонала.Технические параметрыНоминальный ток УЗО: 100 амперОднополюсные розетки 220 вольт (1P N PE, 16 ампер): 6 штукТрехполюсные розетки 380 вольт (3P N PE, 32 ампера): 2 штукиГабариты: 570x460x260 ммСтепень защиты корпуса: IP44, защита от пыли и брызг водыНазначениеЭлектроснабжение временных и постоянных строительных объектовЦентрализованное распределение нагрузки различной мощностиЗащита электрооборудования и обслуживающего персонала от аварийных ситуацийКонструкция и особенностиЩит выполнен из прочных и износостойких материалов. Благодаря степени защиты IP44 его можно использовать как в помещениях, так и на открытых строительных площадках. Конструкция рассчитана на длительный срок службы в сложных эксплуатационных условиях.Комплект поставкиЩит механизации РУСП 100А SP02 100602 — 1 штукаКлючи от дверей — 2 штукиПаспорт изделия — 1 экземплярЭлектрическая схема — 1 экземплярСертификат соответствия — 1 экземплярДополнительная информация',1,'2026-01-30 09:17:57','2026-02-02 04:37:21');
/*!40000 ALTER TABLE `product_i18n` ENABLE KEYS */;
UNLOCK TABLES;

--
-- Table structure for table `product_media`
--

DROP TABLE IF EXISTS `product_media`;
/*!40101 SET @saved_cs_client     = @@character_set_client */;
/*!50503 SET character_set_client = utf8mb4 */;
CREATE TABLE `product_media` (
  `id` int NOT NULL AUTO_INCREMENT,
  `product_id` int NOT NULL,
  `media_id` int NOT NULL,
  `sort_order` int NOT NULL DEFAULT '0',
  `is_primary` tinyint(1) NOT NULL DEFAULT '0',
  PRIMARY KEY (`id`),
  KEY `idx_product_media` (`product_id`),
  KEY `fk_product_media_media` (`media_id`),
  CONSTRAINT `fk_product_media_media` FOREIGN KEY (`media_id`) REFERENCES `media` (`id`) ON DELETE CASCADE,
  CONSTRAINT `fk_product_media_product` FOREIGN KEY (`product_id`) REFERENCES `products` (`id`) ON DELETE CASCADE
) ENGINE=InnoDB AUTO_INCREMENT=59 DEFAULT CHARSET=utf8mb4 COLLATE=utf8mb4_unicode_ci;
/*!40101 SET character_set_client = @saved_cs_client */;

--
-- Dumping data for table `product_media`
--

LOCK TABLES `product_media` WRITE;
/*!40000 ALTER TABLE `product_media` DISABLE KEYS */;
INSERT INTO `product_media` VALUES (1,2,4,0,1),(2,2,5,1,0),(3,4,6,0,1),(4,4,7,1,0),(5,5,8,0,1),(6,5,9,1,0),(7,8,10,0,1),(8,8,11,1,0),(9,9,12,0,1),(10,9,13,1,0),(11,10,14,0,1),(12,10,15,1,0),(13,11,16,0,1),(14,11,17,1,0),(15,12,18,0,1),(16,12,19,1,0),(17,13,20,0,1),(18,14,21,0,1),(19,14,22,1,0),(20,15,23,0,1),(21,16,24,0,1),(22,16,25,1,0),(23,17,26,0,1),(24,17,27,1,0),(25,18,28,0,1),(26,19,29,0,1),(27,19,30,1,0),(28,20,31,0,1),(29,21,32,0,1),(30,22,33,0,1),(31,22,34,1,0),(32,22,35,2,0),(33,23,36,0,1),(34,24,37,0,1),(35,25,38,0,1),(36,26,39,0,1),(37,27,40,0,1),(38,28,41,0,1),(39,29,42,0,1),(40,29,43,1,0),(41,29,44,2,0),(42,30,45,0,1),(43,31,46,0,1),(44,31,47,1,0),(45,31,48,2,0),(46,31,49,3,0),(47,31,50,4,0),(48,31,51,5,0),(49,32,52,0,1),(50,33,53,0,1),(51,33,54,1,0),(52,34,55,0,1),(53,34,56,1,0),(54,35,57,0,1),(55,35,58,1,0),(56,36,59,0,1),(57,36,60,1,0),(58,36,61,2,0);
/*!40000 ALTER TABLE `product_media` ENABLE KEYS */;
UNLOCK TABLES;

--
-- Table structure for table `product_partner_links`
--

DROP TABLE IF EXISTS `product_partner_links`;
/*!40101 SET @saved_cs_client     = @@character_set_client */;
/*!50503 SET character_set_client = utf8mb4 */;
CREATE TABLE `product_partner_links` (
  `id` int NOT NULL AUTO_INCREMENT,
  `product_id` int NOT NULL,
  `partner_id` int NOT NULL,
  `product_url` varchar(255) COLLATE utf8mb4_unicode_ci NOT NULL,
  `is_active` tinyint(1) NOT NULL DEFAULT '1',
  PRIMARY KEY (`id`),
  UNIQUE KEY `uniq_product_partner` (`product_id`,`partner_id`),
  KEY `fk_ppl_partner` (`partner_id`),
  CONSTRAINT `fk_ppl_partner` FOREIGN KEY (`partner_id`) REFERENCES `partners` (`id`) ON DELETE CASCADE,
  CONSTRAINT `fk_ppl_product` FOREIGN KEY (`product_id`) REFERENCES `products` (`id`) ON DELETE CASCADE
) ENGINE=InnoDB AUTO_INCREMENT=4 DEFAULT CHARSET=utf8mb4 COLLATE=utf8mb4_unicode_ci;
/*!40101 SET character_set_client = @saved_cs_client */;

--
-- Dumping data for table `product_partner_links`
--

LOCK TABLES `product_partner_links` WRITE;
/*!40000 ALTER TABLE `product_partner_links` DISABLE KEYS */;
INSERT INTO `product_partner_links` VALUES (1,1,2,'https://a-energ.ru/lyuk-v-pol-na-2-modulya-sp01-0202-system-power',1),(2,2,2,'https://a-energ.ru/lyuk-v-pol-na-2-modulya-sp01-0204-system-power',1);
/*!40000 ALTER TABLE `product_partner_links` ENABLE KEYS */;
UNLOCK TABLES;

--
-- Table structure for table `product_specs`
--

DROP TABLE IF EXISTS `product_specs`;
/*!40101 SET @saved_cs_client     = @@character_set_client */;
/*!50503 SET character_set_client = utf8mb4 */;
CREATE TABLE `product_specs` (
  `id` int NOT NULL AUTO_INCREMENT,
  `product_id` int NOT NULL,
  `spec_key` varchar(120) COLLATE utf8mb4_unicode_ci NOT NULL,
  `sort_order` int NOT NULL DEFAULT '0',
  PRIMARY KEY (`id`),
  KEY `idx_product` (`product_id`),
  CONSTRAINT `fk_product_specs` FOREIGN KEY (`product_id`) REFERENCES `products` (`id`) ON DELETE CASCADE
) ENGINE=InnoDB AUTO_INCREMENT=149 DEFAULT CHARSET=utf8mb4 COLLATE=utf8mb4_unicode_ci;
/*!40101 SET character_set_client = @saved_cs_client */;

--
-- Dumping data for table `product_specs`
--

LOCK TABLES `product_specs` WRITE;
/*!40000 ALTER TABLE `product_specs` DISABLE KEYS */;
INSERT INTO `product_specs` VALUES (1,1,'tip-elektriki',0),(2,1,'tip-schitovogo-i-elektromontazhnogo-oborudovaniya',1),(3,2,'tip-elektriki',0),(4,2,'tip-schitovogo-i-elektromontazhnogo-oborudovaniya',1),(5,3,'tip-elektriki',0),(6,3,'tip-schitovogo-i-elektromontazhnogo-oborudovaniya',1),(7,4,'tip-elektriki',0),(8,4,'tip-schitovogo-i-elektromontazhnogo-oborudovaniya',1),(9,5,'tip-elektriki',0),(10,5,'tip-schitovogo-i-elektromontazhnogo-oborudovaniya',1),(11,6,'tip-elektriki',0),(12,6,'tip-schitovogo-i-elektromontazhnogo-oborudovaniya',1),(13,7,'tip-elektriki',0),(14,7,'tip-schitovogo-i-elektromontazhnogo-oborudovaniya',1),(15,11,'tip-elektriki',0),(16,11,'tip-schitovogo-i-elektromontazhnogo-oborudovaniya',1),(17,12,'tip-elektriki',0),(18,12,'tip-schitovogo-i-elektromontazhnogo-oborudovaniya',1),(19,13,'tip-elektriki',0),(20,13,'tip-schitovogo-i-elektromontazhnogo-oborudovaniya',1),(21,14,'tip-elektriki',0),(22,14,'tip-schitovogo-i-elektromontazhnogo-oborudovaniya',1),(23,15,'tip-elektriki',0),(24,15,'tip-schitovogo-i-elektromontazhnogo-oborudovaniya',1),(25,16,'tip-elektriki',0),(26,16,'tip-schitovogo-i-elektromontazhnogo-oborudovaniya',1),(27,17,'tip-elektriki',0),(28,17,'tip-schitovogo-i-elektromontazhnogo-oborudovaniya',1),(29,18,'tip-elektriki',0),(30,18,'tip-schitovogo-i-elektromontazhnogo-oborudovaniya',1),(31,19,'tip-elektriki',0),(32,19,'tip-schitovogo-i-elektromontazhnogo-oborudovaniya',1),(33,20,'tip-elektriki',0),(34,20,'tip-schitovogo-i-elektromontazhnogo-oborudovaniya',1),(35,21,'shirina',0),(36,21,'vysota',1),(37,21,'glubina',2),(38,21,'nominalnyy-tok',3),(39,21,'material',4),(40,21,'stepen-zaschity-ip',5),(41,21,'tsvet',6),(42,21,'kolichestvo-odnopolyusnyh-rozetok-1r-n-re-16a',7),(43,21,'kolichestvo-trehpolyusnyh-rozetok-3r-n-re-32a',8),(44,22,'shirina',0),(45,22,'vysota',1),(46,22,'glubina',2),(47,22,'nominalnyy-tok',3),(48,22,'material',4),(49,22,'stepen-zaschity-ip',5),(50,22,'tsvet',6),(51,22,'kolichestvo-odnopolyusnyh-rozetok-1r-n-re-16a',7),(52,22,'kolichestvo-trehpolyusnyh-rozetok-3r-n-re-32a',8),(53,23,'shirina',0),(54,23,'vysota',1),(55,23,'glubina',2),(56,23,'nominalnyy-tok',3),(57,23,'material',4),(58,23,'stepen-zaschity-ip',5),(59,23,'tsvet',6),(60,23,'kolichestvo-odnopolyusnyh-rozetok-1r-n-re-16a',7),(61,23,'kolichestvo-trehpolyusnyh-rozetok-3r-n-re-32a',8),(62,24,'shirina',0),(63,24,'vysota',1),(64,24,'glubina',2),(65,24,'nominalnyy-tok',3),(66,24,'material',4),(67,24,'stepen-zaschity-ip',5),(68,24,'tsvet',6),(69,24,'kolichestvo-odnopolyusnyh-rozetok-1r-n-re-16a',7),(70,24,'kolichestvo-trehpolyusnyh-rozetok-3r-n-re-32a',8),(71,25,'shirina',0),(72,25,'vysota',1),(73,25,'glubina',2),(74,25,'nominalnyy-tok',3),(75,25,'material',4),(76,25,'stepen-zaschity-ip',5),(77,25,'tsvet',6),(78,25,'kolichestvo-odnopolyusnyh-rozetok-1r-n-re-16a',7),(79,25,'kolichestvo-trehpolyusnyh-rozetok-3r-n-re-32a',8),(80,26,'shirina',0),(81,26,'vysota',1),(82,26,'glubina',2),(83,26,'nominalnyy-tok',3),(84,26,'material',4),(85,26,'stepen-zaschity-ip',5),(86,26,'tsvet',6),(87,26,'kolichestvo-odnopolyusnyh-rozetok-1r-n-re-16a',7),(88,26,'kolichestvo-trehpolyusnyh-rozetok-3r-n-re-32a',8),(89,27,'shirina',0),(90,27,'vysota',1),(91,27,'glubina',2),(92,27,'nominalnyy-tok',3),(93,27,'material',4),(94,27,'stepen-zaschity-ip',5),(95,27,'tsvet',6),(96,27,'kolichestvo-odnopolyusnyh-rozetok-1r-n-re-16a',7),(97,27,'kolichestvo-trehpolyusnyh-rozetok-3r-n-re-32a',8),(98,28,'shirina',0),(99,28,'vysota',1),(100,28,'glubina',2),(101,28,'nominalnyy-tok',3),(102,28,'material',4),(103,28,'stepen-zaschity-ip',5),(104,28,'tsvet',6),(105,28,'kolichestvo-odnopolyusnyh-rozetok-1r-n-re-16a',7),(106,28,'kolichestvo-trehpolyusnyh-rozetok-3r-n-re-32a',8),(107,29,'shirina',0),(108,29,'vysota',1),(109,29,'glubina',2),(110,29,'nominalnyy-tok',3),(111,29,'material',4),(112,29,'stepen-zaschity-ip',5),(113,29,'tsvet',6),(114,29,'kolichestvo-odnopolyusnyh-rozetok-1r-n-re-16a',7),(115,29,'kolichestvo-trehpolyusnyh-rozetok-3r-n-re-32a',8),(116,30,'shirina',0),(117,30,'vysota',1),(118,30,'glubina',2),(119,30,'nominalnyy-tok',3),(120,30,'material',4),(121,30,'stepen-zaschity-ip',5),(122,30,'tsvet',6),(123,30,'kolichestvo-odnopolyusnyh-rozetok-1r-n-re-16a',7),(124,30,'kolichestvo-trehpolyusnyh-rozetok-3r-n-re-32a',8),(125,31,'shirina',0),(126,31,'vysota',1),(127,31,'glubina',2),(128,31,'stepen-zaschity-ip',3),(129,31,'kolichestvo-odnopolyusnyh-rozetok-1r-n-re-16a',4),(130,31,'kolichestvo-trehpolyusnyh-rozetok-3r-n-re-32a',5),(131,31,'kolichestvo-odnopolyusnyh-rozetok-3r-n-re-16a',6),(132,32,'stepen-zaschity-ip',0),(133,32,'kolichestvo-odnopolyusnyh-rozetok-1r-n-re-16a',1),(134,32,'kolichestvo-trehpolyusnyh-rozetok-3r-n-re-32a',2),(135,33,'stepen-zaschity-ip',0),(136,33,'kolichestvo-odnopolyusnyh-rozetok-1r-n-re-16a',1),(137,33,'kolichestvo-trehpolyusnyh-rozetok-3r-n-re-32a',2),(138,35,'tip-elektriki',0),(139,35,'tip-schitovogo-i-elektromontazhnogo-oborudovaniya',1),(140,36,'shirina',0),(141,36,'vysota',1),(142,36,'glubina',2),(143,36,'nominalnyy-tok',3),(144,36,'material',4),(145,36,'stepen-zaschity-ip',5),(146,36,'tsvet',6),(147,36,'kolichestvo-odnopolyusnyh-rozetok-1r-n-re-16a',7),(148,36,'kolichestvo-trehpolyusnyh-rozetok-3r-n-re-32a',8);
/*!40000 ALTER TABLE `product_specs` ENABLE KEYS */;
UNLOCK TABLES;

--
-- Table structure for table `product_specs_i18n`
--

DROP TABLE IF EXISTS `product_specs_i18n`;
/*!40101 SET @saved_cs_client     = @@character_set_client */;
/*!50503 SET character_set_client = utf8mb4 */;
CREATE TABLE `product_specs_i18n` (
  `id` int NOT NULL AUTO_INCREMENT,
  `product_spec_id` int NOT NULL,
  `locale` enum('ru','en') COLLATE utf8mb4_unicode_ci NOT NULL,
  `name` varchar(255) COLLATE utf8mb4_unicode_ci NOT NULL,
  `value` varchar(255) COLLATE utf8mb4_unicode_ci NOT NULL,
  PRIMARY KEY (`id`),
  UNIQUE KEY `uniq_spec_locale` (`product_spec_id`,`locale`),
  CONSTRAINT `fk_product_specs_i18n` FOREIGN KEY (`product_spec_id`) REFERENCES `product_specs` (`id`) ON DELETE CASCADE
) ENGINE=InnoDB AUTO_INCREMENT=297 DEFAULT CHARSET=utf8mb4 COLLATE=utf8mb4_unicode_ci;
/*!40101 SET character_set_client = @saved_cs_client */;

--
-- Dumping data for table `product_specs_i18n`
--

LOCK TABLES `product_specs_i18n` WRITE;
/*!40000 ALTER TABLE `product_specs_i18n` DISABLE KEYS */;
INSERT INTO `product_specs_i18n` VALUES (1,1,'ru','Тип электрики','Щитовое и электромонтажное оборудование'),(2,1,'en','Тип электрики','Щитовое и электромонтажное оборудование'),(3,2,'ru','Тип щитового и электромонтажного оборудования','Кабель каналы'),(4,2,'en','Тип щитового и электромонтажного оборудования','Кабель каналы'),(5,3,'ru','Тип электрики','Щитовое и электромонтажное оборудование'),(6,3,'en','Тип электрики','Щитовое и электромонтажное оборудование'),(7,4,'ru','Тип щитового и электромонтажного оборудования','Кабель каналы'),(8,4,'en','Тип щитового и электромонтажного оборудования','Кабель каналы'),(9,5,'ru','Тип электрики','Щитовое и электромонтажное оборудование'),(10,5,'en','Тип электрики','Щитовое и электромонтажное оборудование'),(11,6,'ru','Тип щитового и электромонтажного оборудования','Кабель каналы'),(12,6,'en','Тип щитового и электромонтажного оборудования','Кабель каналы'),(13,7,'ru','Тип электрики','Щитовое и электромонтажное оборудование'),(14,7,'en','Тип электрики','Щитовое и электромонтажное оборудование'),(15,8,'ru','Тип щитового и электромонтажного оборудования','Кабель каналы'),(16,8,'en','Тип щитового и электромонтажного оборудования','Кабель каналы'),(17,9,'ru','Тип электрики','Щитовое и электромонтажное оборудование'),(18,9,'en','Тип электрики','Щитовое и электромонтажное оборудование'),(19,10,'ru','Тип щитового и электромонтажного оборудования','Кабель каналы'),(20,10,'en','Тип щитового и электромонтажного оборудования','Кабель каналы'),(21,11,'ru','Тип электрики','Щитовое и электромонтажное оборудование'),(22,11,'en','Тип электрики','Щитовое и электромонтажное оборудование'),(23,12,'ru','Тип щитового и электромонтажного оборудования','Кабель каналы'),(24,12,'en','Тип щитового и электромонтажного оборудования','Кабель каналы'),(25,13,'ru','Тип электрики','Щитовое и электромонтажное оборудование'),(26,13,'en','Тип электрики','Щитовое и электромонтажное оборудование'),(27,14,'ru','Тип щитового и электромонтажного оборудования','Кабель каналы'),(28,14,'en','Тип щитового и электромонтажного оборудования','Кабель каналы'),(29,15,'ru','Тип электрики','Щитовое и электромонтажное оборудование'),(30,15,'en','Тип электрики','Щитовое и электромонтажное оборудование'),(31,16,'ru','Тип щитового и электромонтажного оборудования','Кабель каналы'),(32,16,'en','Тип щитового и электромонтажного оборудования','Кабель каналы'),(33,17,'ru','Тип электрики','Щитовое и электромонтажное оборудование'),(34,17,'en','Тип электрики','Щитовое и электромонтажное оборудование'),(35,18,'ru','Тип щитового и электромонтажного оборудования','Кабель каналы'),(36,18,'en','Тип щитового и электромонтажного оборудования','Кабель каналы'),(37,19,'ru','Тип электрики','Щитовое и электромонтажное оборудование'),(38,19,'en','Тип электрики','Щитовое и электромонтажное оборудование'),(39,20,'ru','Тип щитового и электромонтажного оборудования','Кабель каналы'),(40,20,'en','Тип щитового и электромонтажного оборудования','Кабель каналы'),(41,21,'ru','Тип электрики','Щитовое и электромонтажное оборудование'),(42,21,'en','Тип электрики','Щитовое и электромонтажное оборудование'),(43,22,'ru','Тип щитового и электромонтажного оборудования','Кабель каналы'),(44,22,'en','Тип щитового и электромонтажного оборудования','Кабель каналы'),(45,23,'ru','Тип электрики','Щитовое и электромонтажное оборудование'),(46,23,'en','Тип электрики','Щитовое и электромонтажное оборудование'),(47,24,'ru','Тип щитового и электромонтажного оборудования','Кабель каналы'),(48,24,'en','Тип щитового и электромонтажного оборудования','Кабель каналы'),(49,25,'ru','Тип электрики','Щитовое и электромонтажное оборудование'),(50,25,'en','Тип электрики','Щитовое и электромонтажное оборудование'),(51,26,'ru','Тип щитового и электромонтажного оборудования','Кабель каналы'),(52,26,'en','Тип щитового и электромонтажного оборудования','Кабель каналы'),(53,27,'ru','Тип электрики','Щитовое и электромонтажное оборудование'),(54,27,'en','Тип электрики','Щитовое и электромонтажное оборудование'),(55,28,'ru','Тип щитового и электромонтажного оборудования','Кабель каналы'),(56,28,'en','Тип щитового и электромонтажного оборудования','Кабель каналы'),(57,29,'ru','Тип электрики','Щитовое и электромонтажное оборудование'),(58,29,'en','Тип электрики','Щитовое и электромонтажное оборудование'),(59,30,'ru','Тип щитового и электромонтажного оборудования','Кабель каналы'),(60,30,'en','Тип щитового и электромонтажного оборудования','Кабель каналы'),(61,31,'ru','Тип электрики','Щитовое и электромонтажное оборудование'),(62,31,'en','Тип электрики','Щитовое и электромонтажное оборудование'),(63,32,'ru','Тип щитового и электромонтажного оборудования','Кабель каналы'),(64,32,'en','Тип щитового и электромонтажного оборудования','Кабель каналы'),(65,33,'ru','Тип электрики','Щитовое и электромонтажное оборудование'),(66,33,'en','Тип электрики','Щитовое и электромонтажное оборудование'),(67,34,'ru','Тип щитового и электромонтажного оборудования','Кабель каналы'),(68,34,'en','Тип щитового и электромонтажного оборудования','Кабель каналы'),(69,35,'ru','Ширина','460'),(70,35,'en','Ширина','460'),(71,36,'ru','Высота','570'),(72,36,'en','Высота','570'),(73,37,'ru','Глубина','260'),(74,37,'en','Глубина','260'),(75,38,'ru','Номинальный ток','50А'),(76,38,'en','Номинальный ток','50А'),(77,39,'ru','Материал','Сталь'),(78,39,'en','Материал','Сталь'),(79,40,'ru','Степень защиты (IP)','IP44'),(80,40,'en','Степень защиты (IP)','IP44'),(81,41,'ru','Цвет','Серый'),(82,41,'en','Цвет','Серый'),(83,42,'ru','Количество однополюсных розеток (1Р+N+РЕ 16А)','3'),(84,42,'en','Количество однополюсных розеток (1Р+N+РЕ 16А)','3'),(85,43,'ru','Количество трехполюсных розеток (3Р+N+РЕ 32А)','3'),(86,43,'en','Количество трехполюсных розеток (3Р+N+РЕ 32А)','3'),(87,44,'ru','Ширина','460'),(88,44,'en','Ширина','460'),(89,45,'ru','Высота','570'),(90,45,'en','Высота','570'),(91,46,'ru','Глубина','260'),(92,46,'en','Глубина','260'),(93,47,'ru','Номинальный ток','50А'),(94,47,'en','Номинальный ток','50А'),(95,48,'ru','Материал','Сталь'),(96,48,'en','Материал','Сталь'),(97,49,'ru','Степень защиты (IP)','IP44'),(98,49,'en','Степень защиты (IP)','IP44'),(99,50,'ru','Цвет','Серый'),(100,50,'en','Цвет','Серый'),(101,51,'ru','Количество однополюсных розеток (1Р+N+РЕ 16А)','3'),(102,51,'en','Количество однополюсных розеток (1Р+N+РЕ 16А)','3'),(103,52,'ru','Количество трехполюсных розеток (3Р+N+РЕ 32А)','1'),(104,52,'en','Количество трехполюсных розеток (3Р+N+РЕ 32А)','1'),(105,53,'ru','Ширина','460'),(106,53,'en','Ширина','460'),(107,54,'ru','Высота','570'),(108,54,'en','Высота','570'),(109,55,'ru','Глубина','260'),(110,55,'en','Глубина','260'),(111,56,'ru','Номинальный ток','50А'),(112,56,'en','Номинальный ток','50А'),(113,57,'ru','Материал','Сталь'),(114,57,'en','Материал','Сталь'),(115,58,'ru','Степень защиты (IP)','IP44'),(116,58,'en','Степень защиты (IP)','IP44'),(117,59,'ru','Цвет','Серый'),(118,59,'en','Цвет','Серый'),(119,60,'ru','Количество однополюсных розеток (1Р+N+РЕ 16А)','3'),(120,60,'en','Количество однополюсных розеток (1Р+N+РЕ 16А)','3'),(121,61,'ru','Количество трехполюсных розеток (3Р+N+РЕ 32А)','2'),(122,61,'en','Количество трехполюсных розеток (3Р+N+РЕ 32А)','2'),(123,62,'ru','Ширина','460'),(124,62,'en','Ширина','460'),(125,63,'ru','Высота','570'),(126,63,'en','Высота','570'),(127,64,'ru','Глубина','260'),(128,64,'en','Глубина','260'),(129,65,'ru','Номинальный ток','63А'),(130,65,'en','Номинальный ток','63А'),(131,66,'ru','Материал','Сталь'),(132,66,'en','Материал','Сталь'),(133,67,'ru','Степень защиты (IP)','IP44'),(134,67,'en','Степень защиты (IP)','IP44'),(135,68,'ru','Цвет','Серый'),(136,68,'en','Цвет','Серый'),(137,69,'ru','Количество однополюсных розеток (1Р+N+РЕ 16А)','4'),(138,69,'en','Количество однополюсных розеток (1Р+N+РЕ 16А)','4'),(139,70,'ru','Количество трехполюсных розеток (3Р+N+РЕ 32А)','3'),(140,70,'en','Количество трехполюсных розеток (3Р+N+РЕ 32А)','3'),(141,71,'ru','Ширина','460'),(142,71,'en','Ширина','460'),(143,72,'ru','Высота','570'),(144,72,'en','Высота','570'),(145,73,'ru','Глубина','260'),(146,73,'en','Глубина','260'),(147,74,'ru','Номинальный ток','63А'),(148,74,'en','Номинальный ток','63А'),(149,75,'ru','Материал','Сталь'),(150,75,'en','Материал','Сталь'),(151,76,'ru','Степень защиты (IP)','IP44'),(152,76,'en','Степень защиты (IP)','IP44'),(153,77,'ru','Цвет','Серый'),(154,77,'en','Цвет','Серый'),(155,78,'ru','Количество однополюсных розеток (1Р+N+РЕ 16А)','4'),(156,78,'en','Количество однополюсных розеток (1Р+N+РЕ 16А)','4'),(157,79,'ru','Количество трехполюсных розеток (3Р+N+РЕ 32А)','1'),(158,79,'en','Количество трехполюсных розеток (3Р+N+РЕ 32А)','1'),(159,80,'ru','Ширина','460'),(160,80,'en','Ширина','460'),(161,81,'ru','Высота','570'),(162,81,'en','Высота','570'),(163,82,'ru','Глубина','260'),(164,82,'en','Глубина','260'),(165,83,'ru','Номинальный ток','63А'),(166,83,'en','Номинальный ток','63А'),(167,84,'ru','Материал','Сталь'),(168,84,'en','Материал','Сталь'),(169,85,'ru','Степень защиты (IP)','IP44'),(170,85,'en','Степень защиты (IP)','IP44'),(171,86,'ru','Цвет','Серый'),(172,86,'en','Цвет','Серый'),(173,87,'ru','Количество однополюсных розеток (1Р+N+РЕ 16А)','4'),(174,87,'en','Количество однополюсных розеток (1Р+N+РЕ 16А)','4'),(175,88,'ru','Количество трехполюсных розеток (3Р+N+РЕ 32А)','2'),(176,88,'en','Количество трехполюсных розеток (3Р+N+РЕ 32А)','2'),(177,89,'ru','Ширина','460'),(178,89,'en','Ширина','460'),(179,90,'ru','Высота','570'),(180,90,'en','Высота','570'),(181,91,'ru','Глубина','260'),(182,91,'en','Глубина','260'),(183,92,'ru','Номинальный ток','63'),(184,92,'en','Номинальный ток','63'),(185,93,'ru','Материал','Сталь'),(186,93,'en','Материал','Сталь'),(187,94,'ru','Степень защиты (IP)','IP44'),(188,94,'en','Степень защиты (IP)','IP44'),(189,95,'ru','Цвет','Серый'),(190,95,'en','Цвет','Серый'),(191,96,'ru','Количество однополюсных розеток (1Р+N+РЕ 16А)','4'),(192,96,'en','Количество однополюсных розеток (1Р+N+РЕ 16А)','4'),(193,97,'ru','Количество трехполюсных розеток (3Р+N+РЕ 32А)','4'),(194,97,'en','Количество трехполюсных розеток (3Р+N+РЕ 32А)','4'),(195,98,'ru','Ширина','460'),(196,98,'en','Ширина','460'),(197,99,'ru','Высота','570'),(198,99,'en','Высота','570'),(199,100,'ru','Глубина','260'),(200,100,'en','Глубина','260'),(201,101,'ru','Номинальный ток','100А'),(202,101,'en','Номинальный ток','100А'),(203,102,'ru','Материал','Сталь'),(204,102,'en','Материал','Сталь'),(205,103,'ru','Степень защиты (IP)','IP44'),(206,103,'en','Степень защиты (IP)','IP44'),(207,104,'ru','Цвет','Серый'),(208,104,'en','Цвет','Серый'),(209,105,'ru','Количество однополюсных розеток (1Р+N+РЕ 16А)','6'),(210,105,'en','Количество однополюсных розеток (1Р+N+РЕ 16А)','6'),(211,106,'ru','Количество трехполюсных розеток (3Р+N+РЕ 32А)','2'),(212,106,'en','Количество трехполюсных розеток (3Р+N+РЕ 32А)','2'),(213,107,'ru','Ширина','460'),(214,107,'en','Ширина','460'),(215,108,'ru','Высота','570'),(216,108,'en','Высота','570'),(217,109,'ru','Глубина','260'),(218,109,'en','Глубина','260'),(219,110,'ru','Номинальный ток','100А'),(220,110,'en','Номинальный ток','100А'),(221,111,'ru','Материал','Сталь'),(222,111,'en','Материал','Сталь'),(223,112,'ru','Степень защиты (IP)','IP44'),(224,112,'en','Степень защиты (IP)','IP44'),(225,113,'ru','Цвет','Серый'),(226,113,'en','Цвет','Серый'),(227,114,'ru','Количество однополюсных розеток (1Р+N+РЕ 16А)','6'),(228,114,'en','Количество однополюсных розеток (1Р+N+РЕ 16А)','6'),(229,115,'ru','Количество трехполюсных розеток (3Р+N+РЕ 32А)','3'),(230,115,'en','Количество трехполюсных розеток (3Р+N+РЕ 32А)','3'),(231,116,'ru','Ширина','460'),(232,116,'en','Ширина','460'),(233,117,'ru','Высота','570'),(234,117,'en','Высота','570'),(235,118,'ru','Глубина','260'),(236,118,'en','Глубина','260'),(237,119,'ru','Номинальный ток','100А'),(238,119,'en','Номинальный ток','100А'),(239,120,'ru','Материал','Сталь'),(240,120,'en','Материал','Сталь'),(241,121,'ru','Степень защиты (IP)','IP44'),(242,121,'en','Степень защиты (IP)','IP44'),(243,122,'ru','Цвет','Серый'),(244,122,'en','Цвет','Серый'),(245,123,'ru','Количество однополюсных розеток (1Р+N+РЕ 16А)','6'),(246,123,'en','Количество однополюсных розеток (1Р+N+РЕ 16А)','6'),(247,124,'ru','Количество трехполюсных розеток (3Р+N+РЕ 32А)','4'),(248,124,'en','Количество трехполюсных розеток (3Р+N+РЕ 32А)','4'),(249,125,'ru','Ширина','460'),(250,125,'en','Ширина','460'),(251,126,'ru','Высота','570'),(252,126,'en','Высота','570'),(253,127,'ru','Глубина','260'),(254,127,'en','Глубина','260'),(255,128,'ru','Степень защиты (IP)','IP44'),(256,128,'en','Степень защиты (IP)','IP44'),(257,129,'ru','Количество однополюсных розеток (1Р+N+РЕ 16А)','6'),(258,129,'en','Количество однополюсных розеток (1Р+N+РЕ 16А)','6'),(259,130,'ru','Количество трехполюсных розеток (3Р+N+РЕ 32А)','1'),(260,130,'en','Количество трехполюсных розеток (3Р+N+РЕ 32А)','1'),(261,131,'ru','Количество однополюсных розеток (3Р+N+РЕ 16А)','1'),(262,131,'en','Количество однополюсных розеток (3Р+N+РЕ 16А)','1'),(263,132,'ru','Степень защиты (IP)','IP44'),(264,132,'en','Степень защиты (IP)','IP44'),(265,133,'ru','Количество однополюсных розеток (1Р+N+РЕ 16А)','4'),(266,133,'en','Количество однополюсных розеток (1Р+N+РЕ 16А)','4'),(267,134,'ru','Количество трехполюсных розеток (3Р+N+РЕ 32А)','3'),(268,134,'en','Количество трехполюсных розеток (3Р+N+РЕ 32А)','3'),(269,135,'ru','Степень защиты (IP)','IP44'),(270,135,'en','Степень защиты (IP)','IP44'),(271,136,'ru','Количество однополюсных розеток (1Р+N+РЕ 16А)','6'),(272,136,'en','Количество однополюсных розеток (1Р+N+РЕ 16А)','6'),(273,137,'ru','Количество трехполюсных розеток (3Р+N+РЕ 32А)','2'),(274,137,'en','Количество трехполюсных розеток (3Р+N+РЕ 32А)','2'),(275,138,'ru','Тип электрики','Щитовое и электромонтажное оборудование'),(276,138,'en','Тип электрики','Щитовое и электромонтажное оборудование'),(277,139,'ru','Тип щитового и электромонтажного оборудования','Кабель каналы'),(278,139,'en','Тип щитового и электромонтажного оборудования','Кабель каналы'),(279,140,'ru','Ширина','460'),(280,140,'en','Ширина','460'),(281,141,'ru','Высота','570'),(282,141,'en','Высота','570'),(283,142,'ru','Глубина','260'),(284,142,'en','Глубина','260'),(285,143,'ru','Номинальный ток','100А'),(286,143,'en','Номинальный ток','100А'),(287,144,'ru','Материал','Сталь'),(288,144,'en','Материал','Сталь'),(289,145,'ru','Степень защиты (IP)','IP44'),(290,145,'en','Степень защиты (IP)','IP44'),(291,146,'ru','Цвет','Серый'),(292,146,'en','Цвет','Серый'),(293,147,'ru','Количество однополюсных розеток (1Р+N+РЕ 16А)','6'),(294,147,'en','Количество однополюсных розеток (1Р+N+РЕ 16А)','6'),(295,148,'ru','Количество трехполюсных розеток (3Р+N+РЕ 32А)','2'),(296,148,'en','Количество трехполюсных розеток (3Р+N+РЕ 32А)','2');
/*!40000 ALTER TABLE `product_specs_i18n` ENABLE KEYS */;
UNLOCK TABLES;

--
-- Table structure for table `products`
--

DROP TABLE IF EXISTS `products`;
/*!40101 SET @saved_cs_client     = @@character_set_client */;
/*!50503 SET character_set_client = utf8mb4 */;
CREATE TABLE `products` (
  `id` int NOT NULL AUTO_INCREMENT,
  `category_id` int NOT NULL,
  `sku` varchar(64) COLLATE utf8mb4_unicode_ci DEFAULT NULL,
  `is_active` tinyint(1) NOT NULL DEFAULT '1',
  `sort_order` int NOT NULL DEFAULT '0',
  `created_at` datetime NOT NULL DEFAULT CURRENT_TIMESTAMP,
  `updated_at` datetime NOT NULL DEFAULT CURRENT_TIMESTAMP ON UPDATE CURRENT_TIMESTAMP,
  PRIMARY KEY (`id`),
  UNIQUE KEY `uniq_sku` (`sku`),
  KEY `idx_category` (`category_id`),
  CONSTRAINT `fk_products_category` FOREIGN KEY (`category_id`) REFERENCES `categories` (`id`) ON DELETE RESTRICT
) ENGINE=InnoDB AUTO_INCREMENT=37 DEFAULT CHARSET=utf8mb4 COLLATE=utf8mb4_unicode_ci;
/*!40101 SET character_set_client = @saved_cs_client */;

--
-- Dumping data for table `products`
--

LOCK TABLES `products` WRITE;
/*!40000 ALTER TABLE `products` DISABLE KEYS */;
INSERT INTO `products` VALUES (1,1,'SP01-0102',1,0,'2026-01-30 09:17:56','2026-01-30 09:17:56'),(2,1,'SP01-0104',1,0,'2026-01-30 09:17:56','2026-01-30 09:17:56'),(3,1,'SP01-0106',1,0,'2026-01-30 09:17:56','2026-01-30 09:17:56'),(4,1,'SP01-0108',1,0,'2026-01-30 09:17:56','2026-01-30 09:17:56'),(5,1,'SP01-0112',1,0,'2026-01-30 09:17:56','2026-01-30 09:17:56'),(6,1,'SP01-0202',1,0,'2026-01-30 09:17:56','2026-01-30 09:17:56'),(7,1,'SP01-0206',1,0,'2026-01-30 09:17:57','2026-01-30 09:17:57'),(8,1,'SP01-0208',1,0,'2026-01-30 09:17:57','2026-01-30 09:17:57'),(9,1,'SP01-0212',1,0,'2026-01-30 09:17:57','2026-01-30 09:17:57'),(10,1,'SP01-0204',1,0,'2026-01-30 09:17:57','2026-01-30 09:17:57'),(11,1,'SP01-0302',1,0,'2026-01-30 09:17:57','2026-01-30 09:17:57'),(12,1,'SP01-0304',1,0,'2026-01-30 09:17:57','2026-01-30 09:17:57'),(13,1,'SP01-0306',1,0,'2026-01-30 09:17:57','2026-01-30 09:17:57'),(14,1,'SP01-0308',1,0,'2026-01-30 09:17:57','2026-01-30 09:17:57'),(15,1,'SP01-031200',1,0,'2026-01-30 09:17:57','2026-01-30 09:17:57'),(16,1,'SP01-0402',1,0,'2026-01-30 09:17:57','2026-01-30 09:17:57'),(17,1,'SP01-0404',1,0,'2026-01-30 09:17:57','2026-01-30 09:17:57'),(18,1,'SP01-0406',1,0,'2026-01-30 09:17:57','2026-01-30 09:17:57'),(19,1,'SP01-0408',1,0,'2026-01-30 09:17:57','2026-01-30 09:17:57'),(20,1,'SP01-0412',1,0,'2026-01-30 09:17:57','2026-01-30 09:17:57'),(21,2,'SP02-5033',1,0,'2026-01-30 09:17:57','2026-01-30 09:17:57'),(22,2,'SP02-050311',1,0,'2026-01-30 09:17:57','2026-01-30 09:17:57'),(23,2,'SP02-5032',1,0,'2026-01-30 09:17:57','2026-01-30 09:17:57'),(24,2,'SP02-6343',1,0,'2026-01-30 09:17:57','2026-01-30 09:17:57'),(25,2,'SP02-6341',1,0,'2026-01-30 09:17:57','2026-01-30 09:17:57'),(26,2,'SP02-6342',1,0,'2026-01-30 09:17:57','2026-01-30 09:17:57'),(27,2,'SP02-6344',1,0,'2026-01-30 09:17:57','2026-01-30 09:17:57'),(28,2,'SP02-1062',1,0,'2026-01-30 09:17:57','2026-01-30 09:17:57'),(29,2,'SP02-100603',1,0,'2026-01-30 09:17:57','2026-01-30 09:17:57'),(30,2,'SP02-1064',1,0,'2026-01-30 09:17:57','2026-01-30 09:17:57'),(31,2,'SP02-063611',1,0,'2026-01-30 09:17:57','2026-01-30 09:17:57'),(32,2,'SP02-080403',1,0,'2026-01-30 09:17:57','2026-01-30 09:17:57'),(33,2,'SP02-080602',1,0,'2026-01-30 09:17:57','2026-01-30 09:17:57'),(34,1,'SP01-0216',1,0,'2026-01-30 09:17:57','2026-01-30 09:17:57'),(35,1,'SP01-0116',1,0,'2026-01-30 09:17:57','2026-01-30 09:17:57'),(36,2,'SP02-100602',1,0,'2026-01-30 09:17:57','2026-01-30 09:17:57');
/*!40000 ALTER TABLE `products` ENABLE KEYS */;
UNLOCK TABLES;

--
-- Table structure for table `seo_meta`
--

DROP TABLE IF EXISTS `seo_meta`;
/*!40101 SET @saved_cs_client     = @@character_set_client */;
/*!50503 SET character_set_client = utf8mb4 */;
CREATE TABLE `seo_meta` (
  `id` int NOT NULL AUTO_INCREMENT,
  `entity_type` enum('page','category','product') COLLATE utf8mb4_unicode_ci NOT NULL,
  `entity_id` int NOT NULL,
  `locale` enum('ru','en') COLLATE utf8mb4_unicode_ci NOT NULL,
  `title` varchar(255) COLLATE utf8mb4_unicode_ci NOT NULL,
  `description` varchar(500) COLLATE utf8mb4_unicode_ci NOT NULL,
  `h1` varchar(255) COLLATE utf8mb4_unicode_ci NOT NULL,
  `slug` varchar(160) COLLATE utf8mb4_unicode_ci NOT NULL,
  `canonical` varchar(255) COLLATE utf8mb4_unicode_ci DEFAULT NULL,
  `og_title` varchar(255) COLLATE utf8mb4_unicode_ci DEFAULT NULL,
  `og_description` varchar(500) COLLATE utf8mb4_unicode_ci DEFAULT NULL,
  `og_image_id` int DEFAULT NULL,
  `created_at` datetime NOT NULL DEFAULT CURRENT_TIMESTAMP,
  `updated_at` datetime NOT NULL DEFAULT CURRENT_TIMESTAMP ON UPDATE CURRENT_TIMESTAMP,
  PRIMARY KEY (`id`),
  KEY `idx_entity` (`entity_type`,`entity_id`,`locale`)
) ENGINE=InnoDB AUTO_INCREMENT=93 DEFAULT CHARSET=utf8mb4 COLLATE=utf8mb4_unicode_ci;
/*!40101 SET character_set_client = @saved_cs_client */;

--
-- Dumping data for table `seo_meta`
--

LOCK TABLES `seo_meta` WRITE;
/*!40000 ALTER TABLE `seo_meta` DISABLE KEYS */;
INSERT INTO `seo_meta` VALUES (1,'page',1,'ru','System Power — инженерные решения','System Power — инженерные решения и производство электротехнического оборудования для систем электропитания.','System Power — инженерные решения, за которые мы отвечаем','home',NULL,NULL,NULL,NULL,'2026-01-30 08:19:51','2026-02-02 04:37:21'),(2,'page',1,'en','System Power — engineering solutions','System Power manufactures electrical equipment for power distribution and protection systems.','System Power — engineering solutions we stand behind','home',NULL,NULL,NULL,NULL,'2026-01-30 08:19:51','2026-02-02 04:37:21'),(3,'page',2,'ru','Продукция System Power','Электротехническое оборудование для надежного распределения и защиты электропитания.','Продукция System Power','products',NULL,NULL,NULL,NULL,'2026-01-30 08:19:51','2026-01-30 08:19:51'),(4,'page',2,'en','System Power products','Electrical equipment for reliable power distribution and protection.','System Power products','products',NULL,NULL,NULL,NULL,'2026-01-30 08:19:51','2026-01-30 08:19:51'),(5,'page',3,'ru','Собственное производство System Power','Собственное производство электротехнического оборудования System Power в Смоленске.','Собственное производство System Power','custom-production',NULL,NULL,NULL,NULL,'2026-01-30 08:19:51','2026-02-02 04:37:21'),(6,'page',3,'en','System Power in-house manufacturing','In-house manufacturing of System Power electrical equipment in Smolensk.','System Power in-house manufacturing','custom-production',NULL,NULL,NULL,NULL,'2026-01-30 08:19:51','2026-02-02 04:37:21'),(7,'page',4,'ru','Контроль качества','Контроль качества и ответственность производителя System Power.','Контроль качества и ответственность производителя','quality',NULL,NULL,NULL,NULL,'2026-01-30 08:19:51','2026-02-02 04:37:21'),(8,'page',4,'en','Quality control','Quality control and manufacturer responsibility at System Power.','Quality control and manufacturer responsibility','quality',NULL,NULL,NULL,NULL,'2026-01-30 08:19:51','2026-02-02 04:37:21'),(9,'page',5,'ru','Где купить','Официальные дистрибьюторы и маркетплейсы System Power.','Где купить','where-to-buy',NULL,NULL,NULL,NULL,'2026-01-30 08:19:51','2026-01-30 08:19:51'),(10,'page',5,'en','Where to buy','Official distributors and marketplaces for System Power.','Where to buy','where-to-buy',NULL,NULL,NULL,NULL,'2026-01-30 08:19:51','2026-01-30 08:19:51'),(11,'page',6,'ru','Контакты','Контакты System Power и компании «Системные Решения».','Контакты','contacts',NULL,NULL,NULL,NULL,'2026-01-30 08:19:51','2026-01-30 08:19:51'),(12,'page',6,'en','Contacts','Contacts for System Power and System Solutions.','Contacts','contacts',NULL,NULL,NULL,NULL,'2026-01-30 08:19:51','2026-01-30 08:19:51'),(13,'category',1,'ru','Лючки System Power','Лючки для организации точек подключения в промышленных и коммерческих помещениях.','Лючки','hatches',NULL,NULL,NULL,NULL,'2026-01-30 08:19:51','2026-01-30 08:19:51'),(14,'category',1,'en','System Power floor boxes','Floor boxes for organizing connection points in industrial and commercial facilities.','Floor boxes','hatches',NULL,NULL,NULL,NULL,'2026-01-30 08:19:51','2026-01-30 08:19:51'),(15,'category',2,'ru','Электротехнические шкафы System Power','Распределительные и управляющие шкафы System Power.','Электротехнические шкафы','electrical-cabinets',NULL,NULL,NULL,NULL,'2026-01-30 08:19:51','2026-01-30 08:19:51'),(16,'category',2,'en','System Power electrical enclosures','Distribution and control enclosures by System Power.','Electrical enclosures','electrical-cabinets',NULL,NULL,NULL,NULL,'2026-01-30 08:19:51','2026-01-30 08:19:51'),(17,'product',1,'ru','Напольный лючок на 2 модуля (одну розетку 45x45) IP54 System Power SP01-0102 | System Power','','','lyuk-v-pol-na-2-modulya-sp01-0202-system-power',NULL,NULL,NULL,NULL,'2026-01-30 09:17:56','2026-02-01 13:16:23'),(18,'product',1,'en','Напольный лючок на 2 модуля (одну розетку 45x45) IP54 System Power SP01-0102 | System Power','','','lyuk-v-pol-na-2-modulya-sp01-0202-system-power',NULL,NULL,NULL,NULL,'2026-01-30 09:17:56','2026-02-01 13:16:23'),(19,'product',2,'ru','Напольный лючок на 4 модуля (2 розетки 45x45) IP54 System Power SP01-0104 | System Power','','','lyuk-v-pol-na-2-modulya-sp01-0204-system-power',NULL,NULL,NULL,NULL,'2026-01-30 09:17:56','2026-02-01 13:16:23'),(20,'product',2,'en','Напольный лючок на 4 модуля (2 розетки 45x45) IP54 System Power SP01-0104 | System Power','','','lyuk-v-pol-na-2-modulya-sp01-0204-system-power',NULL,NULL,NULL,NULL,'2026-01-30 09:17:56','2026-02-01 13:16:23'),(21,'product',3,'ru','Напольный лючок на 6 модулей (3 розетки 45x45) IP54 System Power SP01-0106 | System Power','','','lyuk-v-pol-na-2-modulya-sp01-0206-system-power',NULL,NULL,NULL,NULL,'2026-01-30 09:17:56','2026-02-01 13:16:23'),(22,'product',3,'en','Напольный лючок на 6 модулей (3 розетки 45x45) IP54 System Power SP01-0106 | System Power','','','lyuk-v-pol-na-2-modulya-sp01-0206-system-power',NULL,NULL,NULL,NULL,'2026-01-30 09:17:56','2026-02-01 13:16:23'),(23,'product',4,'ru','Напольный лючок на 8 модулей (4 розетки 45x45) IP54 System Power SP01-0108 | System Power','','','lyuk-v-pol-na-2-modulya-sp01-0209-system-power',NULL,NULL,NULL,NULL,'2026-01-30 09:17:56','2026-02-01 13:16:23'),(24,'product',4,'en','Напольный лючок на 8 модулей (4 розетки 45x45) IP54 System Power SP01-0108 | System Power','','','lyuk-v-pol-na-2-modulya-sp01-0209-system-power',NULL,NULL,NULL,NULL,'2026-01-30 09:17:56','2026-02-01 13:16:23'),(25,'product',5,'ru','Напольный лючок на 12 модулей (6 розеток 45x45) IP54 System Power SP01-0112 | System Power','','','lyuk-v-pol-na-2-modulya-sp01-0212-system-power',NULL,NULL,NULL,NULL,'2026-01-30 09:17:56','2026-02-01 13:16:23'),(26,'product',5,'en','Напольный лючок на 12 модулей (6 розеток 45x45) IP54 System Power SP01-0112 | System Power','','','lyuk-v-pol-na-2-modulya-sp01-0212-system-power',NULL,NULL,NULL,NULL,'2026-01-30 09:17:56','2026-02-01 13:16:23'),(27,'product',6,'ru','Лючок-невидимка в пол на 2 модуля (одну розетку 45x45) IP54 System Power SP01-0202 | System Power','','','luchok-v-pol-skrytoi-ustanovki-na-2-modulya-ip55-sp01-0202-system-power',NULL,NULL,NULL,NULL,'2026-01-30 09:17:57','2026-02-01 13:16:23'),(28,'product',6,'en','Лючок-невидимка в пол на 2 модуля (одну розетку 45x45) IP54 System Power SP01-0202 | System Power','','','luchok-v-pol-skrytoi-ustanovki-na-2-modulya-ip55-sp01-0202-system-power',NULL,NULL,NULL,NULL,'2026-01-30 09:17:57','2026-02-01 13:16:23'),(29,'product',7,'ru','Лючок-невидимка в пол на 6 модулей (3 розетки 45x45) IP54 System Power SP01-0206 | System Power','','','luchok-v-pol-skrytoi-ustanovki-na-2-modulya-ip55-sp01-0206-system-power',NULL,NULL,NULL,NULL,'2026-01-30 09:17:57','2026-02-01 13:16:23'),(30,'product',7,'en','Лючок-невидимка в пол на 6 модулей (3 розетки 45x45) IP54 System Power SP01-0206 | System Power','','','luchok-v-pol-skrytoi-ustanovki-na-2-modulya-ip55-sp01-0206-system-power',NULL,NULL,NULL,NULL,'2026-01-30 09:17:57','2026-02-01 13:16:23'),(31,'product',8,'ru','Напольный лючок-невидимка на 8 модулей (4 розетки 45x45) IP54 System Power SP01-0208 | System Power','','','luchok-v-pol-skrytoi-ustanovki-na-2-modulya-ip55-sp01-0209-system-power',NULL,NULL,NULL,NULL,'2026-01-30 09:17:57','2026-02-01 13:16:23'),(32,'product',8,'en','Напольный лючок-невидимка на 8 модулей (4 розетки 45x45) IP54 System Power SP01-0208 | System Power','','','luchok-v-pol-skrytoi-ustanovki-na-2-modulya-ip55-sp01-0209-system-power',NULL,NULL,NULL,NULL,'2026-01-30 09:17:57','2026-02-01 13:16:23'),(33,'product',9,'ru','Напольный лючок-невидимка на 12 модулей (6 розеток 45x45) IP54 System Power SP01-0212 | System Power','','','luchok-v-pol-skrytoi-ustanovki-na-2-modulya-ip55-sp01-0212-system-power',NULL,NULL,NULL,NULL,'2026-01-30 09:17:57','2026-02-01 13:16:23'),(34,'product',9,'en','Напольный лючок-невидимка на 12 модулей (6 розеток 45x45) IP54 System Power SP01-0212 | System Power','','','luchok-v-pol-skrytoi-ustanovki-na-2-modulya-ip55-sp01-0212-system-power',NULL,NULL,NULL,NULL,'2026-01-30 09:17:57','2026-02-01 13:16:23'),(35,'product',10,'ru','Напольный лючок-невидимка на 4 модуля (2 розетки 45x45) IP54 System Power SP01-0204 | System Power','','','luchok-v-pol-skrytoi-ustanovki-na-2-modulya-ip55-sp01-0204-system-power',NULL,NULL,NULL,NULL,'2026-01-30 09:17:57','2026-02-01 13:16:23'),(36,'product',10,'en','Напольный лючок-невидимка на 4 модуля (2 розетки 45x45) IP54 System Power SP01-0204 | System Power','','','luchok-v-pol-skrytoi-ustanovki-na-2-modulya-ip55-sp01-0204-system-power',NULL,NULL,NULL,NULL,'2026-01-30 09:17:57','2026-02-01 13:16:23'),(37,'product',11,'ru','Лючок в пол на 2 модуля (одну розетку 45x45) IP54 System Power SP01-0302 | System Power','','','luchok-v-pol-na-2-modulya-ip54-sp01-0302-system-power',NULL,NULL,NULL,NULL,'2026-01-30 09:17:57','2026-02-02 04:37:21'),(38,'product',11,'en','Лючок в пол на 2 модуля (одну розетку 45x45) IP54 System Power SP01-0302 | System Power','','','luchok-v-pol-na-2-modulya-ip54-sp01-0302-system-power',NULL,NULL,NULL,NULL,'2026-01-30 09:17:57','2026-02-02 04:37:21'),(39,'product',12,'ru','Лючок в пол на 4 модуля (2 розетки 45x45) IP54 System Power SP01-0304 | System Power','','','luchok-v-pol-na-2-modulya-ip54-sp01-0304-system-power',NULL,NULL,NULL,NULL,'2026-01-30 09:17:57','2026-02-02 04:37:21'),(40,'product',12,'en','Лючок в пол на 4 модуля (2 розетки 45x45) IP54 System Power SP01-0304 | System Power','','','luchok-v-pol-na-2-modulya-ip54-sp01-0304-system-power',NULL,NULL,NULL,NULL,'2026-01-30 09:17:57','2026-02-02 04:37:21'),(41,'product',13,'ru','Лючок в пол на 6 модулей (3 розетки 45x45) IP54 System Power SP01-0306 | System Power','','','luchok-v-pol-na-2-modulya-ip54-sp01-0306-system-power',NULL,NULL,NULL,NULL,'2026-01-30 09:17:57','2026-02-02 04:37:21'),(42,'product',13,'en','Лючок в пол на 6 модулей (3 розетки 45x45) IP54 System Power SP01-0306 | System Power','','','luchok-v-pol-na-2-modulya-ip54-sp01-0306-system-power',NULL,NULL,NULL,NULL,'2026-01-30 09:17:57','2026-02-02 04:37:21'),(43,'product',14,'ru','Лючок в пол на 8 модулей (4 розетки 45x45) IP54 System Power SP01-0308 | System Power','','','luchok-v-pol-na-2-modulya-ip54-sp01-0309-system-power',NULL,NULL,NULL,NULL,'2026-01-30 09:17:57','2026-02-02 04:37:21'),(44,'product',14,'en','Лючок в пол на 8 модулей (4 розетки 45x45) IP54 System Power SP01-0308 | System Power','','','luchok-v-pol-na-2-modulya-ip54-sp01-0309-system-power',NULL,NULL,NULL,NULL,'2026-01-30 09:17:57','2026-02-02 04:37:21'),(45,'product',15,'ru','Лючок в пол на 12 модулей (6 розеток 45x45) IP54 System Power SP01-031200 | System Power','','','luchok-v-pol-na-2-modulya-ip54-sp01-0312-system-power',NULL,NULL,NULL,NULL,'2026-01-30 09:17:57','2026-02-02 04:37:21'),(46,'product',15,'en','Лючок в пол на 12 модулей (6 розеток 45x45) IP54 System Power SP01-031200 | System Power','','','luchok-v-pol-na-2-modulya-ip54-sp01-0312-system-power',NULL,NULL,NULL,NULL,'2026-01-30 09:17:57','2026-02-02 04:37:21'),(47,'product',16,'ru','Лючок-невидимка в пол на 2 модуля (одну розетку 45x45) IP54 System Power SP01-0402 | System Power','','','luchok-v-pol-skrytoi-ustanovki-na-2-modulya-ip54-sp01-0402-system-power',NULL,NULL,NULL,NULL,'2026-01-30 09:17:57','2026-02-02 04:37:21'),(48,'product',16,'en','Лючок-невидимка в пол на 2 модуля (одну розетку 45x45) IP54 System Power SP01-0402 | System Power','','','luchok-v-pol-skrytoi-ustanovki-na-2-modulya-ip54-sp01-0402-system-power',NULL,NULL,NULL,NULL,'2026-01-30 09:17:57','2026-02-02 04:37:21'),(49,'product',17,'ru','Лючок-невидимка в пол на 4 модуля (2 розетки 45x45) IP54 System Power SP01-0404 | System Power','','','luchok-v-pol-skrytoi-ustanovki-na-2-modulya-ip54-sp01-0404-system-power',NULL,NULL,NULL,NULL,'2026-01-30 09:17:57','2026-02-02 04:37:21'),(50,'product',17,'en','Лючок-невидимка в пол на 4 модуля (2 розетки 45x45) IP54 System Power SP01-0404 | System Power','','','luchok-v-pol-skrytoi-ustanovki-na-2-modulya-ip54-sp01-0404-system-power',NULL,NULL,NULL,NULL,'2026-01-30 09:17:57','2026-02-02 04:37:21'),(51,'product',18,'ru','Лючок-невидимка в пол на 6 модулей (3 розетки 45x45) IP54 System Power SP01-0406 | System Power','','','luchok-v-pol-skrytoi-ustanovki-na-2-modulya-ip54-sp01-0406-system-power',NULL,NULL,NULL,NULL,'2026-01-30 09:17:57','2026-02-02 04:37:21'),(52,'product',18,'en','Лючок-невидимка в пол на 6 модулей (3 розетки 45x45) IP54 System Power SP01-0406 | System Power','','','luchok-v-pol-skrytoi-ustanovki-na-2-modulya-ip54-sp01-0406-system-power',NULL,NULL,NULL,NULL,'2026-01-30 09:17:57','2026-02-02 04:37:21'),(53,'product',19,'ru','Лючок-невидимка в пол на 8 модулей (4 розетки 45x45) IP54 System Power SP01-0408 | System Power','','','luchok-v-pol-skrytoi-ustanovki-na-2-modulya-ip54-sp01-0409-system-power',NULL,NULL,NULL,NULL,'2026-01-30 09:17:57','2026-02-02 04:37:21'),(54,'product',19,'en','Лючок-невидимка в пол на 8 модулей (4 розетки 45x45) IP54 System Power SP01-0408 | System Power','','','luchok-v-pol-skrytoi-ustanovki-na-2-modulya-ip54-sp01-0409-system-power',NULL,NULL,NULL,NULL,'2026-01-30 09:17:57','2026-02-02 04:37:21'),(55,'product',20,'ru','Лючок-невидимка в пол на 12 модулей (6 розеток 45x45) IP54 System Power SP01-0412 | System Power','','','luchok-v-pol-skrytoi-ustanovki-na-2-modulya-ip54-sp01-0412-system-power',NULL,NULL,NULL,NULL,'2026-01-30 09:17:57','2026-02-02 04:37:21'),(56,'product',20,'en','Лючок-невидимка в пол на 12 модулей (6 розеток 45x45) IP54 System Power SP01-0412 | System Power','','','luchok-v-pol-skrytoi-ustanovki-na-2-modulya-ip54-sp01-0412-system-power',NULL,NULL,NULL,NULL,'2026-01-30 09:17:57','2026-02-02 04:37:21'),(57,'product',21,'ru','Щит механизации РУСП-УЗО50A-3х1П-3х3П-IP44 | System Power','','','schit-mehanizacii-rusp-uzo50a-3h1p-3h3p-ip54-system-power-sp02-5033',NULL,NULL,NULL,NULL,'2026-01-30 09:17:57','2026-02-02 04:37:21'),(58,'product',21,'en','Щит механизации РУСП-УЗО50A-3х1П-3х3П-IP44 | System Power','','','schit-mehanizacii-rusp-uzo50a-3h1p-3h3p-ip54-system-power-sp02-5033',NULL,NULL,NULL,NULL,'2026-01-30 09:17:57','2026-02-02 04:37:21'),(59,'product',22,'ru','Щит механизации РУСП 50A 3х1P+N+PE 16А, 1х3P+N+PE 16А, 1х3P+N+PE 32А IP44 SP02-050311 System Power | System Power','','','schit-mehanizacii-rusp-uzo50a-3h1p-1h3p-ip54-system-power-sp02-5031',NULL,NULL,NULL,NULL,'2026-01-30 09:17:57','2026-02-02 04:37:21'),(60,'product',22,'en','Щит механизации РУСП 50A 3х1P+N+PE 16А, 1х3P+N+PE 16А, 1х3P+N+PE 32А IP44 SP02-050311 System Power | System Power','','','schit-mehanizacii-rusp-uzo50a-3h1p-1h3p-ip54-system-power-sp02-5031',NULL,NULL,NULL,NULL,'2026-01-30 09:17:57','2026-02-02 04:37:21'),(61,'product',23,'ru','Щит механизации РУСП-УЗО50A-3х1П-2х3П-IP44 | System Power','','','schit-mehanizacii-rusp-uzo50a-3h1p-2h3p-ip54-system-power-sp02-5032',NULL,NULL,NULL,NULL,'2026-01-30 09:17:57','2026-02-02 04:37:21'),(62,'product',23,'en','Щит механизации РУСП-УЗО50A-3х1П-2х3П-IP44 | System Power','','','schit-mehanizacii-rusp-uzo50a-3h1p-2h3p-ip54-system-power-sp02-5032',NULL,NULL,NULL,NULL,'2026-01-30 09:17:57','2026-02-02 04:37:21'),(63,'product',24,'ru','Щит механизации РУСП-УЗО63A-4х1П-3х3П-IP44  | System Power','','','schit-mehanizacii-rusp-uzo63a-4h1p-3h3p-ip54-system-power-sp02-6343',NULL,NULL,NULL,NULL,'2026-01-30 09:17:57','2026-02-02 04:37:21'),(64,'product',24,'en','Щит механизации РУСП-УЗО63A-4х1П-3х3П-IP44  | System Power','','','schit-mehanizacii-rusp-uzo63a-4h1p-3h3p-ip54-system-power-sp02-6343',NULL,NULL,NULL,NULL,'2026-01-30 09:17:57','2026-02-02 04:37:21'),(65,'product',25,'ru','Щит механизации РУСП-УЗО63A-4х1П-1х3П-IP44  | System Power','','','schit-mehanizacii-rusp-uzo63a-4h1p-1h3p-ip54-systempower-sp02-6341',NULL,NULL,NULL,NULL,'2026-01-30 09:17:57','2026-02-02 04:37:21'),(66,'product',25,'en','Щит механизации РУСП-УЗО63A-4х1П-1х3П-IP44  | System Power','','','schit-mehanizacii-rusp-uzo63a-4h1p-1h3p-ip54-systempower-sp02-6341',NULL,NULL,NULL,NULL,'2026-01-30 09:17:57','2026-02-02 04:37:21'),(67,'product',26,'ru','Щит механизации РУСП-УЗО63A-4х1П-2х3П-IP44 | System Power','','','schit-mehanizacii-rusp-uzo63a-4h1p-2h3p-ip54-systempower-sp02-6342',NULL,NULL,NULL,NULL,'2026-01-30 09:17:57','2026-02-02 04:37:21'),(68,'product',26,'en','Щит механизации РУСП-УЗО63A-4х1П-2х3П-IP44 | System Power','','','schit-mehanizacii-rusp-uzo63a-4h1p-2h3p-ip54-systempower-sp02-6342',NULL,NULL,NULL,NULL,'2026-01-30 09:17:57','2026-02-02 04:37:21'),(69,'product',27,'ru','Щит механизации РУСП-УЗО63A-4х1П-4х3П-IP44  | System Power','','','schit-mehanizacii-rusp-uzo63a-4h1p-4h3p-ip54-systempower-sp02-6344',NULL,NULL,NULL,NULL,'2026-01-30 09:17:57','2026-02-02 04:37:21'),(70,'product',27,'en','Щит механизации РУСП-УЗО63A-4х1П-4х3П-IP44  | System Power','','','schit-mehanizacii-rusp-uzo63a-4h1p-4h3p-ip54-systempower-sp02-6344',NULL,NULL,NULL,NULL,'2026-01-30 09:17:57','2026-02-02 04:37:21'),(71,'product',28,'ru','Щит механизации РУСП-УЗО100A-6х1П-2х3П-IP44  | System Power','','','schit-mehanizacii-rusp-uzo100a-6h1p-2h3p-ip54-systempower-sp02-1062',NULL,NULL,NULL,NULL,'2026-01-30 09:17:57','2026-02-02 04:37:21'),(72,'product',28,'en','Щит механизации РУСП-УЗО100A-6х1П-2х3П-IP44  | System Power','','','schit-mehanizacii-rusp-uzo100a-6h1p-2h3p-ip54-systempower-sp02-1062',NULL,NULL,NULL,NULL,'2026-01-30 09:17:57','2026-02-02 04:37:21'),(73,'product',29,'ru','Щит механизации РУСП 100А 6х1P+N+PE 16A, 3x3P+N+PE 32A IP44 SP02-100603 System Power | System Power','','','schit-mehanizacii-rusp-uzo100a-6h1p-3h3p-ip54-systempower-sp02-1063',NULL,NULL,NULL,NULL,'2026-01-30 09:17:57','2026-02-02 04:37:21'),(74,'product',29,'en','Щит механизации РУСП 100А 6х1P+N+PE 16A, 3x3P+N+PE 32A IP44 SP02-100603 System Power | System Power','','','schit-mehanizacii-rusp-uzo100a-6h1p-3h3p-ip54-systempower-sp02-1063',NULL,NULL,NULL,NULL,'2026-01-30 09:17:57','2026-02-02 04:37:21'),(75,'product',30,'ru','Щит механизации РУСП-УЗО100A-6х1П-4х3П-IP44  | System Power','','','schit-mehanizacii-rusp-uzo100a-6h1p-4h3p-ip54-systempower-sp02-1064',NULL,NULL,NULL,NULL,'2026-01-30 09:17:57','2026-02-02 04:37:21'),(76,'product',30,'en','Щит механизации РУСП-УЗО100A-6х1П-4х3П-IP44  | System Power','','','schit-mehanizacii-rusp-uzo100a-6h1p-4h3p-ip54-systempower-sp02-1064',NULL,NULL,NULL,NULL,'2026-01-30 09:17:57','2026-02-02 04:37:21'),(77,'product',31,'ru','Щит механизации РУСП 63A 6х1P+N+PE 16А,1х3P+N+PE 16А, 1х3P+N+PE 32А-IP44 SP02-063611 System Power | System Power','','','schit-mehanizacii-rusp-63a-6h1pnpe-16a-1h3pnpe-16a-1h3pnpe-32a-ip54-sp02-636110-system-power',NULL,NULL,NULL,NULL,'2026-01-30 09:17:57','2026-02-02 04:37:21'),(78,'product',31,'en','Щит механизации РУСП 63A 6х1P+N+PE 16А,1х3P+N+PE 16А, 1х3P+N+PE 32А-IP44 SP02-063611 System Power | System Power','','','schit-mehanizacii-rusp-63a-6h1pnpe-16a-1h3pnpe-16a-1h3pnpe-32a-ip54-sp02-636110-system-power',NULL,NULL,NULL,NULL,'2026-01-30 09:17:57','2026-02-02 04:37:21'),(79,'product',32,'ru','Щит механизации РУСП 80A 4х1P+N+PE 16А, 3х3P+N+PE 32А IP44 SP02-080403 System Power | System Power','','','schit-mehanizacii-rusp-80a-4h1pnpe-16a-3h3pnpe-32a-ip54',NULL,NULL,NULL,NULL,'2026-01-30 09:17:57','2026-02-02 04:37:21'),(80,'product',32,'en','Щит механизации РУСП 80A 4х1P+N+PE 16А, 3х3P+N+PE 32А IP44 SP02-080403 System Power | System Power','','','schit-mehanizacii-rusp-80a-4h1pnpe-16a-3h3pnpe-32a-ip54',NULL,NULL,NULL,NULL,'2026-01-30 09:17:57','2026-02-02 04:37:21'),(81,'product',33,'ru','Щит механизации РУСП 80А 6х1P+N+PE 16A, 2x3P+N+PE 32A IP44 SP02-080602 System Power | System Power','','','schit-mehanizacii-rusp-80a-6h1pnpe-16a-2x3pnpe-32a-ir54-sp02-80622-system-power',NULL,NULL,NULL,NULL,'2026-01-30 09:17:57','2026-02-02 04:37:21'),(82,'product',33,'en','Щит механизации РУСП 80А 6х1P+N+PE 16A, 2x3P+N+PE 32A IP44 SP02-080602 System Power | System Power','','','schit-mehanizacii-rusp-80a-6h1pnpe-16a-2x3pnpe-32a-ir54-sp02-80622-system-power',NULL,NULL,NULL,NULL,'2026-01-30 09:17:57','2026-02-02 04:37:21'),(83,'product',34,'ru','Напольный лючок-невидимка на 16 модулей (8 розеток 45x45) IP54 System Power SP01-0216 | System Power','','','napolnyj-lyuchok-nevidimka-na-16-modulej-8-rozetok-45x45-ip54-system-power-sp01-0216',NULL,NULL,NULL,NULL,'2026-01-30 09:17:57','2026-02-01 13:16:23'),(84,'product',34,'en','Напольный лючок-невидимка на 16 модулей (8 розеток 45x45) IP54 System Power SP01-0216 | System Power','','','napolnyj-lyuchok-nevidimka-na-16-modulej-8-rozetok-45x45-ip54-system-power-sp01-0216',NULL,NULL,NULL,NULL,'2026-01-30 09:17:57','2026-02-01 13:16:23'),(85,'product',35,'ru','Напольный лючок на 16 модулей (8 розеток 45x45) IP54 System Power SP01-0116 | System Power','','','napolnyj-lyuchok-na-16-modulej-8-rozetok-45x45-ip54-system-power-sp01-0116',NULL,NULL,NULL,NULL,'2026-01-30 09:17:57','2026-02-01 13:16:23'),(86,'product',35,'en','Напольный лючок на 16 модулей (8 розеток 45x45) IP54 System Power SP01-0116 | System Power','','','napolnyj-lyuchok-na-16-modulej-8-rozetok-45x45-ip54-system-power-sp01-0116',NULL,NULL,NULL,NULL,'2026-01-30 09:17:57','2026-02-01 13:16:23'),(87,'product',36,'ru','Щит механизации РУСП 100А 6х1P+N+PE 16A, 2x3P+N+PE 32A IP44 SP02-100602 System Power | System Power','','','schit-mehanizacii-rusp-100a-6h1pnpe-16a-2x3pnpe-32a-ir54-sp02-100602-system-power',NULL,NULL,NULL,NULL,'2026-01-30 09:17:57','2026-02-02 04:37:21'),(88,'product',36,'en','Щит механизации РУСП 100А 6х1P+N+PE 16A, 2x3P+N+PE 32A IP44 SP02-100602 System Power | System Power','','','schit-mehanizacii-rusp-100a-6h1pnpe-16a-2x3pnpe-32a-ir54-sp02-100602-system-power',NULL,NULL,NULL,NULL,'2026-01-30 09:17:57','2026-02-02 04:37:21'),(89,'page',7,'ru','О компании System Power','О компании System Power и производственном подходе.','О компании System Power','about',NULL,NULL,NULL,NULL,'2026-02-02 04:37:21','2026-02-02 04:37:21'),(90,'page',7,'en','About System Power','About System Power and its manufacturing approach.','About System Power','about',NULL,NULL,NULL,NULL,'2026-02-02 04:37:21','2026-02-02 04:37:21'),(91,'page',8,'ru','Политика конфиденциальности','Политика обработки персональных данных System Power.','Политика конфиденциальности','personal-data',NULL,NULL,NULL,NULL,'2026-02-02 04:37:21','2026-02-02 04:37:21'),(92,'page',8,'en','Privacy policy','System Power personal data processing policy.','Privacy policy','personal-data',NULL,NULL,NULL,NULL,'2026-02-02 04:37:21','2026-02-02 04:37:21');
/*!40000 ALTER TABLE `seo_meta` ENABLE KEYS */;
UNLOCK TABLES;
/*!40103 SET TIME_ZONE=@OLD_TIME_ZONE */;

/*!40101 SET SQL_MODE=@OLD_SQL_MODE */;
/*!40014 SET FOREIGN_KEY_CHECKS=@OLD_FOREIGN_KEY_CHECKS */;
/*!40014 SET UNIQUE_CHECKS=@OLD_UNIQUE_CHECKS */;
/*!40101 SET CHARACTER_SET_CLIENT=@OLD_CHARACTER_SET_CLIENT */;
/*!40101 SET CHARACTER_SET_RESULTS=@OLD_CHARACTER_SET_RESULTS */;
/*!40101 SET COLLATION_CONNECTION=@OLD_COLLATION_CONNECTION */;
/*!40111 SET SQL_NOTES=@OLD_SQL_NOTES */;

-- Dump completed on 2026-02-02  5:13:14
