-- MySQL dump 10.13  Distrib 8.4.8, for Linux (x86_64)
--
-- Host: localhost    Database: system_power
-- ------------------------------------------------------
-- Server version	8.4.8

/*!40101 SET @OLD_CHARACTER_SET_CLIENT=@@CHARACTER_SET_CLIENT */;
/*!40101 SET @OLD_CHARACTER_SET_RESULTS=@@CHARACTER_SET_RESULTS */;
/*!40101 SET @OLD_COLLATION_CONNECTION=@@COLLATION_CONNECTION */;
/*!50503 SET NAMES utf8mb4 */;
/*!40103 SET @OLD_TIME_ZONE=@@TIME_ZONE */;
/*!40103 SET TIME_ZONE='+00:00' */;
/*!40014 SET @OLD_UNIQUE_CHECKS=@@UNIQUE_CHECKS, UNIQUE_CHECKS=0 */;
/*!40014 SET @OLD_FOREIGN_KEY_CHECKS=@@FOREIGN_KEY_CHECKS, FOREIGN_KEY_CHECKS=0 */;
/*!40101 SET @OLD_SQL_MODE=@@SQL_MODE, SQL_MODE='NO_AUTO_VALUE_ON_ZERO' */;
/*!40111 SET @OLD_SQL_NOTES=@@SQL_NOTES, SQL_NOTES=0 */;

--
-- Table structure for table `admins`
--

DROP TABLE IF EXISTS `admins`;
/*!40101 SET @saved_cs_client     = @@character_set_client */;
/*!50503 SET character_set_client = utf8mb4 */;
CREATE TABLE `admins` (
  `id` bigint unsigned NOT NULL AUTO_INCREMENT,
  `email` varchar(191) COLLATE utf8mb4_unicode_ci NOT NULL,
  `password_hash` varchar(255) COLLATE utf8mb4_unicode_ci NOT NULL,
  `name` varchar(191) COLLATE utf8mb4_unicode_ci DEFAULT NULL,
  `is_active` tinyint(1) NOT NULL DEFAULT '1',
  `failed_attempts` int NOT NULL DEFAULT '0',
  `locked_until` datetime DEFAULT NULL,
  `last_login_at` datetime DEFAULT NULL,
  `created_at` datetime NOT NULL DEFAULT CURRENT_TIMESTAMP,
  `updated_at` datetime NOT NULL DEFAULT CURRENT_TIMESTAMP ON UPDATE CURRENT_TIMESTAMP,
  PRIMARY KEY (`id`),
  UNIQUE KEY `uq_admins_email` (`email`)
) ENGINE=InnoDB AUTO_INCREMENT=2 DEFAULT CHARSET=utf8mb4 COLLATE=utf8mb4_unicode_ci;
/*!40101 SET character_set_client = @saved_cs_client */;

--
-- Dumping data for table `admins`
--

LOCK TABLES `admins` WRITE;
/*!40000 ALTER TABLE `admins` DISABLE KEYS */;
INSERT INTO `admins` VALUES (1,'admin@system-power.ru','$2y$10$gacnvPv.WbTsopnH6WazLuJBIY1xSdFGUgniFchmKRmLHUvrDAK7S','Admin',1,0,NULL,'2026-01-30 05:49:14','2026-01-30 05:46:20','2026-01-30 05:49:14');
/*!40000 ALTER TABLE `admins` ENABLE KEYS */;
UNLOCK TABLES;

--
-- Table structure for table `categories`
--

DROP TABLE IF EXISTS `categories`;
/*!40101 SET @saved_cs_client     = @@character_set_client */;
/*!50503 SET character_set_client = utf8mb4 */;
CREATE TABLE `categories` (
  `id` int NOT NULL AUTO_INCREMENT,
  `parent_id` int DEFAULT NULL,
  `code` varchar(120) COLLATE utf8mb4_unicode_ci NOT NULL,
  `is_active` tinyint(1) NOT NULL DEFAULT '1',
  `created_at` datetime NOT NULL DEFAULT CURRENT_TIMESTAMP,
  `updated_at` datetime NOT NULL DEFAULT CURRENT_TIMESTAMP ON UPDATE CURRENT_TIMESTAMP,
  PRIMARY KEY (`id`),
  UNIQUE KEY `uniq_code` (`code`),
  KEY `fk_categories_parent` (`parent_id`),
  CONSTRAINT `fk_categories_parent` FOREIGN KEY (`parent_id`) REFERENCES `categories` (`id`) ON DELETE SET NULL
) ENGINE=InnoDB AUTO_INCREMENT=3 DEFAULT CHARSET=utf8mb4 COLLATE=utf8mb4_unicode_ci;
/*!40101 SET character_set_client = @saved_cs_client */;

--
-- Dumping data for table `categories`
--

LOCK TABLES `categories` WRITE;
/*!40000 ALTER TABLE `categories` DISABLE KEYS */;
INSERT INTO `categories` VALUES (1,NULL,'hatches',1,'2026-01-30 05:46:21','2026-01-30 05:46:21'),(2,NULL,'electrical_cabinets',1,'2026-01-30 05:46:21','2026-01-30 05:46:21');
/*!40000 ALTER TABLE `categories` ENABLE KEYS */;
UNLOCK TABLES;

--
-- Table structure for table `category_i18n`
--

DROP TABLE IF EXISTS `category_i18n`;
/*!40101 SET @saved_cs_client     = @@character_set_client */;
/*!50503 SET character_set_client = utf8mb4 */;
CREATE TABLE `category_i18n` (
  `id` int NOT NULL AUTO_INCREMENT,
  `category_id` int NOT NULL,
  `locale` enum('ru','en') COLLATE utf8mb4_unicode_ci NOT NULL,
  `name` varchar(255) COLLATE utf8mb4_unicode_ci NOT NULL,
  `description` longtext COLLATE utf8mb4_unicode_ci NOT NULL,
  `is_html` tinyint(1) NOT NULL DEFAULT '0',
  `created_at` datetime NOT NULL DEFAULT CURRENT_TIMESTAMP,
  `updated_at` datetime NOT NULL DEFAULT CURRENT_TIMESTAMP ON UPDATE CURRENT_TIMESTAMP,
  PRIMARY KEY (`id`),
  UNIQUE KEY `uniq_category_locale` (`category_id`,`locale`),
  CONSTRAINT `fk_category_i18n` FOREIGN KEY (`category_id`) REFERENCES `categories` (`id`) ON DELETE CASCADE
) ENGINE=InnoDB AUTO_INCREMENT=5 DEFAULT CHARSET=utf8mb4 COLLATE=utf8mb4_unicode_ci;
/*!40101 SET character_set_client = @saved_cs_client */;

--
-- Dumping data for table `category_i18n`
--

LOCK TABLES `category_i18n` WRITE;
/*!40000 ALTER TABLE `category_i18n` DISABLE KEYS */;
INSERT INTO `category_i18n` VALUES (1,1,'ru','Лючки','Электротехнические лючки для организации точек подключения в коммерческих и промышленных помещениях.',0,'2026-01-30 05:46:21','2026-01-30 05:46:21'),(2,1,'en','Floor boxes','Electrical floor boxes for organizing connection points in commercial and industrial facilities.',0,'2026-01-30 05:46:21','2026-01-30 05:46:21'),(3,2,'ru','Электротехнические шкафы','Шкафы распределения и управления для систем электроснабжения различной сложности.',0,'2026-01-30 05:46:21','2026-01-30 05:46:21'),(4,2,'en','Electrical enclosures','Distribution and control enclosures for power supply systems of various complexity.',0,'2026-01-30 05:46:21','2026-01-30 05:46:21');
/*!40000 ALTER TABLE `category_i18n` ENABLE KEYS */;
UNLOCK TABLES;

--
-- Table structure for table `i18n_strings`
--

DROP TABLE IF EXISTS `i18n_strings`;
/*!40101 SET @saved_cs_client     = @@character_set_client */;
/*!50503 SET character_set_client = utf8mb4 */;
CREATE TABLE `i18n_strings` (
  `id` int NOT NULL AUTO_INCREMENT,
  `key` varchar(190) COLLATE utf8mb4_unicode_ci NOT NULL,
  `locale` enum('ru','en') COLLATE utf8mb4_unicode_ci NOT NULL,
  `value` longtext COLLATE utf8mb4_unicode_ci NOT NULL,
  `is_html` tinyint(1) NOT NULL DEFAULT '0',
  `created_at` datetime NOT NULL DEFAULT CURRENT_TIMESTAMP,
  `updated_at` datetime NOT NULL DEFAULT CURRENT_TIMESTAMP ON UPDATE CURRENT_TIMESTAMP,
  PRIMARY KEY (`id`),
  UNIQUE KEY `uniq_i18n` (`key`,`locale`)
) ENGINE=InnoDB AUTO_INCREMENT=353 DEFAULT CHARSET=utf8mb4 COLLATE=utf8mb4_unicode_ci;
/*!40101 SET character_set_client = @saved_cs_client */;

--
-- Dumping data for table `i18n_strings`
--

LOCK TABLES `i18n_strings` WRITE;
/*!40000 ALTER TABLE `i18n_strings` DISABLE KEYS */;
INSERT INTO `i18n_strings` VALUES (331,'admin.partner_logo','ru','Логотип партнера',0,'2026-01-30 05:46:21','2026-01-30 05:46:21'),(332,'admin.partner_logo','en','Partner logo',0,'2026-01-30 05:46:21','2026-01-30 05:46:21'),(333,'home.partners.title','ru','Продукция доступна на',0,'2026-01-30 05:46:21','2026-01-30 05:46:21'),(334,'home.partners.title','en','Products available at',0,'2026-01-30 05:46:21','2026-01-30 05:46:21'),(335,'quality.trts.title','ru','Техническое регулирование и сертификация',0,'2026-01-30 05:46:21','2026-01-30 05:46:21'),(336,'quality.trts.title','en','Technical regulation and certification',0,'2026-01-30 05:46:21','2026-01-30 05:46:21'),(337,'quality.trts.text','ru','<h3>ТР ТС 004/2011</h3><p>«О безопасности низковольтного оборудования»</p><p>Продукция System Power соответствует требованиям технического регламента Таможенного союза ТР ТС 004/2011, который устанавливает обязательные требования безопасности к низковольтному электрическому оборудованию.</p><p>Соответствие регламенту подтверждает:</p><ul><li>безопасность эксплуатации оборудования</li><li>соответствие электрических характеристик установленным нормам</li><li>допустимость применения продукции в промышленной и гражданской инфраструктуре</li></ul>',1,'2026-01-30 05:46:21','2026-01-30 05:46:21'),(338,'quality.trts.text','en','<h3>TR CU 004/2011</h3><p>On the safety of low-voltage equipment</p><p>System Power products comply with the Customs Union technical regulation TR CU 004/2011, which establishes mandatory safety requirements for low-voltage electrical equipment.</p><p>Compliance confirms:</p><ul><li>safe equipment operation</li><li>electrical characteristics meet required standards</li><li>applicability in industrial and civil infrastructure</li></ul>',1,'2026-01-30 05:46:21','2026-01-30 05:46:21'),(339,'quality.conclusion','ru','<p>Многоуровневая система контроля качества позволяет System Power обеспечивать надежность оборудования, стабильность характеристик и соответствие действующим нормативным требованиям.</p>',1,'2026-01-30 05:46:21','2026-01-30 05:46:21'),(340,'quality.conclusion','en','<p>Our multi-level quality control system enables System Power to deliver reliable equipment, stable performance, and compliance with current regulatory requirements.</p>',1,'2026-01-30 05:46:21','2026-01-30 05:46:21'),(341,'quality.principles.1.text','ru','Проверка соответствия поставляемых компонентов техническим требованиям перед использованием в производстве.',0,'2026-01-30 05:46:21','2026-01-30 05:46:21'),(342,'quality.principles.1.text','en','Verification that supplied components meet technical requirements before use in production.',0,'2026-01-30 05:46:21','2026-01-30 05:46:21'),(343,'quality.principles.2.text','ru','Пошаговый контроль качества монтажа и сборки оборудования.',0,'2026-01-30 05:46:21','2026-01-30 05:46:21'),(344,'quality.principles.2.text','en','Step-by-step quality control of equipment assembly and installation.',0,'2026-01-30 05:46:21','2026-01-30 05:46:21'),(345,'quality.principles.3.text','ru','Проверка электрических параметров, работоспособности и безопасности готового изделия.',0,'2026-01-30 05:46:21','2026-01-30 05:46:21'),(346,'quality.principles.3.text','en','Testing electrical parameters, operability, and safety of the finished product.',0,'2026-01-30 05:46:21','2026-01-30 05:46:21'),(347,'quality.principles.4.text','ru','Обеспечение идентификации продукции и возможности отслеживания партии и компонентов.',0,'2026-01-30 05:46:21','2026-01-30 05:46:21'),(348,'quality.principles.4.text','en','Ensuring product identification and traceability of batches and components.',0,'2026-01-30 05:46:21','2026-01-30 05:46:21'),(349,'quality.principles.5.text','ru','Фиксация результатов испытаний и проверок в производственной документации.',0,'2026-01-30 05:46:21','2026-01-30 05:46:21'),(350,'quality.principles.5.text','en','Recording inspection and test results in production documentation.',0,'2026-01-30 05:46:21','2026-01-30 05:46:21'),(351,'quality.conclusion.title','ru','Заключение',0,'2026-01-30 05:46:21','2026-01-30 05:46:21'),(352,'quality.conclusion.title','en','Conclusion',0,'2026-01-30 05:46:21','2026-01-30 05:46:21');
/*!40000 ALTER TABLE `i18n_strings` ENABLE KEYS */;
UNLOCK TABLES;

--
-- Table structure for table `leads`
--

DROP TABLE IF EXISTS `leads`;
/*!40101 SET @saved_cs_client     = @@character_set_client */;
/*!50503 SET character_set_client = utf8mb4 */;
CREATE TABLE `leads` (
  `id` int NOT NULL AUTO_INCREMENT,
  `type` enum('custom_production') COLLATE utf8mb4_unicode_ci NOT NULL,
  `full_name` varchar(255) COLLATE utf8mb4_unicode_ci NOT NULL,
  `company` varchar(255) COLLATE utf8mb4_unicode_ci DEFAULT NULL,
  `phone` varchar(80) COLLATE utf8mb4_unicode_ci DEFAULT NULL,
  `email` varchar(255) COLLATE utf8mb4_unicode_ci DEFAULT NULL,
  `telegram` varchar(255) COLLATE utf8mb4_unicode_ci DEFAULT NULL,
  `whatsapp` varchar(80) COLLATE utf8mb4_unicode_ci DEFAULT NULL,
  `preferred_contact` enum('phone','email','telegram','whatsapp') COLLATE utf8mb4_unicode_ci NOT NULL,
  `message` longtext COLLATE utf8mb4_unicode_ci NOT NULL,
  `status` enum('new','in_progress','done') COLLATE utf8mb4_unicode_ci NOT NULL DEFAULT 'new',
  `admin_comment` text COLLATE utf8mb4_unicode_ci,
  `created_at` datetime NOT NULL DEFAULT CURRENT_TIMESTAMP,
  PRIMARY KEY (`id`)
) ENGINE=InnoDB DEFAULT CHARSET=utf8mb4 COLLATE=utf8mb4_unicode_ci;
/*!40101 SET character_set_client = @saved_cs_client */;

--
-- Dumping data for table `leads`
--

LOCK TABLES `leads` WRITE;
/*!40000 ALTER TABLE `leads` DISABLE KEYS */;
/*!40000 ALTER TABLE `leads` ENABLE KEYS */;
UNLOCK TABLES;

--
-- Table structure for table `media`
--

DROP TABLE IF EXISTS `media`;
/*!40101 SET @saved_cs_client     = @@character_set_client */;
/*!50503 SET character_set_client = utf8mb4 */;
CREATE TABLE `media` (
  `id` int NOT NULL AUTO_INCREMENT,
  `path` varchar(255) COLLATE utf8mb4_unicode_ci NOT NULL,
  `type` enum('image','video','file') COLLATE utf8mb4_unicode_ci NOT NULL,
  `mime` varchar(120) COLLATE utf8mb4_unicode_ci NOT NULL,
  `size_bytes` bigint NOT NULL DEFAULT '0',
  `width` int DEFAULT NULL,
  `height` int DEFAULT NULL,
  `alt_key` varchar(190) COLLATE utf8mb4_unicode_ci DEFAULT NULL,
  `created_at` datetime NOT NULL DEFAULT CURRENT_TIMESTAMP,
  `updated_at` datetime NOT NULL DEFAULT CURRENT_TIMESTAMP ON UPDATE CURRENT_TIMESTAMP,
  PRIMARY KEY (`id`)
) ENGINE=InnoDB AUTO_INCREMENT=62 DEFAULT CHARSET=utf8mb4 COLLATE=utf8mb4_unicode_ci;
/*!40101 SET character_set_client = @saved_cs_client */;

--
-- Dumping data for table `media`
--

LOCK TABLES `media` WRITE;
/*!40000 ALTER TABLE `media` DISABLE KEYS */;
INSERT INTO `media` VALUES (1,'/storage/uploads/pages/home/Banner.optimized.mp4','video','video/mp4',0,NULL,NULL,NULL,'2026-01-30 05:46:21','2026-01-30 05:46:21'),(2,'/storage/uploads/pages/home/Banner.jpg','image','image/jpeg',0,NULL,NULL,NULL,'2026-01-30 05:46:21','2026-01-30 05:46:21'),(3,'/themes/default/placeholder-product.svg','image','image/svg+xml',0,NULL,NULL,NULL,'2026-01-30 05:46:21','2026-01-30 05:46:21'),(4,'/storage/uploads/products/SP01-0104/SP01-0104.webp','image','image/webp',47028,1800,1800,NULL,'2026-01-30 05:55:42','2026-01-30 05:55:42'),(5,'/storage/uploads/products/SP01-0104/sp01-0204per.webp','image','image/webp',63946,1024,1024,NULL,'2026-01-30 05:55:42','2026-01-30 05:55:42'),(6,'/storage/uploads/products/SP01-0108/SP01-0108.webp','image','image/webp',74372,1024,1024,NULL,'2026-01-30 05:55:42','2026-01-30 05:55:42'),(7,'/storage/uploads/products/SP01-0108/SP01-0208-roz.webp','image','image/webp',50104,1024,1024,NULL,'2026-01-30 05:55:43','2026-01-30 05:55:43'),(8,'/storage/uploads/products/SP01-0112/sp01-0112-op.webp','image','image/webp',25130,1024,1024,NULL,'2026-01-30 05:55:43','2026-01-30 05:55:43'),(9,'/storage/uploads/products/SP01-0112/sp01-0212-vn.webp','image','image/webp',48762,1024,1024,NULL,'2026-01-30 05:55:43','2026-01-30 05:55:43'),(10,'/storage/uploads/products/SP01-0208/SP01-0208.webp','image','image/webp',60262,1024,1024,NULL,'2026-01-30 05:55:43','2026-01-30 05:55:43'),(11,'/storage/uploads/products/SP01-0208/SP01-0208-roz.webp','image','image/webp',50104,1024,1024,NULL,'2026-01-30 05:55:43','2026-01-30 05:55:43'),(12,'/storage/uploads/products/SP01-0212/sp01-0212-kw.webp','image','image/webp',103678,1800,1800,NULL,'2026-01-30 05:55:43','2026-01-30 05:55:43'),(13,'/storage/uploads/products/SP01-0212/sp01-0212-vn.webp','image','image/webp',48762,1024,1024,NULL,'2026-01-30 05:55:43','2026-01-30 05:55:43'),(14,'/storage/uploads/products/SP01-0204/sp01-0204.webp','image','image/webp',41030,1024,1024,NULL,'2026-01-30 05:55:43','2026-01-30 05:55:43'),(15,'/storage/uploads/products/SP01-0204/sp01-0204per.webp','image','image/webp',63946,1024,1024,NULL,'2026-01-30 05:55:43','2026-01-30 05:55:43'),(16,'/storage/uploads/products/SP01-0302/floor-socket-2mod.webp','image','image/webp',30892,1250,1499,NULL,'2026-01-30 05:55:43','2026-01-30 05:55:43'),(17,'/storage/uploads/products/SP01-0302/floor-sockets-2-closed.webp','image','image/webp',27844,1250,1500,NULL,'2026-01-30 05:55:43','2026-01-30 05:55:43'),(18,'/storage/uploads/products/SP01-0304/luk-4mod-w-polu-nie-skryt.webp','image','image/webp',347374,1250,1500,NULL,'2026-01-30 05:55:43','2026-01-30 05:55:43'),(19,'/storage/uploads/products/SP01-0304/floor-sockets-4-open.webp','image','image/webp',27944,1250,1500,NULL,'2026-01-30 05:55:43','2026-01-30 05:55:43'),(20,'/storage/uploads/products/SP01-0306/SP01-08-zakr.webp','image','image/webp',26716,1250,1500,NULL,'2026-01-30 05:55:43','2026-01-30 05:55:43'),(21,'/storage/uploads/products/SP01-0308/SP01-08-zakr.webp','image','image/webp',26716,1250,1500,NULL,'2026-01-30 05:55:43','2026-01-30 05:55:43'),(22,'/storage/uploads/products/SP01-0308/floor-socket-4-open.webp','image','image/webp',32112,1250,1500,NULL,'2026-01-30 05:55:43','2026-01-30 05:55:43'),(23,'/storage/uploads/products/SP01-031200/SP01-08-zakr.webp','image','image/webp',26716,1250,1500,NULL,'2026-01-30 05:55:43','2026-01-30 05:55:43'),(24,'/storage/uploads/products/SP01-0402/floor-socket-2-closed.webp','image','image/webp',23594,1250,1500,NULL,'2026-01-30 05:55:44','2026-01-30 05:55:44'),(25,'/storage/uploads/products/SP01-0402/floor-socket-2mod.webp','image','image/webp',30892,1250,1499,NULL,'2026-01-30 05:55:44','2026-01-30 05:55:44'),(26,'/storage/uploads/products/SP01-0404/floor-sockets-4-open.webp','image','image/webp',27944,1250,1500,NULL,'2026-01-30 05:55:44','2026-01-30 05:55:44'),(27,'/storage/uploads/products/SP01-0404/floor-sockets-4-closed.webp','image','image/webp',18410,1250,1501,NULL,'2026-01-30 05:55:44','2026-01-30 05:55:44'),(28,'/storage/uploads/products/SP01-0406/floor-socket-closed-8mod.webp','image','image/webp',23892,1250,1500,NULL,'2026-01-30 05:55:44','2026-01-30 05:55:44'),(29,'/storage/uploads/products/SP01-0408/floor-socket-4-open.webp','image','image/webp',32112,1250,1500,NULL,'2026-01-30 05:55:44','2026-01-30 05:55:44'),(30,'/storage/uploads/products/SP01-0408/floor-socket-closed-8mod.webp','image','image/webp',23892,1250,1500,NULL,'2026-01-30 05:55:44','2026-01-30 05:55:44'),(31,'/storage/uploads/products/SP01-0412/floor-socket-closed-8mod.webp','image','image/webp',23892,1250,1500,NULL,'2026-01-30 05:55:44','2026-01-30 05:55:44'),(32,'/storage/uploads/products/SP02-5033/shkaf1.webp','image','image/webp',7368,405,588,NULL,'2026-01-30 05:55:44','2026-01-30 05:55:44'),(33,'/storage/uploads/products/SP02-050311/photo_3_2025-06-10_14-12-01.webp','image','image/webp',283956,1280,1280,NULL,'2026-01-30 05:55:44','2026-01-30 05:55:44'),(34,'/storage/uploads/products/SP02-050311/photo_38_2025-06-10_14-12-01.webp','image','image/webp',345534,1280,1280,NULL,'2026-01-30 05:55:44','2026-01-30 05:55:44'),(35,'/storage/uploads/products/SP02-050311/photo_24_2025-06-10_14-12-01.webp','image','image/webp',291538,1280,1280,NULL,'2026-01-30 05:55:44','2026-01-30 05:55:44'),(36,'/storage/uploads/products/SP02-5032/SP02-5032.webp','image','image/webp',7220,480,690,NULL,'2026-01-30 05:55:44','2026-01-30 05:55:44'),(37,'/storage/uploads/products/SP02-6343/SP02-6343-1.webp','image','image/webp',7564,368,555,NULL,'2026-01-30 05:55:44','2026-01-30 05:55:44'),(38,'/storage/uploads/products/SP02-6341/SP02-6341.webp','image','image/webp',13554,529,800,NULL,'2026-01-30 05:55:44','2026-01-30 05:55:44'),(39,'/storage/uploads/products/SP02-6342/SP02-6342.webp','image','image/webp',14128,529,800,NULL,'2026-01-30 05:55:44','2026-01-30 05:55:44'),(40,'/storage/uploads/products/SP02-6344/SP02-6344.webp','image','image/webp',15030,529,800,NULL,'2026-01-30 05:55:44','2026-01-30 05:55:44'),(41,'/storage/uploads/products/SP02-1062/photo_2024-08-14_14-25-25.webp','image','image/webp',5276,560,559,NULL,'2026-01-30 05:55:44','2026-01-30 05:55:44'),(42,'/storage/uploads/products/SP02-100603/photo_9_2025-06-10_14-12-01.webp','image','image/webp',281174,1280,1280,NULL,'2026-01-30 05:55:45','2026-01-30 05:55:45'),(43,'/storage/uploads/products/SP02-100603/photo_12_2025-06-10_14-12-01.webp','image','image/webp',286362,1280,1280,NULL,'2026-01-30 05:55:45','2026-01-30 05:55:45'),(44,'/storage/uploads/products/SP02-100603/photo_16_2025-06-10_14-12-01.webp','image','image/webp',376812,1280,1280,NULL,'2026-01-30 05:55:45','2026-01-30 05:55:45'),(45,'/storage/uploads/products/SP02-1064/SP02-1064.webp','image','image/webp',11028,800,800,NULL,'2026-01-30 05:55:45','2026-01-30 05:55:45'),(46,'/storage/uploads/products/SP02-063611/photo_9_2025-06-10_14-12-01.webp','image','image/webp',281174,1280,1280,NULL,'2026-01-30 05:55:45','2026-01-30 05:55:45'),(47,'/storage/uploads/products/SP02-063611/photo_7_2025-06-10_14-12-01.webp','image','image/webp',328362,1280,1280,NULL,'2026-01-30 05:55:45','2026-01-30 05:55:45'),(48,'/storage/uploads/products/SP02-063611/photo_28_2025-06-10_14-12-01.webp','image','image/webp',295868,1280,1280,NULL,'2026-01-30 05:55:45','2026-01-30 05:55:45'),(49,'/storage/uploads/products/SP02-063611/photo_24_2025-06-10_14-12-01.webp','image','image/webp',291538,1280,1280,NULL,'2026-01-30 05:55:45','2026-01-30 05:55:45'),(50,'/storage/uploads/products/SP02-063611/photo_21_2025-06-10_14-12-01.webp','image','image/webp',354162,1280,1280,NULL,'2026-01-30 05:55:45','2026-01-30 05:55:45'),(51,'/storage/uploads/products/SP02-063611/photo_13_2025-06-10_14-12-01.webp','image','image/webp',361584,1280,1280,NULL,'2026-01-30 05:55:45','2026-01-30 05:55:45'),(52,'/storage/uploads/products/SP02-080403/photo_12_2025-06-10_14-12-01.webp','image','image/webp',286362,1280,1280,NULL,'2026-01-30 05:55:45','2026-01-30 05:55:45'),(53,'/storage/uploads/products/SP02-080602/photo_20_2025-06-10_14-12-01.webp','image','image/webp',309462,1280,1280,NULL,'2026-01-30 05:55:45','2026-01-30 05:55:45'),(54,'/storage/uploads/products/SP02-080602/photo_7_2025-06-10_14-12-01.webp','image','image/webp',328362,1280,1280,NULL,'2026-01-30 05:55:45','2026-01-30 05:55:45'),(55,'/storage/uploads/products/SP01-0216/SP01-0216per.webp','image','image/webp',69002,1024,1024,NULL,'2026-01-30 05:55:45','2026-01-30 05:55:45'),(56,'/storage/uploads/products/SP01-0216/SP01-0216.webp','image','image/webp',46578,1024,1024,NULL,'2026-01-30 05:55:45','2026-01-30 05:55:45'),(57,'/storage/uploads/products/SP01-0116/sp01-0116.webp','image','image/webp',40336,1024,1024,NULL,'2026-01-30 05:55:45','2026-01-30 05:55:45'),(58,'/storage/uploads/products/SP01-0116/SP01-0216.webp','image','image/webp',46578,1024,1024,NULL,'2026-01-30 05:55:45','2026-01-30 05:55:45'),(59,'/storage/uploads/products/SP02-100602/photo_9_2025-06-10_14-12-01.webp','image','image/webp',281174,1280,1280,NULL,'2026-01-30 05:55:45','2026-01-30 05:55:45'),(60,'/storage/uploads/products/SP02-100602/photo_12_2025-06-10_14-12-01.webp','image','image/webp',286362,1280,1280,NULL,'2026-01-30 05:55:45','2026-01-30 05:55:45'),(61,'/storage/uploads/products/SP02-100602/photo_16_2025-06-10_14-12-01.webp','image','image/webp',376812,1280,1280,NULL,'2026-01-30 05:55:46','2026-01-30 05:55:46');
/*!40000 ALTER TABLE `media` ENABLE KEYS */;
UNLOCK TABLES;

--
-- Table structure for table `page_sections`
--

DROP TABLE IF EXISTS `page_sections`;
/*!40101 SET @saved_cs_client     = @@character_set_client */;
/*!50503 SET character_set_client = utf8mb4 */;
CREATE TABLE `page_sections` (
  `id` int NOT NULL AUTO_INCREMENT,
  `page_id` int NOT NULL,
  `section_key` varchar(120) COLLATE utf8mb4_unicode_ci NOT NULL,
  `sort_order` int NOT NULL DEFAULT '0',
  `template` varchar(120) COLLATE utf8mb4_unicode_ci NOT NULL,
  `data_json` longtext COLLATE utf8mb4_unicode_ci NOT NULL,
  `created_at` datetime NOT NULL DEFAULT CURRENT_TIMESTAMP,
  `updated_at` datetime NOT NULL DEFAULT CURRENT_TIMESTAMP ON UPDATE CURRENT_TIMESTAMP,
  PRIMARY KEY (`id`),
  KEY `idx_page` (`page_id`),
  CONSTRAINT `fk_page_sections_page` FOREIGN KEY (`page_id`) REFERENCES `pages` (`id`) ON DELETE CASCADE
) ENGINE=InnoDB AUTO_INCREMENT=15 DEFAULT CHARSET=utf8mb4 COLLATE=utf8mb4_unicode_ci;
/*!40101 SET character_set_client = @saved_cs_client */;

--
-- Dumping data for table `page_sections`
--

LOCK TABLES `page_sections` WRITE;
/*!40000 ALTER TABLE `page_sections` DISABLE KEYS */;
INSERT INTO `page_sections` VALUES (1,1,'hero',1,'hero_video','{"video_id": 1, "poster_id": 2, "title_key": "home.hero.title", "subtitle_key": "home.hero.subtitle", "cta_primary": {"text_key": "home.hero.cta_primary", "url": "/ru/products/", "style": "accent-primary"}, "cta_secondary": {"text_key": "home.hero.cta_secondary", "url": "/ru/custom-production/", "style": "accent-secondary"}, "overlay_opacity": 0.45, "gradient": true}','2026-01-30 05:46:21','2026-01-30 05:46:21'),(2,1,'about',2,'about','{"title_key": "home.about.title", "text_key": "home.about.text", "image_id": 3}','2026-01-30 05:46:21','2026-01-30 05:46:21'),(3,1,'features',3,'features','{"columns": 4, "items": [{"icon": "shield", "title_key": "home.features.1.title", "text_key": "home.features.1.text"}, {"icon": "settings", "title_key": "home.features.2.title", "text_key": "home.features.2.text"}, {"icon": "layers", "title_key": "home.features.3.title", "text_key": "home.features.3.text"}, {"icon": "briefcase", "title_key": "home.features.4.title", "text_key": "home.features.4.text"}]}','2026-01-30 05:46:21','2026-01-30 05:46:21'),(4,1,'categories',4,'category_cards','{"items": [{"category_code": "hatches", "title_key": "home.categories.hatches.title", "text_key": "home.categories.hatches.text", "image_id": 3, "url": "/ru/products/hatches/"}, {"category_code": "electrical_cabinets", "title_key": "home.categories.cabinets.title", "text_key": "home.categories.cabinets.text", "image_id": 3, "url": "/ru/products/electrical-cabinets/"}]}','2026-01-30 05:46:21','2026-01-30 05:46:21'),(5,1,'custom',5,'custom_cta','{"title_key": "home.custom.title", "text_key": "home.custom.text", "cta": {"text_key": "home.custom.cta", "url": "/ru/custom-production/", "style": "accent-secondary"}}','2026-01-30 05:46:21','2026-01-30 05:46:21'),(13,1,'partners-carousel',6,'partners_carousel','{"title_key": "home.partners.title"}','2026-01-30 05:46:21','2026-01-30 05:46:21'),(6,3,'custom-production',1,'custom_production','{"title_key": "custom.title", "intro_key": "custom.intro", "process_title_key": "custom.process.title", "steps": ["custom.process.step1", "custom.process.step2", "custom.process.step3", "custom.process.step4"]}','2026-01-30 05:46:21','2026-01-30 05:46:21'),(7,4,'quality-intro',1,'text_block','{"title_key": "quality.title", "text_key": "quality.intro"}','2026-01-30 05:46:21','2026-01-30 05:46:21'),(8,4,'quality-iso',2,'list_block','{"title_key": "quality.iso.title", "items": [{"title_key": "quality.iso.9001", "text_key": "quality.iso.9001.text"}, {"title_key": "quality.iso.14001", "text_key": "quality.iso.14001.text"}]}','2026-01-30 05:46:21','2026-01-30 05:46:21'),(9,4,'quality-trts',3,'text_block','{"title_key": "quality.trts.title", "text_key": "quality.trts.text"}','2026-01-30 05:46:21','2026-01-30 05:46:21'),(10,4,'quality-principles',4,'list_block','{"title_key": "quality.principles.title", "items": [{"title_key": "quality.principles.1", "text_key": "quality.principles.1.text"}, {"title_key": "quality.principles.2", "text_key": "quality.principles.2.text"}, {"title_key": "quality.principles.3", "text_key": "quality.principles.3.text"}, {"title_key": "quality.principles.4", "text_key": "quality.principles.4.text"}, {"title_key": "quality.principles.5", "text_key": "quality.principles.5.text"}]}','2026-01-30 05:46:21','2026-01-30 05:46:21'),(11,4,'quality-conclusion',5,'text_block','{"title_key": "quality.conclusion.title", "text_key": "quality.conclusion"}','2026-01-30 05:46:21','2026-01-30 05:46:21'),(12,5,'where-buy',1,'where_to_buy','{"title_key": "wherebuy.title", "intro_key": "wherebuy.intro"}','2026-01-30 05:46:21','2026-01-30 05:46:21'),(14,6,'contacts',1,'contacts','{}','2026-01-30 05:46:21','2026-01-30 05:46:21');
/*!40000 ALTER TABLE `page_sections` ENABLE KEYS */;
UNLOCK TABLES;

--
-- Table structure for table `pages`
--

DROP TABLE IF EXISTS `pages`;
/*!40101 SET @saved_cs_client     = @@character_set_client */;
/*!50503 SET character_set_client = utf8mb4 */;
CREATE TABLE `pages` (
  `id` int NOT NULL AUTO_INCREMENT,
  `slug` varchar(120) COLLATE utf8mb4_unicode_ci NOT NULL,
  `status` enum('draft','published') COLLATE utf8mb4_unicode_ci NOT NULL DEFAULT 'published',
  `created_at` datetime NOT NULL DEFAULT CURRENT_TIMESTAMP,
  `updated_at` datetime NOT NULL DEFAULT CURRENT_TIMESTAMP ON UPDATE CURRENT_TIMESTAMP,
  PRIMARY KEY (`id`),
  UNIQUE KEY `uniq_slug` (`slug`)
) ENGINE=InnoDB AUTO_INCREMENT=7 DEFAULT CHARSET=utf8mb4 COLLATE=utf8mb4_unicode_ci;
/*!40101 SET character_set_client = @saved_cs_client */;

--
-- Dumping data for table `pages`
--

LOCK TABLES `pages` WRITE;
/*!40000 ALTER TABLE `pages` DISABLE KEYS */;
INSERT INTO `pages` VALUES (1,'home','published','2026-01-30 05:46:21','2026-01-30 05:46:21'),(2,'products','published','2026-01-30 05:46:21','2026-01-30 05:46:21'),(3,'custom-production','published','2026-01-30 05:46:21','2026-01-30 05:46:21'),(4,'quality','published','2026-01-30 05:46:21','2026-01-30 05:46:21'),(5,'where-to-buy','published','2026-01-30 05:46:21','2026-01-30 05:46:21'),(6,'contacts','published','2026-01-30 05:46:21','2026-01-30 05:46:21');
/*!40000 ALTER TABLE `pages` ENABLE KEYS */;
UNLOCK TABLES;

--
-- Table structure for table `partner_i18n`
--

DROP TABLE IF EXISTS `partner_i18n`;
/*!40101 SET @saved_cs_client     = @@character_set_client */;
/*!50503 SET character_set_client = utf8mb4 */;
CREATE TABLE `partner_i18n` (
  `id` int NOT NULL AUTO_INCREMENT,
  `partner_id` int NOT NULL,
  `locale` enum('ru','en') COLLATE utf8mb4_unicode_ci NOT NULL,
  `description` text COLLATE utf8mb4_unicode_ci NOT NULL,
  `created_at` datetime NOT NULL DEFAULT CURRENT_TIMESTAMP,
  `updated_at` datetime NOT NULL DEFAULT CURRENT_TIMESTAMP ON UPDATE CURRENT_TIMESTAMP,
  PRIMARY KEY (`id`),
  UNIQUE KEY `uniq_partner_locale` (`partner_id`,`locale`),
  CONSTRAINT `fk_partner_i18n` FOREIGN KEY (`partner_id`) REFERENCES `partners` (`id`) ON DELETE CASCADE
) ENGINE=InnoDB AUTO_INCREMENT=13 DEFAULT CHARSET=utf8mb4 COLLATE=utf8mb4_unicode_ci;
/*!40101 SET character_set_client = @saved_cs_client */;

--
-- Dumping data for table `partner_i18n`
--

LOCK TABLES `partner_i18n` WRITE;
/*!40000 ALTER TABLE `partner_i18n` DISABLE KEYS */;
INSERT INTO `partner_i18n` VALUES (1,1,'ru','«Системные Решения» — поставщик и интегратор электротехнической продукции, на сайте представлен ассортимент электротехнических брендов и отдельный раздел по System Power. Компания занимается электрощитовыми решениями и поставками оборудования, фокус на подборе, комплектации и поддержке клиентов. На витрине доступны бренды промышленного сегмента (ABB, DKC и др.), что подтверждает профиль B2B-поставок. Подходит как официальный канал закупки System Power с консультацией и сопровождением.','2026-01-30 05:46:21','2026-01-30 05:46:21'),(2,1,'en','System Solutions is a supplier and integrator of electrical products. The website showcases electrical brands and a dedicated System Power section. The company focuses on switchgear solutions, equipment supply, selection, and customer support. The assortment includes industrial brands, confirming a B2B profile. Suitable as an official procurement channel with consultation and support.','2026-01-30 05:46:21','2026-01-30 05:46:21'),(3,2,'ru','Компания занимается поставками электротехнического и светотехнического оборудования, а также электрощитовыми решениями. Указывается возможность изготовления электрощитового оборудования по индивидуальным проектам. Дополнительно заявлены комплексные услуги: доработка проектно-сметной документации, светотехнические расчеты, техсопровождение. Это делает партнера релевантным для B2B-заявок и комплексных поставок.','2026-01-30 05:46:21','2026-01-30 05:46:21'),(4,2,'en','The company supplies electrical and lighting equipment and switchgear solutions. It reports the ability to manufacture switchgear for custom projects. Additional services include design documentation adjustments, lighting calculations, and technical support. This makes the partner relevant for B2B requests and complex deliveries.','2026-01-30 05:46:21','2026-01-30 05:46:21'),(5,3,'ru','Строительный торговый дом «Петрович» — крупная российская компания по продаже товаров для строительства, ремонта и обустройства дома. Подходит для закупок через привычную DIY-площадку с логистикой и широким ассортиментом. Как канал продаж дает доступ к аудитории частных мастеров, бригад и корпоративных клиентов.','2026-01-30 05:46:21','2026-01-30 05:46:21'),(6,3,'en','Petrovich is a large Russian building materials retailer. Suitable for purchases through a familiar DIY platform with logistics and a wide ассортимент. As a sales channel it provides access to private contractors, crews, and corporate buyers.','2026-01-30 05:46:21','2026-01-30 05:46:21'),(7,4,'ru','«ВсеИнструменты.ру» позиционируется как онлайн-гипермаркет для профессионалов и бизнеса, ориентирован на строительство, производство и сферу услуг. В публичном описании заявлен масштаб каталога (до 2 млн товаров) и упор на сервис и логистику. Подходит как канал B2B-закупок с удобным поиском и поставкой.','2026-01-30 05:46:21','2026-01-30 05:46:21'),(8,4,'en','Vseinstrumenti.ru is positioned as an online hypermarket for professionals and businesses in construction, manufacturing, and services. Public descriptions highlight a large catalog and a focus on service and logistics. Suitable as a B2B purchasing channel with convenient search and delivery.','2026-01-30 05:46:21','2026-01-30 05:46:21'),(9,5,'ru','Авито — российская платформа объявлений (товары/услуги/недвижимость/работа), где размещаются как частные лица, так и компании. Канал полезен для охвата спроса «здесь и сейчас» и работы с клиентами, которые ищут по объявлениям и предложениям продавцов. Требуется контроль официальности карточек/продавцов и единый бренд-стиль объявлений.','2026-01-30 05:46:21','2026-01-30 05:46:21'),(10,5,'en','Avito is a Russian classifieds platform where both individuals and companies list products and services. It is useful for demand capture and for working with customers who search listings and seller offers. Requires control of official listings and consistent brand styling.','2026-01-30 05:46:21','2026-01-30 05:46:21'),(11,6,'ru','Smart-shop.pro — интернет-магазин электротехнической продукции, ориентирован на оптовые продажи для юрлиц и ИП, заявляет быструю доставку и сервис подбора аналогов. Позиционируется как официальный дистрибьютор электротехнического и инженерного оборудования. Подходит как канал профессиональных закупок.','2026-01-30 05:46:21','2026-01-30 05:46:21'),(12,6,'en','Smart-shop.pro is an online electrical equipment store focused on wholesale for businesses and entrepreneurs, offering fast delivery and selection of analogs. It positions itself as an official distributor of electrical and engineering equipment. Suitable as a professional procurement channel.','2026-01-30 05:46:21','2026-01-30 05:46:21');
/*!40000 ALTER TABLE `partner_i18n` ENABLE KEYS */;
UNLOCK TABLES;

--
-- Table structure for table `partners`
--

DROP TABLE IF EXISTS `partners`;
/*!40101 SET @saved_cs_client     = @@character_set_client */;
/*!50503 SET character_set_client = utf8mb4 */;
CREATE TABLE `partners` (
  `id` int NOT NULL AUTO_INCREMENT,
  `type` enum('distributor','marketplace') COLLATE utf8mb4_unicode_ci NOT NULL,
  `name` varchar(255) COLLATE utf8mb4_unicode_ci NOT NULL,
  `city` varchar(120) COLLATE utf8mb4_unicode_ci DEFAULT NULL,
  `url` varchar(255) COLLATE utf8mb4_unicode_ci NOT NULL,
  `sort_order` int NOT NULL DEFAULT '0',
  `is_active` tinyint(1) NOT NULL DEFAULT '1',
  `logo_media_id` int DEFAULT NULL,
  `created_at` datetime NOT NULL DEFAULT CURRENT_TIMESTAMP,
  `updated_at` datetime NOT NULL DEFAULT CURRENT_TIMESTAMP ON UPDATE CURRENT_TIMESTAMP,
  PRIMARY KEY (`id`)
) ENGINE=InnoDB AUTO_INCREMENT=7 DEFAULT CHARSET=utf8mb4 COLLATE=utf8mb4_unicode_ci;
/*!40101 SET character_set_client = @saved_cs_client */;

--
-- Dumping data for table `partners`
--

LOCK TABLES `partners` WRITE;
/*!40000 ALTER TABLE `partners` DISABLE KEYS */;
INSERT INTO `partners` VALUES (1,'distributor','Системные Решения','Смоленск','https://sissol.ru/?utm_source=system-power',1,1,NULL,'2026-01-30 05:46:21','2026-01-30 05:46:21'),(2,'distributor','Аргумент Энерго','Москва','https://a-energ.ru/about_us?utm_source=system-power',2,1,NULL,'2026-01-30 05:46:21','2026-01-30 05:46:21'),(3,'marketplace','Петрович',NULL,'https://petrovich.ru/about/?utm_source=system-power',3,1,NULL,'2026-01-30 05:46:21','2026-01-30 05:46:21'),(4,'marketplace','ВсеИнструменты',NULL,'https://www.vseinstrumenti.ru/?utm_source=system-power',4,1,NULL,'2026-01-30 05:46:21','2026-01-30 05:46:21'),(5,'marketplace','Авито',NULL,'https://www.avito.ru/?utm_source=system-power',5,1,NULL,'2026-01-30 05:46:21','2026-01-30 05:46:21'),(6,'marketplace','Smart-shop',NULL,'https://smart-shop.pro/categories?utm_source=system-power',6,1,NULL,'2026-01-30 05:46:21','2026-01-30 05:46:21');
/*!40000 ALTER TABLE `partners` ENABLE KEYS */;
UNLOCK TABLES;

--
-- Table structure for table `product_i18n`
--

DROP TABLE IF EXISTS `product_i18n`;
/*!40101 SET @saved_cs_client     = @@character_set_client */;
/*!50503 SET character_set_client = utf8mb4 */;
CREATE TABLE `product_i18n` (
  `id` int NOT NULL AUTO_INCREMENT,
  `product_id` int NOT NULL,
  `locale` enum('ru','en') COLLATE utf8mb4_unicode_ci NOT NULL,
  `name` varchar(255) COLLATE utf8mb4_unicode_ci NOT NULL,
  `short_description` text COLLATE utf8mb4_unicode_ci NOT NULL,
  `description` longtext COLLATE utf8mb4_unicode_ci NOT NULL,
  `is_html` tinyint(1) NOT NULL DEFAULT '0',
  `created_at` datetime NOT NULL DEFAULT CURRENT_TIMESTAMP,
  `updated_at` datetime NOT NULL DEFAULT CURRENT_TIMESTAMP ON UPDATE CURRENT_TIMESTAMP,
  PRIMARY KEY (`id`),
  UNIQUE KEY `uniq_product_locale` (`product_id`,`locale`),
  CONSTRAINT `fk_product_i18n` FOREIGN KEY (`product_id`) REFERENCES `products` (`id`) ON DELETE CASCADE
) ENGINE=InnoDB AUTO_INCREMENT=73 DEFAULT CHARSET=utf8mb4 COLLATE=utf8mb4_unicode_ci;
/*!40101 SET character_set_client = @saved_cs_client */;

--
-- Dumping data for table `product_i18n`
--

LOCK TABLES `product_i18n` WRITE;
/*!40000 ALTER TABLE `product_i18n` DISABLE KEYS */;
INSERT INTO `product_i18n` VALUES (1,1,'ru','Напольный лючок на 2 модуля (одну розетку 45x45) IP54 System Power SP01-0102','','<p data-start=\"178\" data-end=\"389\"><strong data-start=\"178\" data-end=\"209\">Напольный лючок серии SP01-01</strong>&nbsp;— это удобное и безопасное решение для размещения электропроводки и слаботочных кабелей внутри помещений. Идеально подходит для жилых, офисных и коммерческих пространств. Корпус люка изготовлен из прочной стали и оснащён штампованными отверстиями под трубы диаметром M25. По запросу доступны варианты из алюминия или нержавеющей стали — под любые условия эксплуатации.</p><h5 style=\"font-family: &quot;Open Sans&quot;, sans-serif; color: rgb(0, 0, 0);\"><b><br></b></h5><h5 style=\"font-family: &quot;Open Sans&quot;, sans-serif; color: rgb(0, 0, 0);\"><b>Технические характеристики</b></h5><ul data-start=\"663\" data-end=\"1086\"><li data-start=\"663\" data-end=\"740\"><p data-start=\"665\" data-end=\"740\"><strong data-start=\"665\" data-end=\"688\">Степень защиты IP54:&nbsp;</strong>надёжная защита от пыли и кратковременной влаги</p></li><li data-start=\"741\" data-end=\"832\"><p data-start=\"743\" data-end=\"832\"><strong data-start=\"743\" data-end=\"758\">Вместимость</strong>:<br data-start=\"759\" data-end=\"762\">— 1 розетка формата 45×45 мм<br data-start=\"795\" data-end=\"798\">— или 2 модуля 22.5×45 мм</p></li><li data-start=\"833\" data-end=\"953\"><p data-start=\"835\" data-end=\"953\"><strong data-start=\"835\" data-end=\"856\">Варианты поставки</strong>:<br data-start=\"857\" data-end=\"860\">— с предустановленными розетками 220 В<br data-start=\"900\" data-end=\"903\">— без комплектации — для индивидуальной сборки</p></li><li data-start=\"954\" data-end=\"1086\"><p data-start=\"956\" data-end=\"1086\"><strong data-start=\"956\" data-end=\"973\">Совместимость</strong>:<br data-start=\"974\" data-end=\"977\">— модули 220 В, RJ45, ТВ и другие стандартные подключения<br data-start=\"1036\" data-end=\"1039\">— одна стандартная розетка 220 В = два модуля</p></li></ul><h5 style=\"font-family: &quot;Open Sans&quot;, sans-serif; color: rgb(0, 0, 0);\"><b>Преимущества</b></h5><ul data-start=\"1111\" data-end=\"1389\"><li data-start=\"1111\" data-end=\"1153\"><p data-start=\"1113\" data-end=\"1153\">Регулируемая высота лючка до&nbsp;<strong data-start=\"1142\" data-end=\"1151\">20 мм</strong></p></li><li data-start=\"1154\" data-end=\"1218\"><p data-start=\"1156\" data-end=\"1218\">Полная совместимость с модульными решениями типа&nbsp;<strong data-start=\"1205\" data-end=\"1216\">Mosaic®</strong></p></li><li data-start=\"1219\" data-end=\"1269\"><p data-start=\"1221\" data-end=\"1269\">Возможность изготовления под конкретные задачи</p></li><li data-start=\"1270\" data-end=\"1330\"><p data-start=\"1272\" data-end=\"1330\">Широкий выбор конфигураций — до&nbsp;<strong data-start=\"1304\" data-end=\"1328\">32 установочных мест</strong></p></li><li data-start=\"1331\" data-end=\"1389\"><p data-start=\"1333\" data-end=\"1389\">Идеально подходит для любых интерьеров и типов помещений</p></li></ul><p data-start=\"1174\" data-end=\"1217\"><strong data-start=\"1174\" data-end=\"1217\">Индивидуальные решения и оптовые заказы</strong></p><p data-start=\"1219\" data-end=\"1476\">Доступны напольные лючки с количеством установочных мест до 32 штук и предлагаем специальные условия при оптовых заказах. Чтобы получить персональное предложение или консультацию, свяжитесь с нами по почте&nbsp;<a href=\"mailto:sale@a-energ.ru\">sale@a-energ.ru</a>&nbsp;&nbsp;либо телефону +7 495 409-12-78&nbsp;</p>',1,'2026-01-30 05:55:42','2026-01-30 05:55:42'),(2,1,'en','Напольный лючок на 2 модуля (одну розетку 45x45) IP54 System Power SP01-0102','','<p data-start=\"178\" data-end=\"389\"><strong data-start=\"178\" data-end=\"209\">Напольный лючок серии SP01-01</strong>&nbsp;— это удобное и безопасное решение для размещения электропроводки и слаботочных кабелей внутри помещений. Идеально подходит для жилых, офисных и коммерческих пространств. Корпус люка изготовлен из прочной стали и оснащён штампованными отверстиями под трубы диаметром M25. По запросу доступны варианты из алюминия или нержавеющей стали — под любые условия эксплуатации.</p><h5 style=\"font-family: &quot;Open Sans&quot;, sans-serif; color: rgb(0, 0, 0);\"><b><br></b></h5><h5 style=\"font-family: &quot;Open Sans&quot;, sans-serif; color: rgb(0, 0, 0);\"><b>Технические характеристики</b></h5><ul data-start=\"663\" data-end=\"1086\"><li data-start=\"663\" data-end=\"740\"><p data-start=\"665\" data-end=\"740\"><strong data-start=\"665\" data-end=\"688\">Степень защиты IP54:&nbsp;</strong>надёжная защита от пыли и кратковременной влаги</p></li><li data-start=\"741\" data-end=\"832\"><p data-start=\"743\" data-end=\"832\"><strong data-start=\"743\" data-end=\"758\">Вместимость</strong>:<br data-start=\"759\" data-end=\"762\">— 1 розетка формата 45×45 мм<br data-start=\"795\" data-end=\"798\">— или 2 модуля 22.5×45 мм</p></li><li data-start=\"833\" data-end=\"953\"><p data-start=\"835\" data-end=\"953\"><strong data-start=\"835\" data-end=\"856\">Варианты поставки</strong>:<br data-start=\"857\" data-end=\"860\">— с предустановленными розетками 220 В<br data-start=\"900\" data-end=\"903\">— без комплектации — для индивидуальной сборки</p></li><li data-start=\"954\" data-end=\"1086\"><p data-start=\"956\" data-end=\"1086\"><strong data-start=\"956\" data-end=\"973\">Совместимость</strong>:<br data-start=\"974\" data-end=\"977\">— модули 220 В, RJ45, ТВ и другие стандартные подключения<br data-start=\"1036\" data-end=\"1039\">— одна стандартная розетка 220 В = два модуля</p></li></ul><h5 style=\"font-family: &quot;Open Sans&quot;, sans-serif; color: rgb(0, 0, 0);\"><b>Преимущества</b></h5><ul data-start=\"1111\" data-end=\"1389\"><li data-start=\"1111\" data-end=\"1153\"><p data-start=\"1113\" data-end=\"1153\">Регулируемая высота лючка до&nbsp;<strong data-start=\"1142\" data-end=\"1151\">20 мм</strong></p></li><li data-start=\"1154\" data-end=\"1218\"><p data-start=\"1156\" data-end=\"1218\">Полная совместимость с модульными решениями типа&nbsp;<strong data-start=\"1205\" data-end=\"1216\">Mosaic®</strong></p></li><li data-start=\"1219\" data-end=\"1269\"><p data-start=\"1221\" data-end=\"1269\">Возможность изготовления под конкретные задачи</p></li><li data-start=\"1270\" data-end=\"1330\"><p data-start=\"1272\" data-end=\"1330\">Широкий выбор конфигураций — до&nbsp;<strong data-start=\"1304\" data-end=\"1328\">32 установочных мест</strong></p></li><li data-start=\"1331\" data-end=\"1389\"><p data-start=\"1333\" data-end=\"1389\">Идеально подходит для любых интерьеров и типов помещений</p></li></ul><p data-start=\"1174\" data-end=\"1217\"><strong data-start=\"1174\" data-end=\"1217\">Индивидуальные решения и оптовые заказы</strong></p><p data-start=\"1219\" data-end=\"1476\">Доступны напольные лючки с количеством установочных мест до 32 штук и предлагаем специальные условия при оптовых заказах. Чтобы получить персональное предложение или консультацию, свяжитесь с нами по почте&nbsp;<a href=\"mailto:sale@a-energ.ru\">sale@a-energ.ru</a>&nbsp;&nbsp;либо телефону +7 495 409-12-78&nbsp;</p>',1,'2026-01-30 05:55:42','2026-01-30 05:55:42'),(3,2,'ru','Напольный лючок на 4 модуля (2 розетки 45x45) IP54 System Power SP01-0104','','<p data-start=\"178\" data-end=\"389\"><strong data-start=\"178\" data-end=\"209\">Напольный лючок серии SP01-01</strong>&nbsp;— это удобное и безопасное решение для размещения электропроводки и слаботочных кабелей внутри помещений. Идеально подходит для жилых, офисных и коммерческих пространств. Корпус люка изготовлен из прочной стали и оснащён штампованными отверстиями под трубы диаметром M25. По запросу доступны варианты из алюминия или нержавеющей стали — под любые условия эксплуатации.</p><h5 style=\"font-family: &quot;Open Sans&quot;, sans-serif; color: rgb(0, 0, 0);\"><b><br></b></h5><h5 style=\"font-family: &quot;Open Sans&quot;, sans-serif; color: rgb(0, 0, 0);\"><b>Технические характеристики</b></h5><ul data-start=\"663\" data-end=\"1086\"><li data-start=\"663\" data-end=\"740\"><p data-start=\"665\" data-end=\"740\"><strong data-start=\"665\" data-end=\"688\">Степень защиты IP54:&nbsp;</strong>надёжная защита от пыли и кратковременной влаги</p></li><li data-start=\"741\" data-end=\"832\"><p data-start=\"743\" data-end=\"832\"><strong data-start=\"743\" data-end=\"758\">Вместимость</strong>:<br data-start=\"759\" data-end=\"762\">— до 2 розеток формата 45×45 мм<br data-start=\"795\" data-end=\"798\">— или до 4 модулей 22.5×45 мм</p></li><li data-start=\"833\" data-end=\"953\"><p data-start=\"835\" data-end=\"953\"><strong data-start=\"835\" data-end=\"856\">Варианты поставки</strong>:<br data-start=\"857\" data-end=\"860\">— с предустановленными розетками 220 В<br data-start=\"900\" data-end=\"903\">— без комплектации — для индивидуальной сборки</p></li><li data-start=\"954\" data-end=\"1086\"><p data-start=\"956\" data-end=\"1086\"><strong data-start=\"956\" data-end=\"973\">Совместимость</strong>:<br data-start=\"974\" data-end=\"977\">— модули 220 В, RJ45, ТВ и другие стандартные подключения<br data-start=\"1036\" data-end=\"1039\">— одна стандартная розетка 220 В = два модуля</p></li><li><strong data-start=\"956\" data-end=\"973\">Габариты</strong>: 15<span class=\"OYPEnA font-feature-liga-off font-feature-clig-off font-feature-calt-off text-decoration-none text-strikethrough-none\" style=\"font-kerning: none;\"><span class=\"OYPEnA font-feature-liga-off font-feature-clig-off font-feature-calt-off text-decoration-none text-strikethrough-none\" style=\"font-kerning: none;\">0х200х120</span>&nbsp;мм</span><br></li></ul><h5 style=\"font-family: &quot;Open Sans&quot;, sans-serif; color: rgb(0, 0, 0);\"><b>Преимущества</b></h5><ul data-start=\"1111\" data-end=\"1389\"><li data-start=\"1111\" data-end=\"1153\"><p data-start=\"1113\" data-end=\"1153\">Регулируемая высота лючка до&nbsp;<strong data-start=\"1142\" data-end=\"1151\">20 мм</strong></p></li><li data-start=\"1154\" data-end=\"1218\"><p data-start=\"1156\" data-end=\"1218\">Полная совместимость с модульными решениями типа&nbsp;<strong data-start=\"1205\" data-end=\"1216\">Mosaic®</strong></p></li><li data-start=\"1219\" data-end=\"1269\"><p data-start=\"1221\" data-end=\"1269\">Возможность изготовления под конкретные задачи</p></li><li data-start=\"1270\" data-end=\"1330\"><p data-start=\"1272\" data-end=\"1330\">Широкий выбор конфигураций — до&nbsp;<strong data-start=\"1304\" data-end=\"1328\">32 установочных мест</strong></p></li><li data-start=\"1331\" data-end=\"1389\"><p data-start=\"1333\" data-end=\"1389\">Идеально подходит для любых интерьеров и типов помещений</p></li></ul><p data-start=\"1174\" data-end=\"1217\"><strong data-start=\"1174\" data-end=\"1217\">Индивидуальные решения и оптовые заказы</strong></p><p data-start=\"1219\" data-end=\"1476\">Доступны напольные лючки с количеством установочных мест до 32 штук и предлагаем специальные условия при оптовых заказах. Чтобы получить персональное предложение или консультацию, свяжитесь с нами по почте&nbsp;<a href=\"mailto:sale@a-energ.ru\">sale@a-energ.ru</a>&nbsp;&nbsp;либо телефону +7 495 409-12-78&nbsp;</p>',1,'2026-01-30 05:55:42','2026-01-30 05:55:42'),(4,2,'en','Напольный лючок на 4 модуля (2 розетки 45x45) IP54 System Power SP01-0104','','<p data-start=\"178\" data-end=\"389\"><strong data-start=\"178\" data-end=\"209\">Напольный лючок серии SP01-01</strong>&nbsp;— это удобное и безопасное решение для размещения электропроводки и слаботочных кабелей внутри помещений. Идеально подходит для жилых, офисных и коммерческих пространств. Корпус люка изготовлен из прочной стали и оснащён штампованными отверстиями под трубы диаметром M25. По запросу доступны варианты из алюминия или нержавеющей стали — под любые условия эксплуатации.</p><h5 style=\"font-family: &quot;Open Sans&quot;, sans-serif; color: rgb(0, 0, 0);\"><b><br></b></h5><h5 style=\"font-family: &quot;Open Sans&quot;, sans-serif; color: rgb(0, 0, 0);\"><b>Технические характеристики</b></h5><ul data-start=\"663\" data-end=\"1086\"><li data-start=\"663\" data-end=\"740\"><p data-start=\"665\" data-end=\"740\"><strong data-start=\"665\" data-end=\"688\">Степень защиты IP54:&nbsp;</strong>надёжная защита от пыли и кратковременной влаги</p></li><li data-start=\"741\" data-end=\"832\"><p data-start=\"743\" data-end=\"832\"><strong data-start=\"743\" data-end=\"758\">Вместимость</strong>:<br data-start=\"759\" data-end=\"762\">— до 2 розеток формата 45×45 мм<br data-start=\"795\" data-end=\"798\">— или до 4 модулей 22.5×45 мм</p></li><li data-start=\"833\" data-end=\"953\"><p data-start=\"835\" data-end=\"953\"><strong data-start=\"835\" data-end=\"856\">Варианты поставки</strong>:<br data-start=\"857\" data-end=\"860\">— с предустановленными розетками 220 В<br data-start=\"900\" data-end=\"903\">— без комплектации — для индивидуальной сборки</p></li><li data-start=\"954\" data-end=\"1086\"><p data-start=\"956\" data-end=\"1086\"><strong data-start=\"956\" data-end=\"973\">Совместимость</strong>:<br data-start=\"974\" data-end=\"977\">— модули 220 В, RJ45, ТВ и другие стандартные подключения<br data-start=\"1036\" data-end=\"1039\">— одна стандартная розетка 220 В = два модуля</p></li><li><strong data-start=\"956\" data-end=\"973\">Габариты</strong>: 15<span class=\"OYPEnA font-feature-liga-off font-feature-clig-off font-feature-calt-off text-decoration-none text-strikethrough-none\" style=\"font-kerning: none;\"><span class=\"OYPEnA font-feature-liga-off font-feature-clig-off font-feature-calt-off text-decoration-none text-strikethrough-none\" style=\"font-kerning: none;\">0х200х120</span>&nbsp;мм</span><br></li></ul><h5 style=\"font-family: &quot;Open Sans&quot;, sans-serif; color: rgb(0, 0, 0);\"><b>Преимущества</b></h5><ul data-start=\"1111\" data-end=\"1389\"><li data-start=\"1111\" data-end=\"1153\"><p data-start=\"1113\" data-end=\"1153\">Регулируемая высота лючка до&nbsp;<strong data-start=\"1142\" data-end=\"1151\">20 мм</strong></p></li><li data-start=\"1154\" data-end=\"1218\"><p data-start=\"1156\" data-end=\"1218\">Полная совместимость с модульными решениями типа&nbsp;<strong data-start=\"1205\" data-end=\"1216\">Mosaic®</strong></p></li><li data-start=\"1219\" data-end=\"1269\"><p data-start=\"1221\" data-end=\"1269\">Возможность изготовления под конкретные задачи</p></li><li data-start=\"1270\" data-end=\"1330\"><p data-start=\"1272\" data-end=\"1330\">Широкий выбор конфигураций — до&nbsp;<strong data-start=\"1304\" data-end=\"1328\">32 установочных мест</strong></p></li><li data-start=\"1331\" data-end=\"1389\"><p data-start=\"1333\" data-end=\"1389\">Идеально подходит для любых интерьеров и типов помещений</p></li></ul><p data-start=\"1174\" data-end=\"1217\"><strong data-start=\"1174\" data-end=\"1217\">Индивидуальные решения и оптовые заказы</strong></p><p data-start=\"1219\" data-end=\"1476\">Доступны напольные лючки с количеством установочных мест до 32 штук и предлагаем специальные условия при оптовых заказах. Чтобы получить персональное предложение или консультацию, свяжитесь с нами по почте&nbsp;<a href=\"mailto:sale@a-energ.ru\">sale@a-energ.ru</a>&nbsp;&nbsp;либо телефону +7 495 409-12-78&nbsp;</p>',1,'2026-01-30 05:55:42','2026-01-30 05:55:42'),(5,3,'ru','Напольный лючок на 6 модулей (3 розетки 45x45) IP54 System Power SP01-0106','','<p data-start=\"178\" data-end=\"389\"><strong data-start=\"178\" data-end=\"209\">Напольный лючок серии SP01-01</strong>&nbsp;— это удобное и безопасное решение для размещения электропроводки и слаботочных кабелей внутри помещений. Идеально подходит для жилых, офисных и коммерческих пространств. Корпус люка изготовлен из прочной стали и оснащён штампованными отверстиями под трубы диаметром M25. По запросу доступны варианты из алюминия или нержавеющей стали — под любые условия эксплуатации.</p><h5 style=\"font-family: &quot;Open Sans&quot;, sans-serif; color: rgb(0, 0, 0);\"><b><br></b></h5><h5 style=\"font-family: &quot;Open Sans&quot;, sans-serif; color: rgb(0, 0, 0);\"><b>Технические характеристики</b></h5><ul data-start=\"663\" data-end=\"1086\"><li data-start=\"663\" data-end=\"740\"><p data-start=\"665\" data-end=\"740\"><strong data-start=\"665\" data-end=\"688\">Степень защиты IP54:&nbsp;</strong>надёжная защита от пыли и кратковременной влаги</p></li><li data-start=\"741\" data-end=\"832\"><p data-start=\"743\" data-end=\"832\"><strong data-start=\"743\" data-end=\"758\">Вместимость</strong>:<br data-start=\"759\" data-end=\"762\">— до 3 розеток формата 45×45 мм<br data-start=\"795\" data-end=\"798\">— или до 6 модулей 22.5×45 мм</p></li><li data-start=\"833\" data-end=\"953\"><p data-start=\"835\" data-end=\"953\"><strong data-start=\"835\" data-end=\"856\">Варианты поставки</strong>:<br data-start=\"857\" data-end=\"860\">— с предустановленными розетками 220 В<br data-start=\"900\" data-end=\"903\">— без комплектации — для индивидуальной сборки</p></li><li data-start=\"954\" data-end=\"1086\"><p data-start=\"956\" data-end=\"1086\"><strong data-start=\"956\" data-end=\"973\">Совместимость</strong>:<br data-start=\"974\" data-end=\"977\">— модули 220 В, RJ45, ТВ и другие стандартные подключения<br data-start=\"1036\" data-end=\"1039\">— одна стандартная розетка 220 В = два модуля</p></li></ul><h5 style=\"font-family: &quot;Open Sans&quot;, sans-serif; color: rgb(0, 0, 0);\"><b>Преимущества</b></h5><ul data-start=\"1111\" data-end=\"1389\"><li data-start=\"1111\" data-end=\"1153\"><p data-start=\"1113\" data-end=\"1153\">Регулируемая высота лючка до&nbsp;<strong data-start=\"1142\" data-end=\"1151\">20 мм</strong></p></li><li data-start=\"1154\" data-end=\"1218\"><p data-start=\"1156\" data-end=\"1218\">Полная совместимость с модульными решениями типа&nbsp;<strong data-start=\"1205\" data-end=\"1216\">Mosaic®</strong></p></li><li data-start=\"1219\" data-end=\"1269\"><p data-start=\"1221\" data-end=\"1269\">Возможность изготовления под конкретные задачи</p></li><li data-start=\"1270\" data-end=\"1330\"><p data-start=\"1272\" data-end=\"1330\">Широкий выбор конфигураций — до&nbsp;<strong data-start=\"1304\" data-end=\"1328\">32 установочных мест</strong></p></li><li data-start=\"1331\" data-end=\"1389\"><p data-start=\"1333\" data-end=\"1389\">Идеально подходит для любых интерьеров и типов помещений</p></li></ul><p data-start=\"1174\" data-end=\"1217\"><strong data-start=\"1174\" data-end=\"1217\">Индивидуальные решения и оптовые заказы</strong></p><p data-start=\"1219\" data-end=\"1476\">Доступны напольные лючки с количеством установочных мест до 32 штук и предлагаем специальные условия при оптовых заказах. Чтобы получить персональное предложение или консультацию, свяжитесь с нами по почте&nbsp;<a href=\"mailto:sale@a-energ.ru\">sale@a-energ.ru</a>&nbsp;&nbsp;либо телефону +7 495 409-12-78&nbsp;</p>',1,'2026-01-30 05:55:42','2026-01-30 05:55:42'),(6,3,'en','Напольный лючок на 6 модулей (3 розетки 45x45) IP54 System Power SP01-0106','','<p data-start=\"178\" data-end=\"389\"><strong data-start=\"178\" data-end=\"209\">Напольный лючок серии SP01-01</strong>&nbsp;— это удобное и безопасное решение для размещения электропроводки и слаботочных кабелей внутри помещений. Идеально подходит для жилых, офисных и коммерческих пространств. Корпус люка изготовлен из прочной стали и оснащён штампованными отверстиями под трубы диаметром M25. По запросу доступны варианты из алюминия или нержавеющей стали — под любые условия эксплуатации.</p><h5 style=\"font-family: &quot;Open Sans&quot;, sans-serif; color: rgb(0, 0, 0);\"><b><br></b></h5><h5 style=\"font-family: &quot;Open Sans&quot;, sans-serif; color: rgb(0, 0, 0);\"><b>Технические характеристики</b></h5><ul data-start=\"663\" data-end=\"1086\"><li data-start=\"663\" data-end=\"740\"><p data-start=\"665\" data-end=\"740\"><strong data-start=\"665\" data-end=\"688\">Степень защиты IP54:&nbsp;</strong>надёжная защита от пыли и кратковременной влаги</p></li><li data-start=\"741\" data-end=\"832\"><p data-start=\"743\" data-end=\"832\"><strong data-start=\"743\" data-end=\"758\">Вместимость</strong>:<br data-start=\"759\" data-end=\"762\">— до 3 розеток формата 45×45 мм<br data-start=\"795\" data-end=\"798\">— или до 6 модулей 22.5×45 мм</p></li><li data-start=\"833\" data-end=\"953\"><p data-start=\"835\" data-end=\"953\"><strong data-start=\"835\" data-end=\"856\">Варианты поставки</strong>:<br data-start=\"857\" data-end=\"860\">— с предустановленными розетками 220 В<br data-start=\"900\" data-end=\"903\">— без комплектации — для индивидуальной сборки</p></li><li data-start=\"954\" data-end=\"1086\"><p data-start=\"956\" data-end=\"1086\"><strong data-start=\"956\" data-end=\"973\">Совместимость</strong>:<br data-start=\"974\" data-end=\"977\">— модули 220 В, RJ45, ТВ и другие стандартные подключения<br data-start=\"1036\" data-end=\"1039\">— одна стандартная розетка 220 В = два модуля</p></li></ul><h5 style=\"font-family: &quot;Open Sans&quot;, sans-serif; color: rgb(0, 0, 0);\"><b>Преимущества</b></h5><ul data-start=\"1111\" data-end=\"1389\"><li data-start=\"1111\" data-end=\"1153\"><p data-start=\"1113\" data-end=\"1153\">Регулируемая высота лючка до&nbsp;<strong data-start=\"1142\" data-end=\"1151\">20 мм</strong></p></li><li data-start=\"1154\" data-end=\"1218\"><p data-start=\"1156\" data-end=\"1218\">Полная совместимость с модульными решениями типа&nbsp;<strong data-start=\"1205\" data-end=\"1216\">Mosaic®</strong></p></li><li data-start=\"1219\" data-end=\"1269\"><p data-start=\"1221\" data-end=\"1269\">Возможность изготовления под конкретные задачи</p></li><li data-start=\"1270\" data-end=\"1330\"><p data-start=\"1272\" data-end=\"1330\">Широкий выбор конфигураций — до&nbsp;<strong data-start=\"1304\" data-end=\"1328\">32 установочных мест</strong></p></li><li data-start=\"1331\" data-end=\"1389\"><p data-start=\"1333\" data-end=\"1389\">Идеально подходит для любых интерьеров и типов помещений</p></li></ul><p data-start=\"1174\" data-end=\"1217\"><strong data-start=\"1174\" data-end=\"1217\">Индивидуальные решения и оптовые заказы</strong></p><p data-start=\"1219\" data-end=\"1476\">Доступны напольные лючки с количеством установочных мест до 32 штук и предлагаем специальные условия при оптовых заказах. Чтобы получить персональное предложение или консультацию, свяжитесь с нами по почте&nbsp;<a href=\"mailto:sale@a-energ.ru\">sale@a-energ.ru</a>&nbsp;&nbsp;либо телефону +7 495 409-12-78&nbsp;</p>',1,'2026-01-30 05:55:42','2026-01-30 05:55:42'),(7,4,'ru','Напольный лючок на 8 модулей (4 розетки 45x45) IP54 System Power SP01-0108','','<p data-start=\"178\" data-end=\"389\"><strong data-start=\"178\" data-end=\"209\">Напольный лючок серии SP01-01</strong>&nbsp;— это удобное и безопасное решение для размещения электропроводки и слаботочных кабелей внутри помещений. Идеально подходит для жилых, офисных и коммерческих пространств. Корпус люка изготовлен из прочной стали и оснащён штампованными отверстиями под трубы диаметром M25. По запросу доступны варианты из алюминия или нержавеющей стали — под любые условия эксплуатации.</p><h5 style=\"font-family: &quot;Open Sans&quot;, sans-serif; color: rgb(0, 0, 0);\"><b><br></b></h5><h5 style=\"font-family: &quot;Open Sans&quot;, sans-serif; color: rgb(0, 0, 0);\"><b>Технические характеристики</b></h5><ul data-start=\"663\" data-end=\"1086\"><li data-start=\"663\" data-end=\"740\"><p data-start=\"665\" data-end=\"740\"><strong data-start=\"665\" data-end=\"688\">Степень защиты IP54:&nbsp;</strong>надёжная защита от пыли и кратковременной влаги</p></li><li data-start=\"741\" data-end=\"832\"><p data-start=\"743\" data-end=\"832\"><strong data-start=\"743\" data-end=\"758\">Вместимость</strong>:<br data-start=\"759\" data-end=\"762\">— до 4 розеток формата 45×45 мм<br data-start=\"795\" data-end=\"798\">— или до 8 модулей 22.5×45 мм</p></li><li data-start=\"833\" data-end=\"953\"><p data-start=\"835\" data-end=\"953\"><strong data-start=\"835\" data-end=\"856\">Варианты поставки</strong>:<br data-start=\"857\" data-end=\"860\">— с предустановленными розетками 220 В<br data-start=\"900\" data-end=\"903\">— без комплектации — для индивидуальной сборки</p></li><li data-start=\"954\" data-end=\"1086\"><p data-start=\"956\" data-end=\"1086\"><strong data-start=\"956\" data-end=\"973\">Совместимость</strong>:<br data-start=\"974\" data-end=\"977\">— модули 220 В, RJ45, ТВ и другие стандартные подключения<br data-start=\"1036\" data-end=\"1039\">— одна стандартная розетка 220 В = два модуля</p></li><li><strong data-start=\"956\" data-end=\"973\">Габариты</strong>:&nbsp;<span class=\"OYPEnA font-feature-liga-off font-feature-clig-off font-feature-calt-off text-decoration-none text-strikethrough-none\" style=\"font-kerning: none;\"><span class=\"OYPEnA font-feature-liga-off font-feature-clig-off font-feature-calt-off text-decoration-none text-strikethrough-none\" style=\"font-kerning: none;\"><span class=\"OYPEnA font-feature-liga-off font-feature-clig-off font-feature-calt-off text-decoration-none text-strikethrough-none\" style=\"font-kerning: none;\">200х200х120</span>&nbsp;</span>мм</span><br></li></ul><h5 style=\"font-family: &quot;Open Sans&quot;, sans-serif; color: rgb(0, 0, 0);\"><b>Преимущества</b></h5><ul data-start=\"1111\" data-end=\"1389\"><li data-start=\"1111\" data-end=\"1153\"><p data-start=\"1113\" data-end=\"1153\">Регулируемая высота лючка до&nbsp;<strong data-start=\"1142\" data-end=\"1151\">20 мм</strong></p></li><li data-start=\"1154\" data-end=\"1218\"><p data-start=\"1156\" data-end=\"1218\">Полная совместимость с модульными решениями типа&nbsp;<strong data-start=\"1205\" data-end=\"1216\">Mosaic®</strong></p></li><li data-start=\"1219\" data-end=\"1269\"><p data-start=\"1221\" data-end=\"1269\">Возможность изготовления под конкретные задачи</p></li><li data-start=\"1270\" data-end=\"1330\"><p data-start=\"1272\" data-end=\"1330\">Широкий выбор конфигураций — до&nbsp;<strong data-start=\"1304\" data-end=\"1328\">32 установочных мест</strong></p></li><li data-start=\"1331\" data-end=\"1389\"><p data-start=\"1333\" data-end=\"1389\">Идеально подходит для любых интерьеров и типов помещений</p></li></ul><p data-start=\"1174\" data-end=\"1217\"><strong data-start=\"1174\" data-end=\"1217\">Индивидуальные решения и оптовые заказы</strong></p><p data-start=\"1219\" data-end=\"1476\">Доступны напольные лючки с количеством установочных мест до 32 штук и предлагаем специальные условия при оптовых заказах. Чтобы получить персональное предложение или консультацию, свяжитесь с нами по почте&nbsp;<a href=\"mailto:sale@a-energ.ru\">sale@a-energ.ru</a>&nbsp;&nbsp;либо телефону +7 495 409-12-78&nbsp;</p>',1,'2026-01-30 05:55:42','2026-01-30 05:55:42'),(8,4,'en','Напольный лючок на 8 модулей (4 розетки 45x45) IP54 System Power SP01-0108','','<p data-start=\"178\" data-end=\"389\"><strong data-start=\"178\" data-end=\"209\">Напольный лючок серии SP01-01</strong>&nbsp;— это удобное и безопасное решение для размещения электропроводки и слаботочных кабелей внутри помещений. Идеально подходит для жилых, офисных и коммерческих пространств. Корпус люка изготовлен из прочной стали и оснащён штампованными отверстиями под трубы диаметром M25. По запросу доступны варианты из алюминия или нержавеющей стали — под любые условия эксплуатации.</p><h5 style=\"font-family: &quot;Open Sans&quot;, sans-serif; color: rgb(0, 0, 0);\"><b><br></b></h5><h5 style=\"font-family: &quot;Open Sans&quot;, sans-serif; color: rgb(0, 0, 0);\"><b>Технические характеристики</b></h5><ul data-start=\"663\" data-end=\"1086\"><li data-start=\"663\" data-end=\"740\"><p data-start=\"665\" data-end=\"740\"><strong data-start=\"665\" data-end=\"688\">Степень защиты IP54:&nbsp;</strong>надёжная защита от пыли и кратковременной влаги</p></li><li data-start=\"741\" data-end=\"832\"><p data-start=\"743\" data-end=\"832\"><strong data-start=\"743\" data-end=\"758\">Вместимость</strong>:<br data-start=\"759\" data-end=\"762\">— до 4 розеток формата 45×45 мм<br data-start=\"795\" data-end=\"798\">— или до 8 модулей 22.5×45 мм</p></li><li data-start=\"833\" data-end=\"953\"><p data-start=\"835\" data-end=\"953\"><strong data-start=\"835\" data-end=\"856\">Варианты поставки</strong>:<br data-start=\"857\" data-end=\"860\">— с предустановленными розетками 220 В<br data-start=\"900\" data-end=\"903\">— без комплектации — для индивидуальной сборки</p></li><li data-start=\"954\" data-end=\"1086\"><p data-start=\"956\" data-end=\"1086\"><strong data-start=\"956\" data-end=\"973\">Совместимость</strong>:<br data-start=\"974\" data-end=\"977\">— модули 220 В, RJ45, ТВ и другие стандартные подключения<br data-start=\"1036\" data-end=\"1039\">— одна стандартная розетка 220 В = два модуля</p></li><li><strong data-start=\"956\" data-end=\"973\">Габариты</strong>:&nbsp;<span class=\"OYPEnA font-feature-liga-off font-feature-clig-off font-feature-calt-off text-decoration-none text-strikethrough-none\" style=\"font-kerning: none;\"><span class=\"OYPEnA font-feature-liga-off font-feature-clig-off font-feature-calt-off text-decoration-none text-strikethrough-none\" style=\"font-kerning: none;\"><span class=\"OYPEnA font-feature-liga-off font-feature-clig-off font-feature-calt-off text-decoration-none text-strikethrough-none\" style=\"font-kerning: none;\">200х200х120</span>&nbsp;</span>мм</span><br></li></ul><h5 style=\"font-family: &quot;Open Sans&quot;, sans-serif; color: rgb(0, 0, 0);\"><b>Преимущества</b></h5><ul data-start=\"1111\" data-end=\"1389\"><li data-start=\"1111\" data-end=\"1153\"><p data-start=\"1113\" data-end=\"1153\">Регулируемая высота лючка до&nbsp;<strong data-start=\"1142\" data-end=\"1151\">20 мм</strong></p></li><li data-start=\"1154\" data-end=\"1218\"><p data-start=\"1156\" data-end=\"1218\">Полная совместимость с модульными решениями типа&nbsp;<strong data-start=\"1205\" data-end=\"1216\">Mosaic®</strong></p></li><li data-start=\"1219\" data-end=\"1269\"><p data-start=\"1221\" data-end=\"1269\">Возможность изготовления под конкретные задачи</p></li><li data-start=\"1270\" data-end=\"1330\"><p data-start=\"1272\" data-end=\"1330\">Широкий выбор конфигураций — до&nbsp;<strong data-start=\"1304\" data-end=\"1328\">32 установочных мест</strong></p></li><li data-start=\"1331\" data-end=\"1389\"><p data-start=\"1333\" data-end=\"1389\">Идеально подходит для любых интерьеров и типов помещений</p></li></ul><p data-start=\"1174\" data-end=\"1217\"><strong data-start=\"1174\" data-end=\"1217\">Индивидуальные решения и оптовые заказы</strong></p><p data-start=\"1219\" data-end=\"1476\">Доступны напольные лючки с количеством установочных мест до 32 штук и предлагаем специальные условия при оптовых заказах. Чтобы получить персональное предложение или консультацию, свяжитесь с нами по почте&nbsp;<a href=\"mailto:sale@a-energ.ru\">sale@a-energ.ru</a>&nbsp;&nbsp;либо телефону +7 495 409-12-78&nbsp;</p>',1,'2026-01-30 05:55:42','2026-01-30 05:55:42'),(9,5,'ru','Напольный лючок на 12 модулей (6 розеток 45x45) IP54 System Power SP01-0112','','<p data-start=\"178\" data-end=\"389\"><strong data-start=\"178\" data-end=\"209\">Напольный лючок серии SP01-01</strong>&nbsp;— это удобное и безопасное решение для размещения электропроводки и слаботочных кабелей внутри помещений. Идеально подходит для жилых, офисных и коммерческих пространств. Корпус люка изготовлен из прочной стали и оснащён штампованными отверстиями под трубы диаметром M25. По запросу доступны варианты из алюминия или нержавеющей стали — под любые условия эксплуатации.</p><h5><b><br></b></h5><h5><b>Технические характеристики</b></h5><ul data-start=\"663\" data-end=\"1086\"><li data-start=\"663\" data-end=\"740\"><p data-start=\"665\" data-end=\"740\"><strong data-start=\"665\" data-end=\"688\">Степень защиты IP54:&nbsp;</strong>надёжная защита от пыли и кратковременной влаги</p></li><li data-start=\"741\" data-end=\"832\"><p data-start=\"743\" data-end=\"832\"><strong data-start=\"743\" data-end=\"758\">Вместимость</strong>:<br data-start=\"759\" data-end=\"762\">— до 6 розеток формата 45×45 мм<br data-start=\"795\" data-end=\"798\">— или до 12 модулей 22.5×45 мм</p></li><li data-start=\"833\" data-end=\"953\"><p data-start=\"835\" data-end=\"953\"><strong data-start=\"835\" data-end=\"856\">Варианты поставки</strong>:<br data-start=\"857\" data-end=\"860\">— с предустановленными розетками 220 В<br data-start=\"900\" data-end=\"903\">— без комплектации — для индивидуальной сборки</p></li><li data-start=\"954\" data-end=\"1086\"><p data-start=\"956\" data-end=\"1086\"><strong data-start=\"956\" data-end=\"973\">Совместимость</strong>:<br data-start=\"974\" data-end=\"977\">— модули 220 В, RJ45, ТВ и другие стандартные подключения<br data-start=\"1036\" data-end=\"1039\">— одна стандартная розетка 220 В = два модуля</p></li><li><strong data-start=\"956\" data-end=\"973\" style=\"font-size: 13px;\">Габариты</strong><span style=\"font-size: 13px;\">: 2</span><span class=\"OYPEnA font-feature-liga-off font-feature-clig-off font-feature-calt-off text-decoration-none text-strikethrough-none\" style=\"font-kerning: none;\">00х245х120 мм</span><br></li></ul><h5><b>Преимущества</b></h5><ul data-start=\"1111\" data-end=\"1389\"><li data-start=\"1111\" data-end=\"1153\"><p data-start=\"1113\" data-end=\"1153\">Регулируемая высота лючка до&nbsp;<strong data-start=\"1142\" data-end=\"1151\">20 мм</strong></p></li><li data-start=\"1154\" data-end=\"1218\"><p data-start=\"1156\" data-end=\"1218\">Полная совместимость с модульными решениями типа&nbsp;<strong data-start=\"1205\" data-end=\"1216\">Mosaic®</strong></p></li><li data-start=\"1219\" data-end=\"1269\"><p data-start=\"1221\" data-end=\"1269\">Возможность изготовления под конкретные задачи</p></li><li data-start=\"1270\" data-end=\"1330\"><p data-start=\"1272\" data-end=\"1330\">Широкий выбор конфигураций — до&nbsp;<strong data-start=\"1304\" data-end=\"1328\">32 установочных мест</strong></p></li><li data-start=\"1331\" data-end=\"1389\"><p data-start=\"1333\" data-end=\"1389\">Идеально подходит для любых интерьеров и типов помещений</p></li></ul><p data-start=\"1174\" data-end=\"1217\"><strong data-start=\"1174\" data-end=\"1217\">Индивидуальные решения и оптовые заказы</strong></p><p data-start=\"1219\" data-end=\"1476\">Доступны напольные лючки с количеством установочных мест до 32 штук и предлагаем специальные условия при оптовых заказах. Чтобы получить персональное предложение или консультацию, свяжитесь с нами по почте&nbsp;<a href=\"mailto:sale@a-energ.ru\">sale@a-energ.ru</a>&nbsp;&nbsp;либо телефону +7 495 409-12-78&nbsp;</p>',1,'2026-01-30 05:55:43','2026-01-30 05:55:43'),(10,5,'en','Напольный лючок на 12 модулей (6 розеток 45x45) IP54 System Power SP01-0112','','<p data-start=\"178\" data-end=\"389\"><strong data-start=\"178\" data-end=\"209\">Напольный лючок серии SP01-01</strong>&nbsp;— это удобное и безопасное решение для размещения электропроводки и слаботочных кабелей внутри помещений. Идеально подходит для жилых, офисных и коммерческих пространств. Корпус люка изготовлен из прочной стали и оснащён штампованными отверстиями под трубы диаметром M25. По запросу доступны варианты из алюминия или нержавеющей стали — под любые условия эксплуатации.</p><h5><b><br></b></h5><h5><b>Технические характеристики</b></h5><ul data-start=\"663\" data-end=\"1086\"><li data-start=\"663\" data-end=\"740\"><p data-start=\"665\" data-end=\"740\"><strong data-start=\"665\" data-end=\"688\">Степень защиты IP54:&nbsp;</strong>надёжная защита от пыли и кратковременной влаги</p></li><li data-start=\"741\" data-end=\"832\"><p data-start=\"743\" data-end=\"832\"><strong data-start=\"743\" data-end=\"758\">Вместимость</strong>:<br data-start=\"759\" data-end=\"762\">— до 6 розеток формата 45×45 мм<br data-start=\"795\" data-end=\"798\">— или до 12 модулей 22.5×45 мм</p></li><li data-start=\"833\" data-end=\"953\"><p data-start=\"835\" data-end=\"953\"><strong data-start=\"835\" data-end=\"856\">Варианты поставки</strong>:<br data-start=\"857\" data-end=\"860\">— с предустановленными розетками 220 В<br data-start=\"900\" data-end=\"903\">— без комплектации — для индивидуальной сборки</p></li><li data-start=\"954\" data-end=\"1086\"><p data-start=\"956\" data-end=\"1086\"><strong data-start=\"956\" data-end=\"973\">Совместимость</strong>:<br data-start=\"974\" data-end=\"977\">— модули 220 В, RJ45, ТВ и другие стандартные подключения<br data-start=\"1036\" data-end=\"1039\">— одна стандартная розетка 220 В = два модуля</p></li><li><strong data-start=\"956\" data-end=\"973\" style=\"font-size: 13px;\">Габариты</strong><span style=\"font-size: 13px;\">: 2</span><span class=\"OYPEnA font-feature-liga-off font-feature-clig-off font-feature-calt-off text-decoration-none text-strikethrough-none\" style=\"font-kerning: none;\">00х245х120 мм</span><br></li></ul><h5><b>Преимущества</b></h5><ul data-start=\"1111\" data-end=\"1389\"><li data-start=\"1111\" data-end=\"1153\"><p data-start=\"1113\" data-end=\"1153\">Регулируемая высота лючка до&nbsp;<strong data-start=\"1142\" data-end=\"1151\">20 мм</strong></p></li><li data-start=\"1154\" data-end=\"1218\"><p data-start=\"1156\" data-end=\"1218\">Полная совместимость с модульными решениями типа&nbsp;<strong data-start=\"1205\" data-end=\"1216\">Mosaic®</strong></p></li><li data-start=\"1219\" data-end=\"1269\"><p data-start=\"1221\" data-end=\"1269\">Возможность изготовления под конкретные задачи</p></li><li data-start=\"1270\" data-end=\"1330\"><p data-start=\"1272\" data-end=\"1330\">Широкий выбор конфигураций — до&nbsp;<strong data-start=\"1304\" data-end=\"1328\">32 установочных мест</strong></p></li><li data-start=\"1331\" data-end=\"1389\"><p data-start=\"1333\" data-end=\"1389\">Идеально подходит для любых интерьеров и типов помещений</p></li></ul><p data-start=\"1174\" data-end=\"1217\"><strong data-start=\"1174\" data-end=\"1217\">Индивидуальные решения и оптовые заказы</strong></p><p data-start=\"1219\" data-end=\"1476\">Доступны напольные лючки с количеством установочных мест до 32 штук и предлагаем специальные условия при оптовых заказах. Чтобы получить персональное предложение или консультацию, свяжитесь с нами по почте&nbsp;<a href=\"mailto:sale@a-energ.ru\">sale@a-energ.ru</a>&nbsp;&nbsp;либо телефону +7 495 409-12-78&nbsp;</p>',1,'2026-01-30 05:55:43','2026-01-30 05:55:43'),(11,6,'ru','Лючок-невидимка в пол на 2 модуля (одну розетку 45x45) IP54 System Power SP01-0202','','<p>Напольный люк для электрики скрытой установки — идеальное решение для безопасного доступа к электропроводке и кабельным каналам в помещении. Он может быть интегрирован в любой интерьер благодаря возможности скрытой установки. Все лючки серии SP01-02 System Power обладают защитой IP54, что гарантирует защиту от пыли и кратковременных струй воды.</p><p><font color=\"#ce0000\"><b>ВАЖНО: Два модуля это одна стандартная розетка 220V.</b></font></p><p>Корпус выполнен из cтали и имеет штампованные отверстия для ввода труб (M25).<br></p><p>Совместимость: В данный люк можно установить два модуля с габаритами 45x45 мм (справочно: два модуля это может быть розетка габаритов 45x45 либо модуль RJ45 с габаритами 22.5x45 мм. каждый). В наполнение лючка входят силовые розетки 220V. Есть возможность замены на другие розетки (RJ45, ТВ и т.д).</p><p>В базовой комплектации изготовлен из стали. Существует возможность изготовления из алюминия</p><p><b>Готовы изготовить лючки по вашим индивидуальным запросам а также предоставить персональную скидку при заказе партии. Напишите нам на почту <a href=\"mailto:sale@a-energ.ru\">sale@a-energ.ru</a> и наш менеджер с вами обязательно свяжется.</b></p><p><br></p>',1,'2026-01-30 05:55:43','2026-01-30 05:55:43'),(12,6,'en','Лючок-невидимка в пол на 2 модуля (одну розетку 45x45) IP54 System Power SP01-0202','','<p>Напольный люк для электрики скрытой установки — идеальное решение для безопасного доступа к электропроводке и кабельным каналам в помещении. Он может быть интегрирован в любой интерьер благодаря возможности скрытой установки. Все лючки серии SP01-02 System Power обладают защитой IP54, что гарантирует защиту от пыли и кратковременных струй воды.</p><p><font color=\"#ce0000\"><b>ВАЖНО: Два модуля это одна стандартная розетка 220V.</b></font></p><p>Корпус выполнен из cтали и имеет штампованные отверстия для ввода труб (M25).<br></p><p>Совместимость: В данный люк можно установить два модуля с габаритами 45x45 мм (справочно: два модуля это может быть розетка габаритов 45x45 либо модуль RJ45 с габаритами 22.5x45 мм. каждый). В наполнение лючка входят силовые розетки 220V. Есть возможность замены на другие розетки (RJ45, ТВ и т.д).</p><p>В базовой комплектации изготовлен из стали. Существует возможность изготовления из алюминия</p><p><b>Готовы изготовить лючки по вашим индивидуальным запросам а также предоставить персональную скидку при заказе партии. Напишите нам на почту <a href=\"mailto:sale@a-energ.ru\">sale@a-energ.ru</a> и наш менеджер с вами обязательно свяжется.</b></p><p><br></p>',1,'2026-01-30 05:55:43','2026-01-30 05:55:43'),(13,7,'ru','Лючок-невидимка в пол на 6 модулей (3 розетки 45x45) IP54 System Power SP01-0206','','<p>Напольный люк для электрики скрытой установки — идеальное решение для безопасного доступа к электропроводке и кабельным каналам в помещении. Он может быть интегрирован в любой интерьер благодаря возможности скрытой установки. Все лючки серии SP01-02 System Power обладают защитой IP54, что гарантирует защиту от пыли и кратковременных струй воды.</p><p><font color=\"#ce0000\"><b>ВАЖНО: Два модуля это одна стандартная розетка 220V.</b></font></p><p>Корпус выполнен из cтали и имеет штампованные отверстия для ввода труб (M25).<br></p><p>Совместимость: В данный люк можно установить шесть модулей с габаритами 45x45 мм (справочно: два модуля это может быть розетка габаритов 45x45 либо модуль RJ45 с габаритами 22.5x45 мм. каждый). В наполнение лючка входят силовые розетки 220V. Есть возможность замены на другие розетки (RJ45, ТВ и т.д).</p><p>В базовой комплектации изготовлен из стали. Существует возможность изготовления из алюминия</p><p><b>Готовы изготовить лючки по вашим индивидуальным запросам а также предоставить персональную скидку при заказе партии. Напишите нам на почту <a href=\"mailto:sale@a-energ.ru\">sale@a-energ.ru</a> и наш менеджер с вами обязательно свяжется.</b></p><p><br></p>',1,'2026-01-30 05:55:43','2026-01-30 05:55:43'),(14,7,'en','Лючок-невидимка в пол на 6 модулей (3 розетки 45x45) IP54 System Power SP01-0206','','<p>Напольный люк для электрики скрытой установки — идеальное решение для безопасного доступа к электропроводке и кабельным каналам в помещении. Он может быть интегрирован в любой интерьер благодаря возможности скрытой установки. Все лючки серии SP01-02 System Power обладают защитой IP54, что гарантирует защиту от пыли и кратковременных струй воды.</p><p><font color=\"#ce0000\"><b>ВАЖНО: Два модуля это одна стандартная розетка 220V.</b></font></p><p>Корпус выполнен из cтали и имеет штампованные отверстия для ввода труб (M25).<br></p><p>Совместимость: В данный люк можно установить шесть модулей с габаритами 45x45 мм (справочно: два модуля это может быть розетка габаритов 45x45 либо модуль RJ45 с габаритами 22.5x45 мм. каждый). В наполнение лючка входят силовые розетки 220V. Есть возможность замены на другие розетки (RJ45, ТВ и т.д).</p><p>В базовой комплектации изготовлен из стали. Существует возможность изготовления из алюминия</p><p><b>Готовы изготовить лючки по вашим индивидуальным запросам а также предоставить персональную скидку при заказе партии. Напишите нам на почту <a href=\"mailto:sale@a-energ.ru\">sale@a-energ.ru</a> и наш менеджер с вами обязательно свяжется.</b></p><p><br></p>',1,'2026-01-30 05:55:43','2026-01-30 05:55:43'),(15,8,'ru','Напольный лючок-невидимка на 8 модулей (4 розетки 45x45) IP54 System Power SP01-0208','','<p data-start=\"96\" data-end=\"342\">Серия System Power SP01-02 — это решение для тех, кто ценит удобный и безопасный доступ к электропроводке и слаботочным кабелям внутри помещений. Люк этой серии легко встраивается в конструкцию пола и благодаря скрытому монтажу органично вписывается в любой интерьер, не нарушая его эстетики. Идеально подходит для жилых, офисных и коммерческих пространств. Корпус люка изготовлен из прочной стали и оснащён штампованными отверстиями под трубы диаметром M25. По запросу доступны варианты из алюминия или нержавеющей стали — под любые условия эксплуатации.</p><h5 style=\"font-family: &quot;Open Sans&quot;, sans-serif; color: rgb(0, 0, 0);\"><b><br></b></h5><h5 style=\"font-family: &quot;Open Sans&quot;, sans-serif; color: rgb(0, 0, 0);\"><b>Технические характеристики</b></h5><ul data-start=\"663\" data-end=\"1086\"><li data-start=\"663\" data-end=\"740\"><p data-start=\"665\" data-end=\"740\"><strong data-start=\"665\" data-end=\"688\">Степень защиты IP54:&nbsp;</strong>надёжная защита от пыли и кратковременной влаги</p></li><li data-start=\"833\" data-end=\"953\"><p data-start=\"835\" data-end=\"953\"><b>Габариты:&nbsp;</b>200x200x120 мм</p></li><li data-start=\"741\" data-end=\"832\"><p data-start=\"743\" data-end=\"832\"><strong data-start=\"743\" data-end=\"758\">Вместимость</strong>:<br data-start=\"759\" data-end=\"762\">— до 4 розеток формата 45×45 мм<br data-start=\"795\" data-end=\"798\">— или до 8 модулей 22.5×45 мм</p></li><li data-start=\"833\" data-end=\"953\"><p data-start=\"835\" data-end=\"953\"><strong data-start=\"835\" data-end=\"856\">Варианты поставки</strong>:<br data-start=\"857\" data-end=\"860\">— с предустановленными розетками 220 В<br data-start=\"900\" data-end=\"903\">— без комплектации — для индивидуальной сборки</p></li><li data-start=\"954\" data-end=\"1086\"><p data-start=\"956\" data-end=\"1086\"><strong data-start=\"956\" data-end=\"973\">Совместимость</strong>:<br data-start=\"974\" data-end=\"977\">— модули 220 В, RJ45, ТВ и другие стандартные подключения<br data-start=\"1036\" data-end=\"1039\">— одна стандартная розетка 220 В = два модуля</p></li></ul><h5 style=\"font-family: &quot;Open Sans&quot;, sans-serif; color: rgb(0, 0, 0);\"><b>Преимущества</b></h5><ul data-start=\"1111\" data-end=\"1389\"><li data-start=\"1111\" data-end=\"1153\"><p data-start=\"1113\" data-end=\"1153\">Изменяемая глубина установки лючка —<strong>&nbsp;до 20 мм&nbsp;</strong>(регулируемая высота)</p></li><li data-start=\"1154\" data-end=\"1218\"><p data-start=\"1156\" data-end=\"1218\">Полная совместимость с модульными решениями типа&nbsp;<strong data-start=\"1205\" data-end=\"1216\">Mosaic®</strong></p></li><li data-start=\"1219\" data-end=\"1269\"><p data-start=\"1221\" data-end=\"1269\">Возможность изготовления под конкретные задачи</p></li><li data-start=\"1270\" data-end=\"1330\"><p data-start=\"1272\" data-end=\"1330\">Широкий выбор конфигураций — до&nbsp;<strong data-start=\"1304\" data-end=\"1328\">32 установочных мест</strong></p></li><li data-start=\"1331\" data-end=\"1389\"><p data-start=\"1333\" data-end=\"1389\">Идеально подходит для любых интерьеров и типов помещений</p></li></ul><p data-start=\"1174\" data-end=\"1217\"><strong data-start=\"1174\" data-end=\"1217\">Индивидуальные решения и оптовые заказы</strong></p><p data-start=\"1219\" data-end=\"1476\">Доступны напольные лючки с количеством установочных мест до 32 штук и предлагаем специальные условия при оптовых заказах. Чтобы получить персональное предложение или консультацию, свяжитесь с нами по почте&nbsp;<a href=\"mailto:sale@a-energ.ru\">sale@a-energ.ru</a>&nbsp;&nbsp;либо телефону +7 495 409-12-78&nbsp;</p>',1,'2026-01-30 05:55:43','2026-01-30 05:55:43'),(16,8,'en','Напольный лючок-невидимка на 8 модулей (4 розетки 45x45) IP54 System Power SP01-0208','','<p data-start=\"96\" data-end=\"342\">Серия System Power SP01-02 — это решение для тех, кто ценит удобный и безопасный доступ к электропроводке и слаботочным кабелям внутри помещений. Люк этой серии легко встраивается в конструкцию пола и благодаря скрытому монтажу органично вписывается в любой интерьер, не нарушая его эстетики. Идеально подходит для жилых, офисных и коммерческих пространств. Корпус люка изготовлен из прочной стали и оснащён штампованными отверстиями под трубы диаметром M25. По запросу доступны варианты из алюминия или нержавеющей стали — под любые условия эксплуатации.</p><h5 style=\"font-family: &quot;Open Sans&quot;, sans-serif; color: rgb(0, 0, 0);\"><b><br></b></h5><h5 style=\"font-family: &quot;Open Sans&quot;, sans-serif; color: rgb(0, 0, 0);\"><b>Технические характеристики</b></h5><ul data-start=\"663\" data-end=\"1086\"><li data-start=\"663\" data-end=\"740\"><p data-start=\"665\" data-end=\"740\"><strong data-start=\"665\" data-end=\"688\">Степень защиты IP54:&nbsp;</strong>надёжная защита от пыли и кратковременной влаги</p></li><li data-start=\"833\" data-end=\"953\"><p data-start=\"835\" data-end=\"953\"><b>Габариты:&nbsp;</b>200x200x120 мм</p></li><li data-start=\"741\" data-end=\"832\"><p data-start=\"743\" data-end=\"832\"><strong data-start=\"743\" data-end=\"758\">Вместимость</strong>:<br data-start=\"759\" data-end=\"762\">— до 4 розеток формата 45×45 мм<br data-start=\"795\" data-end=\"798\">— или до 8 модулей 22.5×45 мм</p></li><li data-start=\"833\" data-end=\"953\"><p data-start=\"835\" data-end=\"953\"><strong data-start=\"835\" data-end=\"856\">Варианты поставки</strong>:<br data-start=\"857\" data-end=\"860\">— с предустановленными розетками 220 В<br data-start=\"900\" data-end=\"903\">— без комплектации — для индивидуальной сборки</p></li><li data-start=\"954\" data-end=\"1086\"><p data-start=\"956\" data-end=\"1086\"><strong data-start=\"956\" data-end=\"973\">Совместимость</strong>:<br data-start=\"974\" data-end=\"977\">— модули 220 В, RJ45, ТВ и другие стандартные подключения<br data-start=\"1036\" data-end=\"1039\">— одна стандартная розетка 220 В = два модуля</p></li></ul><h5 style=\"font-family: &quot;Open Sans&quot;, sans-serif; color: rgb(0, 0, 0);\"><b>Преимущества</b></h5><ul data-start=\"1111\" data-end=\"1389\"><li data-start=\"1111\" data-end=\"1153\"><p data-start=\"1113\" data-end=\"1153\">Изменяемая глубина установки лючка —<strong>&nbsp;до 20 мм&nbsp;</strong>(регулируемая высота)</p></li><li data-start=\"1154\" data-end=\"1218\"><p data-start=\"1156\" data-end=\"1218\">Полная совместимость с модульными решениями типа&nbsp;<strong data-start=\"1205\" data-end=\"1216\">Mosaic®</strong></p></li><li data-start=\"1219\" data-end=\"1269\"><p data-start=\"1221\" data-end=\"1269\">Возможность изготовления под конкретные задачи</p></li><li data-start=\"1270\" data-end=\"1330\"><p data-start=\"1272\" data-end=\"1330\">Широкий выбор конфигураций — до&nbsp;<strong data-start=\"1304\" data-end=\"1328\">32 установочных мест</strong></p></li><li data-start=\"1331\" data-end=\"1389\"><p data-start=\"1333\" data-end=\"1389\">Идеально подходит для любых интерьеров и типов помещений</p></li></ul><p data-start=\"1174\" data-end=\"1217\"><strong data-start=\"1174\" data-end=\"1217\">Индивидуальные решения и оптовые заказы</strong></p><p data-start=\"1219\" data-end=\"1476\">Доступны напольные лючки с количеством установочных мест до 32 штук и предлагаем специальные условия при оптовых заказах. Чтобы получить персональное предложение или консультацию, свяжитесь с нами по почте&nbsp;<a href=\"mailto:sale@a-energ.ru\">sale@a-energ.ru</a>&nbsp;&nbsp;либо телефону +7 495 409-12-78&nbsp;</p>',1,'2026-01-30 05:55:43','2026-01-30 05:55:43'),(17,9,'ru','Напольный лючок-невидимка на 12 модулей (6 розеток 45x45) IP54 System Power SP01-0212','','<p data-start=\"96\" data-end=\"342\">Серия System Power SP01-02 — это решение для тех, кто ценит удобный и безопасный доступ к электропроводке и слаботочным кабелям внутри помещений. Люк этой серии легко встраивается в конструкцию пола и благодаря скрытому монтажу органично вписывается в любой интерьер, не нарушая его эстетики. Идеально подходит для жилых, офисных и коммерческих пространств. Корпус люка изготовлен из прочной стали и оснащён штампованными отверстиями под трубы диаметром M25. По запросу доступны варианты из алюминия или нержавеющей стали — под любые условия эксплуатации.</p><h5 style=\"font-family: &quot;Open Sans&quot;, sans-serif; color: rgb(0, 0, 0);\"><b><br></b></h5><h5 style=\"font-family: &quot;Open Sans&quot;, sans-serif; color: rgb(0, 0, 0);\"><b>Технические характеристики</b></h5><ul data-start=\"663\" data-end=\"1086\"><li data-start=\"663\" data-end=\"740\"><p data-start=\"665\" data-end=\"740\"><strong data-start=\"665\" data-end=\"688\">Степень защиты IP54:&nbsp;</strong>надёжная защита от пыли и кратковременной влаги</p></li><li data-start=\"833\" data-end=\"953\"><p data-start=\"835\" data-end=\"953\"><b>Габариты:&nbsp;</b>200x245x120 мм</p></li><li data-start=\"741\" data-end=\"832\"><p data-start=\"743\" data-end=\"832\"><strong data-start=\"743\" data-end=\"758\">Вместимость</strong>:<br data-start=\"759\" data-end=\"762\">— до 6 розеток формата 45×45 мм<br data-start=\"795\" data-end=\"798\">— или до 12 модулей 22.5×45 мм</p></li><li data-start=\"833\" data-end=\"953\"><p data-start=\"835\" data-end=\"953\"><strong data-start=\"835\" data-end=\"856\">Варианты поставки</strong>:<br data-start=\"857\" data-end=\"860\">— с предустановленными розетками 220 В<br data-start=\"900\" data-end=\"903\">— без комплектации — для индивидуальной сборки</p></li><li data-start=\"954\" data-end=\"1086\"><p data-start=\"956\" data-end=\"1086\"><strong data-start=\"956\" data-end=\"973\">Совместимость</strong>:<br data-start=\"974\" data-end=\"977\">— модули 220 В, RJ45, ТВ и другие стандартные подключения<br data-start=\"1036\" data-end=\"1039\">— одна стандартная розетка 220 В = два модуля</p></li></ul><h5 style=\"font-family: &quot;Open Sans&quot;, sans-serif; color: rgb(0, 0, 0);\"><b>Преимущества</b></h5><ul data-start=\"1111\" data-end=\"1389\"><li data-start=\"1111\" data-end=\"1153\"><p data-start=\"1113\" data-end=\"1153\">Изменяемая глубина установки лючка —<strong> до 20 мм </strong>(регулируемая высота)<br></p></li><li data-start=\"1154\" data-end=\"1218\"><p data-start=\"1156\" data-end=\"1218\">Полная совместимость с модульными решениями типа&nbsp;<strong data-start=\"1205\" data-end=\"1216\">Mosaic®</strong></p></li><li data-start=\"1219\" data-end=\"1269\"><p data-start=\"1221\" data-end=\"1269\">Возможность изготовления под конкретные задачи</p></li><li data-start=\"1270\" data-end=\"1330\"><p data-start=\"1272\" data-end=\"1330\">Широкий выбор конфигураций — до&nbsp;<strong data-start=\"1304\" data-end=\"1328\">32 установочных мест</strong></p></li><li data-start=\"1331\" data-end=\"1389\"><p data-start=\"1333\" data-end=\"1389\">Идеально подходит для любых интерьеров и типов помещений</p></li></ul><p data-start=\"1174\" data-end=\"1217\"><strong data-start=\"1174\" data-end=\"1217\">Индивидуальные решения и оптовые заказы</strong></p><p data-start=\"1219\" data-end=\"1476\">Доступны напольные лючки с количеством установочных мест до 32 штук и предлагаем специальные условия при оптовых заказах. Чтобы получить персональное предложение или консультацию, свяжитесь с нами по почте&nbsp;<a href=\"mailto:sale@a-energ.ru\">sale@a-energ.ru</a>&nbsp;&nbsp;либо телефону +7 495 409-12-78&nbsp;</p>',1,'2026-01-30 05:55:43','2026-01-30 05:55:43'),(18,9,'en','Напольный лючок-невидимка на 12 модулей (6 розеток 45x45) IP54 System Power SP01-0212','','<p data-start=\"96\" data-end=\"342\">Серия System Power SP01-02 — это решение для тех, кто ценит удобный и безопасный доступ к электропроводке и слаботочным кабелям внутри помещений. Люк этой серии легко встраивается в конструкцию пола и благодаря скрытому монтажу органично вписывается в любой интерьер, не нарушая его эстетики. Идеально подходит для жилых, офисных и коммерческих пространств. Корпус люка изготовлен из прочной стали и оснащён штампованными отверстиями под трубы диаметром M25. По запросу доступны варианты из алюминия или нержавеющей стали — под любые условия эксплуатации.</p><h5 style=\"font-family: &quot;Open Sans&quot;, sans-serif; color: rgb(0, 0, 0);\"><b><br></b></h5><h5 style=\"font-family: &quot;Open Sans&quot;, sans-serif; color: rgb(0, 0, 0);\"><b>Технические характеристики</b></h5><ul data-start=\"663\" data-end=\"1086\"><li data-start=\"663\" data-end=\"740\"><p data-start=\"665\" data-end=\"740\"><strong data-start=\"665\" data-end=\"688\">Степень защиты IP54:&nbsp;</strong>надёжная защита от пыли и кратковременной влаги</p></li><li data-start=\"833\" data-end=\"953\"><p data-start=\"835\" data-end=\"953\"><b>Габариты:&nbsp;</b>200x245x120 мм</p></li><li data-start=\"741\" data-end=\"832\"><p data-start=\"743\" data-end=\"832\"><strong data-start=\"743\" data-end=\"758\">Вместимость</strong>:<br data-start=\"759\" data-end=\"762\">— до 6 розеток формата 45×45 мм<br data-start=\"795\" data-end=\"798\">— или до 12 модулей 22.5×45 мм</p></li><li data-start=\"833\" data-end=\"953\"><p data-start=\"835\" data-end=\"953\"><strong data-start=\"835\" data-end=\"856\">Варианты поставки</strong>:<br data-start=\"857\" data-end=\"860\">— с предустановленными розетками 220 В<br data-start=\"900\" data-end=\"903\">— без комплектации — для индивидуальной сборки</p></li><li data-start=\"954\" data-end=\"1086\"><p data-start=\"956\" data-end=\"1086\"><strong data-start=\"956\" data-end=\"973\">Совместимость</strong>:<br data-start=\"974\" data-end=\"977\">— модули 220 В, RJ45, ТВ и другие стандартные подключения<br data-start=\"1036\" data-end=\"1039\">— одна стандартная розетка 220 В = два модуля</p></li></ul><h5 style=\"font-family: &quot;Open Sans&quot;, sans-serif; color: rgb(0, 0, 0);\"><b>Преимущества</b></h5><ul data-start=\"1111\" data-end=\"1389\"><li data-start=\"1111\" data-end=\"1153\"><p data-start=\"1113\" data-end=\"1153\">Изменяемая глубина установки лючка —<strong> до 20 мм </strong>(регулируемая высота)<br></p></li><li data-start=\"1154\" data-end=\"1218\"><p data-start=\"1156\" data-end=\"1218\">Полная совместимость с модульными решениями типа&nbsp;<strong data-start=\"1205\" data-end=\"1216\">Mosaic®</strong></p></li><li data-start=\"1219\" data-end=\"1269\"><p data-start=\"1221\" data-end=\"1269\">Возможность изготовления под конкретные задачи</p></li><li data-start=\"1270\" data-end=\"1330\"><p data-start=\"1272\" data-end=\"1330\">Широкий выбор конфигураций — до&nbsp;<strong data-start=\"1304\" data-end=\"1328\">32 установочных мест</strong></p></li><li data-start=\"1331\" data-end=\"1389\"><p data-start=\"1333\" data-end=\"1389\">Идеально подходит для любых интерьеров и типов помещений</p></li></ul><p data-start=\"1174\" data-end=\"1217\"><strong data-start=\"1174\" data-end=\"1217\">Индивидуальные решения и оптовые заказы</strong></p><p data-start=\"1219\" data-end=\"1476\">Доступны напольные лючки с количеством установочных мест до 32 штук и предлагаем специальные условия при оптовых заказах. Чтобы получить персональное предложение или консультацию, свяжитесь с нами по почте&nbsp;<a href=\"mailto:sale@a-energ.ru\">sale@a-energ.ru</a>&nbsp;&nbsp;либо телефону +7 495 409-12-78&nbsp;</p>',1,'2026-01-30 05:55:43','2026-01-30 05:55:43'),(19,10,'ru','Напольный лючок-невидимка на 4 модуля (2 розетки 45x45) IP54 System Power SP01-0204','','<p data-start=\"96\" data-end=\"342\">Серия System Power SP01-02 — это решение для тех, кто ценит удобный и безопасный доступ к электропроводке и слаботочным кабелям внутри помещений. Люк этой серии легко встраивается в конструкцию пола и благодаря скрытому монтажу органично вписывается в любой интерьер, не нарушая его эстетики. Идеально подходит для жилых, офисных и коммерческих пространств. Корпус люка изготовлен из прочной стали и оснащён штампованными отверстиями под трубы диаметром M25. По запросу доступны варианты из алюминия или нержавеющей стали — под любые условия эксплуатации.</p><h5 style=\"font-family: &quot;Open Sans&quot;, sans-serif; color: rgb(0, 0, 0);\"><b><br></b></h5><h5 style=\"font-family: &quot;Open Sans&quot;, sans-serif; color: rgb(0, 0, 0);\"><b>Технические характеристики</b></h5><ul data-start=\"663\" data-end=\"1086\"><li data-start=\"663\" data-end=\"740\"><p data-start=\"665\" data-end=\"740\"><strong data-start=\"665\" data-end=\"688\">Степень защиты IP54:&nbsp;</strong>надёжная защита от пыли и кратковременной влаги</p></li><li data-start=\"833\" data-end=\"953\"><p data-start=\"835\" data-end=\"953\"><b>Габариты: </b>150x200x120 мм</p></li><li data-start=\"741\" data-end=\"832\"><p data-start=\"743\" data-end=\"832\"><strong data-start=\"743\" data-end=\"758\">Вместимость</strong>:<br data-start=\"759\" data-end=\"762\">— до 2 розеток формата 45×45 мм<br data-start=\"795\" data-end=\"798\">— или до 4 модулей 22.5×45 мм</p></li><li data-start=\"833\" data-end=\"953\"><p data-start=\"835\" data-end=\"953\"><strong data-start=\"835\" data-end=\"856\">Варианты поставки</strong>:<br data-start=\"857\" data-end=\"860\">— с предустановленными розетками 220 В<br data-start=\"900\" data-end=\"903\">— без комплектации — для индивидуальной сборки</p></li><li data-start=\"954\" data-end=\"1086\"><p data-start=\"956\" data-end=\"1086\"><strong data-start=\"956\" data-end=\"973\">Совместимость</strong>:<br data-start=\"974\" data-end=\"977\">— модули 220 В, RJ45, ТВ и другие стандартные подключения<br data-start=\"1036\" data-end=\"1039\">— одна стандартная розетка 220 В = два модуля</p><p data-start=\"956\" data-end=\"1086\"><br></p></li></ul><h5 style=\"font-family: &quot;Open Sans&quot;, sans-serif; color: rgb(0, 0, 0);\"><b>Преимущества</b></h5><ul data-start=\"1111\" data-end=\"1389\"><li data-start=\"1111\" data-end=\"1153\"><p data-start=\"1113\" data-end=\"1153\">Изменяемая глубина установки лючка —<strong>&nbsp;до 20 мм&nbsp;</strong>(регулируемая высота)</p></li><li data-start=\"1154\" data-end=\"1218\"><p data-start=\"1156\" data-end=\"1218\">Полная совместимость с модульными решениями типа&nbsp;<strong data-start=\"1205\" data-end=\"1216\">Mosaic®</strong></p></li><li data-start=\"1219\" data-end=\"1269\"><p data-start=\"1221\" data-end=\"1269\">Возможность изготовления под конкретные задачи</p></li><li data-start=\"1270\" data-end=\"1330\"><p data-start=\"1272\" data-end=\"1330\">Широкий выбор конфигураций — до&nbsp;<strong data-start=\"1304\" data-end=\"1328\">32 установочных мест</strong></p></li><li data-start=\"1331\" data-end=\"1389\"><p data-start=\"1333\" data-end=\"1389\">Идеально подходит для любых интерьеров и типов помещений</p></li></ul><p data-start=\"1174\" data-end=\"1217\"><strong data-start=\"1174\" data-end=\"1217\">Индивидуальные решения и оптовые заказы</strong></p><p data-start=\"1219\" data-end=\"1476\">Доступны напольные лючки с количеством установочных мест до 32 штук и предлагаем специальные условия при оптовых заказах. Чтобы получить персональное предложение или консультацию, свяжитесь с нами по почте&nbsp;<a href=\"mailto:sale@a-energ.ru\">sale@a-energ.ru</a>&nbsp;&nbsp;либо телефону +7 495 409-12-78&nbsp;</p>',1,'2026-01-30 05:55:43','2026-01-30 05:55:43'),(20,10,'en','Напольный лючок-невидимка на 4 модуля (2 розетки 45x45) IP54 System Power SP01-0204','','<p data-start=\"96\" data-end=\"342\">Серия System Power SP01-02 — это решение для тех, кто ценит удобный и безопасный доступ к электропроводке и слаботочным кабелям внутри помещений. Люк этой серии легко встраивается в конструкцию пола и благодаря скрытому монтажу органично вписывается в любой интерьер, не нарушая его эстетики. Идеально подходит для жилых, офисных и коммерческих пространств. Корпус люка изготовлен из прочной стали и оснащён штампованными отверстиями под трубы диаметром M25. По запросу доступны варианты из алюминия или нержавеющей стали — под любые условия эксплуатации.</p><h5 style=\"font-family: &quot;Open Sans&quot;, sans-serif; color: rgb(0, 0, 0);\"><b><br></b></h5><h5 style=\"font-family: &quot;Open Sans&quot;, sans-serif; color: rgb(0, 0, 0);\"><b>Технические характеристики</b></h5><ul data-start=\"663\" data-end=\"1086\"><li data-start=\"663\" data-end=\"740\"><p data-start=\"665\" data-end=\"740\"><strong data-start=\"665\" data-end=\"688\">Степень защиты IP54:&nbsp;</strong>надёжная защита от пыли и кратковременной влаги</p></li><li data-start=\"833\" data-end=\"953\"><p data-start=\"835\" data-end=\"953\"><b>Габариты: </b>150x200x120 мм</p></li><li data-start=\"741\" data-end=\"832\"><p data-start=\"743\" data-end=\"832\"><strong data-start=\"743\" data-end=\"758\">Вместимость</strong>:<br data-start=\"759\" data-end=\"762\">— до 2 розеток формата 45×45 мм<br data-start=\"795\" data-end=\"798\">— или до 4 модулей 22.5×45 мм</p></li><li data-start=\"833\" data-end=\"953\"><p data-start=\"835\" data-end=\"953\"><strong data-start=\"835\" data-end=\"856\">Варианты поставки</strong>:<br data-start=\"857\" data-end=\"860\">— с предустановленными розетками 220 В<br data-start=\"900\" data-end=\"903\">— без комплектации — для индивидуальной сборки</p></li><li data-start=\"954\" data-end=\"1086\"><p data-start=\"956\" data-end=\"1086\"><strong data-start=\"956\" data-end=\"973\">Совместимость</strong>:<br data-start=\"974\" data-end=\"977\">— модули 220 В, RJ45, ТВ и другие стандартные подключения<br data-start=\"1036\" data-end=\"1039\">— одна стандартная розетка 220 В = два модуля</p><p data-start=\"956\" data-end=\"1086\"><br></p></li></ul><h5 style=\"font-family: &quot;Open Sans&quot;, sans-serif; color: rgb(0, 0, 0);\"><b>Преимущества</b></h5><ul data-start=\"1111\" data-end=\"1389\"><li data-start=\"1111\" data-end=\"1153\"><p data-start=\"1113\" data-end=\"1153\">Изменяемая глубина установки лючка —<strong>&nbsp;до 20 мм&nbsp;</strong>(регулируемая высота)</p></li><li data-start=\"1154\" data-end=\"1218\"><p data-start=\"1156\" data-end=\"1218\">Полная совместимость с модульными решениями типа&nbsp;<strong data-start=\"1205\" data-end=\"1216\">Mosaic®</strong></p></li><li data-start=\"1219\" data-end=\"1269\"><p data-start=\"1221\" data-end=\"1269\">Возможность изготовления под конкретные задачи</p></li><li data-start=\"1270\" data-end=\"1330\"><p data-start=\"1272\" data-end=\"1330\">Широкий выбор конфигураций — до&nbsp;<strong data-start=\"1304\" data-end=\"1328\">32 установочных мест</strong></p></li><li data-start=\"1331\" data-end=\"1389\"><p data-start=\"1333\" data-end=\"1389\">Идеально подходит для любых интерьеров и типов помещений</p></li></ul><p data-start=\"1174\" data-end=\"1217\"><strong data-start=\"1174\" data-end=\"1217\">Индивидуальные решения и оптовые заказы</strong></p><p data-start=\"1219\" data-end=\"1476\">Доступны напольные лючки с количеством установочных мест до 32 штук и предлагаем специальные условия при оптовых заказах. Чтобы получить персональное предложение или консультацию, свяжитесь с нами по почте&nbsp;<a href=\"mailto:sale@a-energ.ru\">sale@a-energ.ru</a>&nbsp;&nbsp;либо телефону +7 495 409-12-78&nbsp;</p>',1,'2026-01-30 05:55:43','2026-01-30 05:55:43'),(21,11,'ru','Лючок в пол на 2 модуля (одну розетку 45x45) IP41 System Power SP01-0302','','<p>Напольный люк для электрики из стали — идеальное решение для безопасного доступа к электропроводке и кабельным каналам в помещении. Он может быть интегрирован в любой интерьер благодаря возможности скрытой установки. Все лючки серии SP01-03 System Power обладают защитой IP41..</p><p><font color=\"#ce0000\"><b>ВАЖНО: Два модуля это одна стандартная розетка 220V.</b></font></p><p>Корпус выполнен из cтали и имеет штампованные отверстия для ввода труб (M25).<br></p><p>Совместимость: В данный люк можно установить два модуля с габаритами 45x45 мм (справочно: два модуля это может быть розетка габаритов 45x45 либо модуль RJ45 с габаритами 22.5x45 мм. каждый). В наполнение лючка входят силовые розетки 220V. Есть возможность замены на другие розетки (RJ45, ТВ и т.д).</p><p>В базовой комплектации изготовлен из стали. Существует возможность изготовления из алюминия</p><p><b>Готовы изготовить лючки по вашим индивидуальным запросам а также предоставить персональную скидку при заказе партии. Напишите нам на почту <a href=\"mailto:sale@a-energ.ru\">sale@a-energ.ru</a> и наш менеджер с вами обязательно свяжется.</b></p><p><br></p>',1,'2026-01-30 05:55:43','2026-01-30 05:55:43'),(22,11,'en','Лючок в пол на 2 модуля (одну розетку 45x45) IP41 System Power SP01-0302','','<p>Напольный люк для электрики из стали — идеальное решение для безопасного доступа к электропроводке и кабельным каналам в помещении. Он может быть интегрирован в любой интерьер благодаря возможности скрытой установки. Все лючки серии SP01-03 System Power обладают защитой IP41..</p><p><font color=\"#ce0000\"><b>ВАЖНО: Два модуля это одна стандартная розетка 220V.</b></font></p><p>Корпус выполнен из cтали и имеет штампованные отверстия для ввода труб (M25).<br></p><p>Совместимость: В данный люк можно установить два модуля с габаритами 45x45 мм (справочно: два модуля это может быть розетка габаритов 45x45 либо модуль RJ45 с габаритами 22.5x45 мм. каждый). В наполнение лючка входят силовые розетки 220V. Есть возможность замены на другие розетки (RJ45, ТВ и т.д).</p><p>В базовой комплектации изготовлен из стали. Существует возможность изготовления из алюминия</p><p><b>Готовы изготовить лючки по вашим индивидуальным запросам а также предоставить персональную скидку при заказе партии. Напишите нам на почту <a href=\"mailto:sale@a-energ.ru\">sale@a-energ.ru</a> и наш менеджер с вами обязательно свяжется.</b></p><p><br></p>',1,'2026-01-30 05:55:43','2026-01-30 05:55:43'),(23,12,'ru','Лючок в пол на 4 модуля (2 розетки 45x45) IP41 System Power SP01-0304','','<p>Напольный люк для электрики — идеальное решение для безопасного доступа к электропроводке и кабельным каналам в помещении. Он может быть интегрирован в любой интерьер благодаря возможности скрытой установки. Все лючки серии SP01-03 System Power обладают защитой IP41.</p><p><font color=\"#ce0000\"><b>ВАЖНО: Два модуля это одна стандартная розетка 220V.</b></font></p><p>Корпус выполнен из cтали и имеет штампованные отверстия для ввода труб (M25).<br></p><p>Совместимость: В данный люк можно установить четыре модуля с габаритами 45x45 мм (справочно: два модуля это может быть розетка габаритов 45x45 либо модуль RJ45 с габаритами 22.5x45 мм. каждый). В наполнение лючка входят силовые розетки 220V. Есть возможность замены на другие розетки (RJ45, ТВ и т.д).</p><p>В базовой комплектации изготовлен из стали. Существует возможность изготовления из алюминия</p><p><b>Готовы изготовить лючки по вашим индивидуальным запросам а также предоставить персональную скидку при заказе партии. Напишите нам на почту <a href=\"mailto:sale@a-energ.ru\">sale@a-energ.ru</a> и наш менеджер с вами обязательно свяжется.</b></p><p><br></p>',1,'2026-01-30 05:55:43','2026-01-30 05:55:43'),(24,12,'en','Лючок в пол на 4 модуля (2 розетки 45x45) IP41 System Power SP01-0304','','<p>Напольный люк для электрики — идеальное решение для безопасного доступа к электропроводке и кабельным каналам в помещении. Он может быть интегрирован в любой интерьер благодаря возможности скрытой установки. Все лючки серии SP01-03 System Power обладают защитой IP41.</p><p><font color=\"#ce0000\"><b>ВАЖНО: Два модуля это одна стандартная розетка 220V.</b></font></p><p>Корпус выполнен из cтали и имеет штампованные отверстия для ввода труб (M25).<br></p><p>Совместимость: В данный люк можно установить четыре модуля с габаритами 45x45 мм (справочно: два модуля это может быть розетка габаритов 45x45 либо модуль RJ45 с габаритами 22.5x45 мм. каждый). В наполнение лючка входят силовые розетки 220V. Есть возможность замены на другие розетки (RJ45, ТВ и т.д).</p><p>В базовой комплектации изготовлен из стали. Существует возможность изготовления из алюминия</p><p><b>Готовы изготовить лючки по вашим индивидуальным запросам а также предоставить персональную скидку при заказе партии. Напишите нам на почту <a href=\"mailto:sale@a-energ.ru\">sale@a-energ.ru</a> и наш менеджер с вами обязательно свяжется.</b></p><p><br></p>',1,'2026-01-30 05:55:43','2026-01-30 05:55:43'),(25,13,'ru','Лючок в пол на 6 модулей (3 розетки 45x45) IP41 System Power SP01-0306','','<p>Напольный люк для электрики — идеальное решение для безопасного доступа к электропроводке и кабельным каналам в помещении. Он может быть интегрирован в любой интерьер благодаря возможности скрытой установки. Все лючки серии SP01-03 System Power обладают защитой IP41.</p><p><font color=\"#ce0000\"><b>ВАЖНО: Два модуля это одна стандартная розетка 220V.</b></font></p><p>Корпус выполнен из cтали и имеет штампованные отверстия для ввода труб (M25).<br></p><p>Совместимость: В данный люк можно установить шесть модулей с габаритами 45x45 мм (справочно: два модуля это может быть розетка габаритов 45x45 либо модуль RJ45 с габаритами 22.5x45 мм. каждый). В наполнение лючка входят силовые розетки 220V. Есть возможность замены на другие розетки (RJ45, ТВ и т.д).</p><p>В базовой комплектации изготовлен из стали. Существует возможность изготовления из алюминия</p><p><b>Готовы изготовить лючки по вашим индивидуальным запросам а также предоставить персональную скидку при заказе партии. Напишите нам на почту <a href=\"mailto:sale@a-energ.ru\">sale@a-energ.ru</a> и наш менеджер с вами обязательно свяжется.</b></p><p><br></p>',1,'2026-01-30 05:55:43','2026-01-30 05:55:43'),(26,13,'en','Лючок в пол на 6 модулей (3 розетки 45x45) IP41 System Power SP01-0306','','<p>Напольный люк для электрики — идеальное решение для безопасного доступа к электропроводке и кабельным каналам в помещении. Он может быть интегрирован в любой интерьер благодаря возможности скрытой установки. Все лючки серии SP01-03 System Power обладают защитой IP41.</p><p><font color=\"#ce0000\"><b>ВАЖНО: Два модуля это одна стандартная розетка 220V.</b></font></p><p>Корпус выполнен из cтали и имеет штампованные отверстия для ввода труб (M25).<br></p><p>Совместимость: В данный люк можно установить шесть модулей с габаритами 45x45 мм (справочно: два модуля это может быть розетка габаритов 45x45 либо модуль RJ45 с габаритами 22.5x45 мм. каждый). В наполнение лючка входят силовые розетки 220V. Есть возможность замены на другие розетки (RJ45, ТВ и т.д).</p><p>В базовой комплектации изготовлен из стали. Существует возможность изготовления из алюминия</p><p><b>Готовы изготовить лючки по вашим индивидуальным запросам а также предоставить персональную скидку при заказе партии. Напишите нам на почту <a href=\"mailto:sale@a-energ.ru\">sale@a-energ.ru</a> и наш менеджер с вами обязательно свяжется.</b></p><p><br></p>',1,'2026-01-30 05:55:43','2026-01-30 05:55:43'),(27,14,'ru','Лючок в пол на 8 модулей (4 розетки 45x45) IP41 System Power SP01-0308','','<p>Напольный люк для электрики — идеальное решение для безопасного доступа к электропроводке и кабельным каналам в помещении. Он может быть интегрирован в любой интерьер благодаря возможности скрытой установки. Все лючки серии SP01-03 System Power обладают защитой IP41.</p><p><font color=\"#ce0000\"><b>ВАЖНО: Два модуля это одна стандартная розетка 220V.</b></font></p><p>Корпус выполнен из cтали и имеет штампованные отверстия для ввода труб (M25).<br></p><p>Совместимость: В данный люк можно установить шесть модулей с габаритами 45x45 мм (справочно: два модуля это может быть розетка габаритов 45x45 либо модуль RJ45 с габаритами 22.5x45 мм. каждый). В наполнение лючка входят силовые розетки 220V. Есть возможность замены на другие розетки (RJ45, ТВ и т.д).</p><p>В базовой комплектации изготовлен из стали. Существует возможность изготовления из алюминия</p><p><b>Готовы изготовить лючки по вашим индивидуальным запросам а также предоставить персональную скидку при заказе партии. Напишите нам на почту <a href=\"mailto:sale@a-energ.ru\">sale@a-energ.ru</a> и наш менеджер с вами обязательно свяжется.</b></p><p><br></p>',1,'2026-01-30 05:55:43','2026-01-30 05:55:43'),(28,14,'en','Лючок в пол на 8 модулей (4 розетки 45x45) IP41 System Power SP01-0308','','<p>Напольный люк для электрики — идеальное решение для безопасного доступа к электропроводке и кабельным каналам в помещении. Он может быть интегрирован в любой интерьер благодаря возможности скрытой установки. Все лючки серии SP01-03 System Power обладают защитой IP41.</p><p><font color=\"#ce0000\"><b>ВАЖНО: Два модуля это одна стандартная розетка 220V.</b></font></p><p>Корпус выполнен из cтали и имеет штампованные отверстия для ввода труб (M25).<br></p><p>Совместимость: В данный люк можно установить шесть модулей с габаритами 45x45 мм (справочно: два модуля это может быть розетка габаритов 45x45 либо модуль RJ45 с габаритами 22.5x45 мм. каждый). В наполнение лючка входят силовые розетки 220V. Есть возможность замены на другие розетки (RJ45, ТВ и т.д).</p><p>В базовой комплектации изготовлен из стали. Существует возможность изготовления из алюминия</p><p><b>Готовы изготовить лючки по вашим индивидуальным запросам а также предоставить персональную скидку при заказе партии. Напишите нам на почту <a href=\"mailto:sale@a-energ.ru\">sale@a-energ.ru</a> и наш менеджер с вами обязательно свяжется.</b></p><p><br></p>',1,'2026-01-30 05:55:43','2026-01-30 05:55:43'),(29,15,'ru','Лючок в пол на 12 модулей (6 розеток 45x45) IP41 System Power SP01-031200','','<p>Напольный люк для электрики — идеальное решение для безопасного доступа к электропроводке и кабельным каналам в помещении. Он может быть интегрирован в любой интерьер благодаря возможности скрытой установки. Все лючки серии SP01-03 System Power обладают защитой IP41.</p><p><font color=\"#ce0000\"><b>ВАЖНО: Два модуля это одна стандартная розетка 220V.</b></font></p><p>Корпус выполнен из cтали и имеет штампованные отверстия для ввода труб (M25).<br></p><p>Совместимость: В данный люк можно установить шесть модулей с габаритами 45x45 мм (справочно: два модуля это может быть розетка габаритов 45x45 либо модуль RJ45 с габаритами 22.5x45 мм. каждый). В наполнение лючка входят силовые розетки 220V. Есть возможность замены на другие розетки (RJ45, ТВ и т.д).</p><p>В базовой комплектации изготовлен из стали. Существует возможность изготовления из алюминия</p><p><b>Готовы изготовить лючки по вашим индивидуальным запросам а также предоставить персональную скидку при заказе партии. Напишите нам на почту <a href=\"mailto:sale@a-energ.ru\">sale@a-energ.ru</a> и наш менеджер с вами обязательно свяжется.</b></p><p><br></p>',1,'2026-01-30 05:55:43','2026-01-30 05:55:43'),(30,15,'en','Лючок в пол на 12 модулей (6 розеток 45x45) IP41 System Power SP01-031200','','<p>Напольный люк для электрики — идеальное решение для безопасного доступа к электропроводке и кабельным каналам в помещении. Он может быть интегрирован в любой интерьер благодаря возможности скрытой установки. Все лючки серии SP01-03 System Power обладают защитой IP41.</p><p><font color=\"#ce0000\"><b>ВАЖНО: Два модуля это одна стандартная розетка 220V.</b></font></p><p>Корпус выполнен из cтали и имеет штампованные отверстия для ввода труб (M25).<br></p><p>Совместимость: В данный люк можно установить шесть модулей с габаритами 45x45 мм (справочно: два модуля это может быть розетка габаритов 45x45 либо модуль RJ45 с габаритами 22.5x45 мм. каждый). В наполнение лючка входят силовые розетки 220V. Есть возможность замены на другие розетки (RJ45, ТВ и т.д).</p><p>В базовой комплектации изготовлен из стали. Существует возможность изготовления из алюминия</p><p><b>Готовы изготовить лючки по вашим индивидуальным запросам а также предоставить персональную скидку при заказе партии. Напишите нам на почту <a href=\"mailto:sale@a-energ.ru\">sale@a-energ.ru</a> и наш менеджер с вами обязательно свяжется.</b></p><p><br></p>',1,'2026-01-30 05:55:43','2026-01-30 05:55:43'),(31,16,'ru','Лючок-невидимка в пол на 2 модуля (одну розетку 45x45) IP41 System Power SP01-0402','','<p>Напольный люк для электрики скрытой установки — идеальное решение для безопасного доступа к электропроводке и кабельным каналам в помещении. Он может быть интегрирован в любой интерьер благодаря возможности скрытой установки. Все лючки серии SP01-04 System Power обладают защитой IP41.</p><p><font color=\"#ce0000\"><b>ВАЖНО: Два модуля это одна стандартная розетка 220V.</b></font></p><p>Корпус выполнен из cтали и имеет штампованные отверстия для ввода труб (M25).<br></p><p>Совместимость: В данный люк можно установить два модуля с габаритами 45x45 мм (справочно: два модуля это может быть розетка габаритов 45x45 либо модуль RJ45 с габаритами 22.5x45 мм. каждый). В наполнение лючка входят силовые розетки 220V. Есть возможность замены на другие розетки (RJ45, ТВ и т.д).</p><p>В базовой комплектации изготовлен из стали. Существует возможность изготовления из алюминия</p><p><b>Готовы изготовить лючки по вашим индивидуальным запросам а также предоставить персональную скидку при заказе партии. Напишите нам на почту <a href=\"mailto:sale@a-energ.ru\">sale@a-energ.ru</a> и наш менеджер с вами обязательно свяжется.</b></p><p><br></p>',1,'2026-01-30 05:55:43','2026-01-30 05:55:43'),(32,16,'en','Лючок-невидимка в пол на 2 модуля (одну розетку 45x45) IP41 System Power SP01-0402','','<p>Напольный люк для электрики скрытой установки — идеальное решение для безопасного доступа к электропроводке и кабельным каналам в помещении. Он может быть интегрирован в любой интерьер благодаря возможности скрытой установки. Все лючки серии SP01-04 System Power обладают защитой IP41.</p><p><font color=\"#ce0000\"><b>ВАЖНО: Два модуля это одна стандартная розетка 220V.</b></font></p><p>Корпус выполнен из cтали и имеет штампованные отверстия для ввода труб (M25).<br></p><p>Совместимость: В данный люк можно установить два модуля с габаритами 45x45 мм (справочно: два модуля это может быть розетка габаритов 45x45 либо модуль RJ45 с габаритами 22.5x45 мм. каждый). В наполнение лючка входят силовые розетки 220V. Есть возможность замены на другие розетки (RJ45, ТВ и т.д).</p><p>В базовой комплектации изготовлен из стали. Существует возможность изготовления из алюминия</p><p><b>Готовы изготовить лючки по вашим индивидуальным запросам а также предоставить персональную скидку при заказе партии. Напишите нам на почту <a href=\"mailto:sale@a-energ.ru\">sale@a-energ.ru</a> и наш менеджер с вами обязательно свяжется.</b></p><p><br></p>',1,'2026-01-30 05:55:43','2026-01-30 05:55:43'),(33,17,'ru','Лючок-невидимка в пол на 4 модуля (2 розетки 45x45) IP41 System Power SP01-0404','','<p>Напольный люк для электрики скрытой установки — идеальное решение для безопасного доступа к электропроводке и кабельным каналам в помещении. Он может быть интегрирован в любой интерьер благодаря возможности скрытой установки. Все лючки серии SP01-04 System Power обладают защитой IP41.</p><p><font color=\"#ce0000\"><b>ВАЖНО: Два модуля это одна стандартная розетка 220V.</b></font></p><p>Корпус выполнен из cтали и имеет штампованные отверстия для ввода труб (M25).<br></p><p>Совместимость: В данный люк можно установить четыре модуля с габаритами 45x45 мм (справочно: два модуля это может быть розетка габаритов 45x45 либо модуль RJ45 с габаритами 22.5x45 мм. каждый). В наполнение лючка входят силовые розетки 220V. Есть возможность замены на другие розетки (RJ45, ТВ и т.д).</p><p>В базовой комплектации изготовлен из стали. Существует возможность изготовления из алюминия</p><p><b>Готовы изготовить лючки по вашим индивидуальным запросам а также предоставить персональную скидку при заказе партии. Напишите нам на почту <a href=\"mailto:sale@a-energ.ru\">sale@a-energ.ru</a> и наш менеджер с вами обязательно свяжется.</b></p><p><br></p>',1,'2026-01-30 05:55:44','2026-01-30 05:55:44'),(34,17,'en','Лючок-невидимка в пол на 4 модуля (2 розетки 45x45) IP41 System Power SP01-0404','','<p>Напольный люк для электрики скрытой установки — идеальное решение для безопасного доступа к электропроводке и кабельным каналам в помещении. Он может быть интегрирован в любой интерьер благодаря возможности скрытой установки. Все лючки серии SP01-04 System Power обладают защитой IP41.</p><p><font color=\"#ce0000\"><b>ВАЖНО: Два модуля это одна стандартная розетка 220V.</b></font></p><p>Корпус выполнен из cтали и имеет штампованные отверстия для ввода труб (M25).<br></p><p>Совместимость: В данный люк можно установить четыре модуля с габаритами 45x45 мм (справочно: два модуля это может быть розетка габаритов 45x45 либо модуль RJ45 с габаритами 22.5x45 мм. каждый). В наполнение лючка входят силовые розетки 220V. Есть возможность замены на другие розетки (RJ45, ТВ и т.д).</p><p>В базовой комплектации изготовлен из стали. Существует возможность изготовления из алюминия</p><p><b>Готовы изготовить лючки по вашим индивидуальным запросам а также предоставить персональную скидку при заказе партии. Напишите нам на почту <a href=\"mailto:sale@a-energ.ru\">sale@a-energ.ru</a> и наш менеджер с вами обязательно свяжется.</b></p><p><br></p>',1,'2026-01-30 05:55:44','2026-01-30 05:55:44'),(35,18,'ru','Лючок-невидимка в пол на 6 модулей (3 розетки 45x45) IP41 System Power SP01-0406','','<p>Напольный люк для электрики скрытой установки — идеальное решение для безопасного доступа к электропроводке и кабельным каналам в помещении. Он может быть интегрирован в любой интерьер благодаря возможности скрытой установки. Все лючки серии SP01-04 System Power обладают защитой IP41.</p><p><font color=\"#ce0000\"><b>ВАЖНО: Два модуля это одна стандартная розетка 220V.</b></font></p><p>Корпус выполнен из cтали и имеет штампованные отверстия для ввода труб (M25).<br></p><p>Совместимость: В данный люк можно установить шесть модулей с габаритами 45x45 мм (справочно: два модуля это может быть розетка габаритов 45x45 либо модуль RJ45 с габаритами 22.5x45 мм. каждый). В наполнение лючка входят силовые розетки 220V. Есть возможность замены на другие розетки (RJ45, ТВ и т.д).</p><p>В базовой комплектации изготовлен из стали. Существует возможность изготовления из алюминия</p><p><b>Готовы изготовить лючки по вашим индивидуальным запросам а также предоставить персональную скидку при заказе партии. Напишите нам на почту <a href=\"mailto:sale@a-energ.ru\">sale@a-energ.ru</a> и наш менеджер с вами обязательно свяжется.</b></p><p><br></p>',1,'2026-01-30 05:55:44','2026-01-30 05:55:44'),(36,18,'en','Лючок-невидимка в пол на 6 модулей (3 розетки 45x45) IP41 System Power SP01-0406','','<p>Напольный люк для электрики скрытой установки — идеальное решение для безопасного доступа к электропроводке и кабельным каналам в помещении. Он может быть интегрирован в любой интерьер благодаря возможности скрытой установки. Все лючки серии SP01-04 System Power обладают защитой IP41.</p><p><font color=\"#ce0000\"><b>ВАЖНО: Два модуля это одна стандартная розетка 220V.</b></font></p><p>Корпус выполнен из cтали и имеет штампованные отверстия для ввода труб (M25).<br></p><p>Совместимость: В данный люк можно установить шесть модулей с габаритами 45x45 мм (справочно: два модуля это может быть розетка габаритов 45x45 либо модуль RJ45 с габаритами 22.5x45 мм. каждый). В наполнение лючка входят силовые розетки 220V. Есть возможность замены на другие розетки (RJ45, ТВ и т.д).</p><p>В базовой комплектации изготовлен из стали. Существует возможность изготовления из алюминия</p><p><b>Готовы изготовить лючки по вашим индивидуальным запросам а также предоставить персональную скидку при заказе партии. Напишите нам на почту <a href=\"mailto:sale@a-energ.ru\">sale@a-energ.ru</a> и наш менеджер с вами обязательно свяжется.</b></p><p><br></p>',1,'2026-01-30 05:55:44','2026-01-30 05:55:44'),(37,19,'ru','Лючок-невидимка в пол на 8 модулей (4 розетки 45x45) IP41 System Power SP01-0408','','<p>Напольный люк для электрики скрытой установки — идеальное решение для безопасного доступа к электропроводке и кабельным каналам в помещении. Он может быть интегрирован в любой интерьер благодаря возможности скрытой установки. Все лючки серии SP01-04 System Power обладают защитой IP41.</p><p><font color=\"#ce0000\"><b>ВАЖНО: Два модуля это одна стандартная розетка 220V.</b></font></p><p>Корпус выполнен из cтали и имеет штампованные отверстия для ввода труб (M25).<br></p><p>Совместимость: В данный люк можно установить шесть модулей с габаритами 45x45 мм (справочно: два модуля это может быть розетка габаритов 45x45 либо модуль RJ45 с габаритами 22.5x45 мм. каждый). В наполнение лючка входят силовые розетки 220V. Есть возможность замены на другие розетки (RJ45, ТВ и т.д).</p><p>В базовой комплектации изготовлен из стали. Существует возможность изготовления из алюминия</p><p><b>Готовы изготовить лючки по вашим индивидуальным запросам а также предоставить персональную скидку при заказе партии. Напишите нам на почту <a href=\"mailto:sale@a-energ.ru\">sale@a-energ.ru</a> и наш менеджер с вами обязательно свяжется.</b></p><p><br></p>',1,'2026-01-30 05:55:44','2026-01-30 05:55:44'),(38,19,'en','Лючок-невидимка в пол на 8 модулей (4 розетки 45x45) IP41 System Power SP01-0408','','<p>Напольный люк для электрики скрытой установки — идеальное решение для безопасного доступа к электропроводке и кабельным каналам в помещении. Он может быть интегрирован в любой интерьер благодаря возможности скрытой установки. Все лючки серии SP01-04 System Power обладают защитой IP41.</p><p><font color=\"#ce0000\"><b>ВАЖНО: Два модуля это одна стандартная розетка 220V.</b></font></p><p>Корпус выполнен из cтали и имеет штампованные отверстия для ввода труб (M25).<br></p><p>Совместимость: В данный люк можно установить шесть модулей с габаритами 45x45 мм (справочно: два модуля это может быть розетка габаритов 45x45 либо модуль RJ45 с габаритами 22.5x45 мм. каждый). В наполнение лючка входят силовые розетки 220V. Есть возможность замены на другие розетки (RJ45, ТВ и т.д).</p><p>В базовой комплектации изготовлен из стали. Существует возможность изготовления из алюминия</p><p><b>Готовы изготовить лючки по вашим индивидуальным запросам а также предоставить персональную скидку при заказе партии. Напишите нам на почту <a href=\"mailto:sale@a-energ.ru\">sale@a-energ.ru</a> и наш менеджер с вами обязательно свяжется.</b></p><p><br></p>',1,'2026-01-30 05:55:44','2026-01-30 05:55:44'),(39,20,'ru','Лючок-невидимка в пол на 12 модулей (6 розеток 45x45) IP41 System Power SP01-0412','','<p>Напольный люк для электрики скрытой установки — идеальное решение для безопасного доступа к электропроводке и кабельным каналам в помещении. Он может быть интегрирован в любой интерьер благодаря возможности скрытой установки. Все лючки серии SP01-04 System Power обладают защитой IP41.</p><p><font color=\"#ce0000\"><b>ВАЖНО: Два модуля это одна стандартная розетка 220V.</b></font></p><p>Корпус выполнен из cтали и имеет штампованные отверстия для ввода труб (M25).<br></p><p>Совместимость: В данный люк можно установить шесть модулей с габаритами 45x45 мм (справочно: два модуля это может быть розетка габаритов 45x45 либо модуль RJ45 с габаритами 22.5x45 мм. каждый). В наполнение лючка входят силовые розетки 220V. Есть возможность замены на другие розетки (RJ45, ТВ и т.д).</p><p>В базовой комплектации изготовлен из стали. Существует возможность изготовления из алюминия</p><p><b>Готовы изготовить лючки по вашим индивидуальным запросам а также предоставить персональную скидку при заказе партии. Напишите нам на почту <a href=\"mailto:sale@a-energ.ru\">sale@a-energ.ru</a> и наш менеджер с вами обязательно свяжется.</b></p><p><br></p>',1,'2026-01-30 05:55:44','2026-01-30 05:55:44'),(40,20,'en','Лючок-невидимка в пол на 12 модулей (6 розеток 45x45) IP41 System Power SP01-0412','','<p>Напольный люк для электрики скрытой установки — идеальное решение для безопасного доступа к электропроводке и кабельным каналам в помещении. Он может быть интегрирован в любой интерьер благодаря возможности скрытой установки. Все лючки серии SP01-04 System Power обладают защитой IP41.</p><p><font color=\"#ce0000\"><b>ВАЖНО: Два модуля это одна стандартная розетка 220V.</b></font></p><p>Корпус выполнен из cтали и имеет штампованные отверстия для ввода труб (M25).<br></p><p>Совместимость: В данный люк можно установить шесть модулей с габаритами 45x45 мм (справочно: два модуля это может быть розетка габаритов 45x45 либо модуль RJ45 с габаритами 22.5x45 мм. каждый). В наполнение лючка входят силовые розетки 220V. Есть возможность замены на другие розетки (RJ45, ТВ и т.д).</p><p>В базовой комплектации изготовлен из стали. Существует возможность изготовления из алюминия</p><p><b>Готовы изготовить лючки по вашим индивидуальным запросам а также предоставить персональную скидку при заказе партии. Напишите нам на почту <a href=\"mailto:sale@a-energ.ru\">sale@a-energ.ru</a> и наш менеджер с вами обязательно свяжется.</b></p><p><br></p>',1,'2026-01-30 05:55:44','2026-01-30 05:55:44'),(41,21,'ru','Щит механизации РУСП-УЗО50A-3х1П-3х3П-IP54','','<p><span style=\"font-size: 14px; font-family: Calibri, sans-serif;\">Распределительное устройство для строительныхплощадок (РУСП), также известное как Щит механизации (ЩМ), представляет собойэлектрощитовое оборудование, разработанное для распределения электроэнергии настроительных объектах. Его основное предназначение - обеспечить защиту откоротких замыканий и токов утечки, предотвращая тем самым поврежденияэлектрооборудования и обеспечивая безопасность рабочего процесса.&nbsp;</span><span style=\"font-family: Calibri, sans-serif; font-size: 14px;\">Щит механизации спроектирован таким образом,чтобы быть эффективным как на открытых, так и внутренних строительныхплощадках, обладая степенью защиты IP54.</span><span style=\"font-family: Calibri, sans-serif; font-size: 14px;\">&nbsp;</span></p><p><span style=\"font-size: 14px; font-family: Arial, sans-serif;\">Количество однополюсныхрозеток (1Р+N+РЕ 16А) - 3шт</span></p><p><span style=\"font-size: 14px; font-family: Arial, sans-serif;\">Количество трехполюсныхрозеток (3Р+N+РЕ 32А) - 3шт</span></p><p><font face=\"Arial, sans-serif\"><span style=\"font-size: 14px;\">Готовы изготовить щиты механизации по вашим индивидуальным запросам а также предоставить персональную скидку при заказе партии. Напишите нам на почту sale@a-energ.ru и наш менеджер с вами обязательно свяжется.</span></font><br></p><p><span style=\"font-size: 12pt; font-family: Arial, sans-serif;\"><br></span><span style=\"font-size: 12pt; font-family: Arial, sans-serif;\"><br></span><span style=\"font-family: Calibri, sans-serif; font-size: 12pt;\"><br></span></p>',1,'2026-01-30 05:55:44','2026-01-30 05:55:44'),(42,21,'en','Щит механизации РУСП-УЗО50A-3х1П-3х3П-IP54','','<p><span style=\"font-size: 14px; font-family: Calibri, sans-serif;\">Распределительное устройство для строительныхплощадок (РУСП), также известное как Щит механизации (ЩМ), представляет собойэлектрощитовое оборудование, разработанное для распределения электроэнергии настроительных объектах. Его основное предназначение - обеспечить защиту откоротких замыканий и токов утечки, предотвращая тем самым поврежденияэлектрооборудования и обеспечивая безопасность рабочего процесса.&nbsp;</span><span style=\"font-family: Calibri, sans-serif; font-size: 14px;\">Щит механизации спроектирован таким образом,чтобы быть эффективным как на открытых, так и внутренних строительныхплощадках, обладая степенью защиты IP54.</span><span style=\"font-family: Calibri, sans-serif; font-size: 14px;\">&nbsp;</span></p><p><span style=\"font-size: 14px; font-family: Arial, sans-serif;\">Количество однополюсныхрозеток (1Р+N+РЕ 16А) - 3шт</span></p><p><span style=\"font-size: 14px; font-family: Arial, sans-serif;\">Количество трехполюсныхрозеток (3Р+N+РЕ 32А) - 3шт</span></p><p><font face=\"Arial, sans-serif\"><span style=\"font-size: 14px;\">Готовы изготовить щиты механизации по вашим индивидуальным запросам а также предоставить персональную скидку при заказе партии. Напишите нам на почту sale@a-energ.ru и наш менеджер с вами обязательно свяжется.</span></font><br></p><p><span style=\"font-size: 12pt; font-family: Arial, sans-serif;\"><br></span><span style=\"font-size: 12pt; font-family: Arial, sans-serif;\"><br></span><span style=\"font-family: Calibri, sans-serif; font-size: 12pt;\"><br></span></p>',1,'2026-01-30 05:55:44','2026-01-30 05:55:44'),(43,22,'ru','Щит механизации РУСП 50A 3х1P+N+PE 16А, 1х3P+N+PE 16А, 1х3P+N+PE 32А IP54 SP02-050311 System Power','','<h2><strong data-start=\"125\" data-end=\"148\"><span style=\"font-size: 14px;\">Также известен как:</span></strong><span style=\"font-size: 14px;\">&nbsp;ЩМ РУСП 50A 3х1П 1х3П 1х3П IP54 (</span><span style=\"font-size: 13px;\">РУСП 50 1х16/3 3х16/1 3x32/1)&nbsp;</span></h2><p data-start=\"195\" data-end=\"777\">Распределительное устройство для строительных площадок (РУСП), также известное как щит механизации (ЩМ), представляет собой электрощитовое оборудование, разработанное для распределения электроэнергии на несколько устройств разной мощности. Его основное предназначение — обеспечить защиту от коротких замыканий и токов утечки, предотвращая тем самым повреждения электрооборудования и обеспечивая безопасность рабочего процесса. Щит механизации спроектирован таким образом, чтобы быть эффективным как на открытых, так и внутренних строительных площадках, обладая степенью защиты IP54.</p><p data-start=\"779\" data-end=\"804\"><strong data-start=\"779\" data-end=\"804\">Технические параметры</strong></p><p data-start=\"806\" data-end=\"1110\">Количество однополюсных розеток 220 вольт (1P N PE, 16 ампер): 3 штуки<br data-start=\"876\" data-end=\"879\">Количество трехполюсных розеток 380 вольт (3P N PE, 32 ампера): 1 штука<br data-start=\"950\" data-end=\"953\">Количество трехполюсных розеток 380 вольт (3P N PE, 16 ампер): 1 штука<br data-start=\"1023\" data-end=\"1026\">Габариты: 570x460x260 мм<br data-start=\"1050\" data-end=\"1053\">Степень защиты корпуса: IP54, защита от пыли и брызг воды</p><p data-start=\"1112\" data-end=\"1126\"><strong data-start=\"1112\" data-end=\"1126\">Назначение</strong></p><p data-start=\"1128\" data-end=\"1273\">Электроснабжение строительных площадок<br data-start=\"1166\" data-end=\"1169\">Распределение нагрузки на различные потребители<br data-start=\"1216\" data-end=\"1219\">Защита оборудования от перегрузок и коротких замыканий</p><p data-start=\"1275\" data-end=\"1304\"><strong data-start=\"1275\" data-end=\"1304\">Конструкция и особенности</strong></p><p data-start=\"1306\" data-end=\"1541\">Щит выполнен из прочных материалов и устойчив к воздействию внешней среды. Конструкция обеспечивает надежную работу в тяжелых условиях эксплуатации. Благодаря защите IP54 может использоваться как в помещении, так и на открытом воздухе.</p><p data-start=\"1543\" data-end=\"1564\"><strong data-start=\"1543\" data-end=\"1564\">Комплект поставки</strong></p><p data-start=\"1566\" data-end=\"1748\">Щит механизации&nbsp;<span data-start=\"61\" data-end=\"122\">РУСП 50А 3х1P N PE 16А, 1х3P N PE 16А, 1х3P N PE 32А IP54</span>&nbsp;— 1 штука<br data-start=\"1612\" data-end=\"1615\">Ключи от дверей — 2 штуки<br data-start=\"1640\" data-end=\"1643\">Паспорт изделия — 1 экземпляр<br data-start=\"1672\" data-end=\"1675\">Схема электрическая — 1 экземпляр<br data-start=\"1708\" data-end=\"1711\">Сертификат соответствия — 1 экземпляр</p><p data-start=\"1750\" data-end=\"1779\"><strong data-start=\"1750\" data-end=\"1779\">Дополнительная информация</strong></p><p data-start=\"1781\" data-end=\"1961\">Готовы изготовить щиты по индивидуальному проекту с адаптацией конфигурации розеток, параметров защиты и других характеристик. Предусмотрены персональные скидки при оптовом заказе.</p><p data-start=\"1963\" data-end=\"1986\"><strong data-start=\"1963\" data-end=\"1986\">Контакты для заказа</strong></p><p data-start=\"1988\" data-end=\"2022\">Электронная почта:&nbsp;<a data-start=\"2007\" data-end=\"2022\" class=\"cursor-pointer\" rel=\"noopener\">sale@a-energ.ru</a></p>',1,'2026-01-30 05:55:44','2026-01-30 05:55:44'),(44,22,'en','Щит механизации РУСП 50A 3х1P+N+PE 16А, 1х3P+N+PE 16А, 1х3P+N+PE 32А IP54 SP02-050311 System Power','','<h2><strong data-start=\"125\" data-end=\"148\"><span style=\"font-size: 14px;\">Также известен как:</span></strong><span style=\"font-size: 14px;\">&nbsp;ЩМ РУСП 50A 3х1П 1х3П 1х3П IP54 (</span><span style=\"font-size: 13px;\">РУСП 50 1х16/3 3х16/1 3x32/1)&nbsp;</span></h2><p data-start=\"195\" data-end=\"777\">Распределительное устройство для строительных площадок (РУСП), также известное как щит механизации (ЩМ), представляет собой электрощитовое оборудование, разработанное для распределения электроэнергии на несколько устройств разной мощности. Его основное предназначение — обеспечить защиту от коротких замыканий и токов утечки, предотвращая тем самым повреждения электрооборудования и обеспечивая безопасность рабочего процесса. Щит механизации спроектирован таким образом, чтобы быть эффективным как на открытых, так и внутренних строительных площадках, обладая степенью защиты IP54.</p><p data-start=\"779\" data-end=\"804\"><strong data-start=\"779\" data-end=\"804\">Технические параметры</strong></p><p data-start=\"806\" data-end=\"1110\">Количество однополюсных розеток 220 вольт (1P N PE, 16 ампер): 3 штуки<br data-start=\"876\" data-end=\"879\">Количество трехполюсных розеток 380 вольт (3P N PE, 32 ампера): 1 штука<br data-start=\"950\" data-end=\"953\">Количество трехполюсных розеток 380 вольт (3P N PE, 16 ампер): 1 штука<br data-start=\"1023\" data-end=\"1026\">Габариты: 570x460x260 мм<br data-start=\"1050\" data-end=\"1053\">Степень защиты корпуса: IP54, защита от пыли и брызг воды</p><p data-start=\"1112\" data-end=\"1126\"><strong data-start=\"1112\" data-end=\"1126\">Назначение</strong></p><p data-start=\"1128\" data-end=\"1273\">Электроснабжение строительных площадок<br data-start=\"1166\" data-end=\"1169\">Распределение нагрузки на различные потребители<br data-start=\"1216\" data-end=\"1219\">Защита оборудования от перегрузок и коротких замыканий</p><p data-start=\"1275\" data-end=\"1304\"><strong data-start=\"1275\" data-end=\"1304\">Конструкция и особенности</strong></p><p data-start=\"1306\" data-end=\"1541\">Щит выполнен из прочных материалов и устойчив к воздействию внешней среды. Конструкция обеспечивает надежную работу в тяжелых условиях эксплуатации. Благодаря защите IP54 может использоваться как в помещении, так и на открытом воздухе.</p><p data-start=\"1543\" data-end=\"1564\"><strong data-start=\"1543\" data-end=\"1564\">Комплект поставки</strong></p><p data-start=\"1566\" data-end=\"1748\">Щит механизации&nbsp;<span data-start=\"61\" data-end=\"122\">РУСП 50А 3х1P N PE 16А, 1х3P N PE 16А, 1х3P N PE 32А IP54</span>&nbsp;— 1 штука<br data-start=\"1612\" data-end=\"1615\">Ключи от дверей — 2 штуки<br data-start=\"1640\" data-end=\"1643\">Паспорт изделия — 1 экземпляр<br data-start=\"1672\" data-end=\"1675\">Схема электрическая — 1 экземпляр<br data-start=\"1708\" data-end=\"1711\">Сертификат соответствия — 1 экземпляр</p><p data-start=\"1750\" data-end=\"1779\"><strong data-start=\"1750\" data-end=\"1779\">Дополнительная информация</strong></p><p data-start=\"1781\" data-end=\"1961\">Готовы изготовить щиты по индивидуальному проекту с адаптацией конфигурации розеток, параметров защиты и других характеристик. Предусмотрены персональные скидки при оптовом заказе.</p><p data-start=\"1963\" data-end=\"1986\"><strong data-start=\"1963\" data-end=\"1986\">Контакты для заказа</strong></p><p data-start=\"1988\" data-end=\"2022\">Электронная почта:&nbsp;<a data-start=\"2007\" data-end=\"2022\" class=\"cursor-pointer\" rel=\"noopener\">sale@a-energ.ru</a></p>',1,'2026-01-30 05:55:44','2026-01-30 05:55:44'),(45,23,'ru','Щит механизации РУСП-УЗО50A-3х1П-2х3П-IP54','','<p style=\"outline: none; margin-bottom: 30px; color: rgb(39, 35, 35); font-family: Montserrat, sans-serif; font-size: 15px;\"><span style=\"outline: none; font-size: 14px; font-family: Calibri, sans-serif;\">Распределительное устройство для строительных площадок (РУСП), также известное как Щит механизации (ЩМ), представляет собой электрощитовое оборудование, разработанное для распределения электроэнергии на строительных объектах. Его основное предназначение - обеспечить защиту от коротких замыканий и токов утечки, предотвращая тем самым повреждения электрооборудования и обеспечивая безопасность рабочего процесса.&nbsp;</span><span style=\"outline: none; font-family: Calibri, sans-serif; font-size: 14px;\">Щит механизации спроектирован таким образом, чтобы быть эффективным как на открытых, так и внутренних строительных площадках, обладая степенью защиты IP54.</span><span style=\"outline: none; font-family: Calibri, sans-serif; font-size: 14px;\">&nbsp;</span></p><p style=\"outline: none; margin-bottom: 30px; color: rgb(39, 35, 35); font-family: Montserrat, sans-serif; font-size: 15px;\"><span style=\"outline: none; font-size: 14px; font-family: Arial, sans-serif;\">Количество однополюсных розеток (1Р+N+РЕ 16А) - 3шт</span></p><p style=\"outline: none; margin-bottom: 30px; color: rgb(39, 35, 35); font-family: Montserrat, sans-serif; font-size: 15px;\"><span style=\"outline: none; font-size: 14px; font-family: Arial, sans-serif;\">Количество трехполюсных розеток (3Р+N+РЕ 32А) - 2шт</span></p><p style=\"outline: none; margin-bottom: 30px; color: rgb(39, 35, 35); font-family: Montserrat, sans-serif; font-size: 15px;\"><font face=\"Arial, sans-serif\" style=\"outline: none;\"><span style=\"outline: none; font-size: 14px;\">Готовы изготовить щиты механизации по вашим индивидуальным запросам а также предоставить персональную скидку при заказе партии. Напишите нам на почту sale@a-energ.ru и наш менеджер с вами обязательно свяжется.</span></font></p>',1,'2026-01-30 05:55:44','2026-01-30 05:55:44'),(46,23,'en','Щит механизации РУСП-УЗО50A-3х1П-2х3П-IP54','','<p style=\"outline: none; margin-bottom: 30px; color: rgb(39, 35, 35); font-family: Montserrat, sans-serif; font-size: 15px;\"><span style=\"outline: none; font-size: 14px; font-family: Calibri, sans-serif;\">Распределительное устройство для строительных площадок (РУСП), также известное как Щит механизации (ЩМ), представляет собой электрощитовое оборудование, разработанное для распределения электроэнергии на строительных объектах. Его основное предназначение - обеспечить защиту от коротких замыканий и токов утечки, предотвращая тем самым повреждения электрооборудования и обеспечивая безопасность рабочего процесса.&nbsp;</span><span style=\"outline: none; font-family: Calibri, sans-serif; font-size: 14px;\">Щит механизации спроектирован таким образом, чтобы быть эффективным как на открытых, так и внутренних строительных площадках, обладая степенью защиты IP54.</span><span style=\"outline: none; font-family: Calibri, sans-serif; font-size: 14px;\">&nbsp;</span></p><p style=\"outline: none; margin-bottom: 30px; color: rgb(39, 35, 35); font-family: Montserrat, sans-serif; font-size: 15px;\"><span style=\"outline: none; font-size: 14px; font-family: Arial, sans-serif;\">Количество однополюсных розеток (1Р+N+РЕ 16А) - 3шт</span></p><p style=\"outline: none; margin-bottom: 30px; color: rgb(39, 35, 35); font-family: Montserrat, sans-serif; font-size: 15px;\"><span style=\"outline: none; font-size: 14px; font-family: Arial, sans-serif;\">Количество трехполюсных розеток (3Р+N+РЕ 32А) - 2шт</span></p><p style=\"outline: none; margin-bottom: 30px; color: rgb(39, 35, 35); font-family: Montserrat, sans-serif; font-size: 15px;\"><font face=\"Arial, sans-serif\" style=\"outline: none;\"><span style=\"outline: none; font-size: 14px;\">Готовы изготовить щиты механизации по вашим индивидуальным запросам а также предоставить персональную скидку при заказе партии. Напишите нам на почту sale@a-energ.ru и наш менеджер с вами обязательно свяжется.</span></font></p>',1,'2026-01-30 05:55:44','2026-01-30 05:55:44'),(47,24,'ru','Щит механизации РУСП-УЗО63A-4х1П-3х3П-IP54','','<p style=\"outline: none; margin-bottom: 30px; color: rgb(39, 35, 35); font-family: Montserrat, sans-serif; font-size: 15px;\"><span style=\"outline: none; font-size: 14px; font-family: Calibri, sans-serif;\">Распределительное устройство для строительных площадок (РУСП), также известное как Щит механизации (ЩМ), представляет собой электрощитовое оборудование, разработанное для распределения электроэнергии на строительных объектах. Его основное предназначение - обеспечить защиту от коротких замыканий и токов утечки, предотвращая тем самым повреждения электрооборудования и обеспечивая безопасность рабочего процесса.&nbsp;</span><span style=\"outline: none; font-family: Calibri, sans-serif; font-size: 14px;\">Щит механизации спроектирован таким образом, чтобы быть эффективным как на открытых, так и внутренних строительных площадках, обладая степенью защиты IP54.</span><span style=\"outline: none; font-family: Calibri, sans-serif; font-size: 14px;\">&nbsp;</span></p><p style=\"outline: none; margin-bottom: 30px; color: rgb(39, 35, 35); font-family: Montserrat, sans-serif; font-size: 15px;\"><span style=\"outline: none; font-size: 14px; font-family: Arial, sans-serif;\">Количество однополюсных розеток (1Р+N+РЕ 16А) - 4шт</span></p><p style=\"outline: none; margin-bottom: 30px; color: rgb(39, 35, 35); font-family: Montserrat, sans-serif; font-size: 15px;\"><span style=\"outline: none; font-size: 14px; font-family: Arial, sans-serif;\">Количество трехполюсных розеток (3Р+N+РЕ 32А) - 3шт</span></p><p style=\"outline: none; margin-bottom: 30px; color: rgb(39, 35, 35); font-family: Montserrat, sans-serif; font-size: 15px;\"><font face=\"Arial, sans-serif\" style=\"outline: none;\"><span style=\"outline: none; font-size: 14px;\">Готовы изготовить щиты механизации по вашим индивидуальным запросам а также предоставить персональную скидку при заказе партии. Напишите нам на почту sale@a-energ.ru и наш менеджер с вами обязательно свяжется.</span></font></p>',1,'2026-01-30 05:55:44','2026-01-30 05:55:44'),(48,24,'en','Щит механизации РУСП-УЗО63A-4х1П-3х3П-IP54','','<p style=\"outline: none; margin-bottom: 30px; color: rgb(39, 35, 35); font-family: Montserrat, sans-serif; font-size: 15px;\"><span style=\"outline: none; font-size: 14px; font-family: Calibri, sans-serif;\">Распределительное устройство для строительных площадок (РУСП), также известное как Щит механизации (ЩМ), представляет собой электрощитовое оборудование, разработанное для распределения электроэнергии на строительных объектах. Его основное предназначение - обеспечить защиту от коротких замыканий и токов утечки, предотвращая тем самым повреждения электрооборудования и обеспечивая безопасность рабочего процесса.&nbsp;</span><span style=\"outline: none; font-family: Calibri, sans-serif; font-size: 14px;\">Щит механизации спроектирован таким образом, чтобы быть эффективным как на открытых, так и внутренних строительных площадках, обладая степенью защиты IP54.</span><span style=\"outline: none; font-family: Calibri, sans-serif; font-size: 14px;\">&nbsp;</span></p><p style=\"outline: none; margin-bottom: 30px; color: rgb(39, 35, 35); font-family: Montserrat, sans-serif; font-size: 15px;\"><span style=\"outline: none; font-size: 14px; font-family: Arial, sans-serif;\">Количество однополюсных розеток (1Р+N+РЕ 16А) - 4шт</span></p><p style=\"outline: none; margin-bottom: 30px; color: rgb(39, 35, 35); font-family: Montserrat, sans-serif; font-size: 15px;\"><span style=\"outline: none; font-size: 14px; font-family: Arial, sans-serif;\">Количество трехполюсных розеток (3Р+N+РЕ 32А) - 3шт</span></p><p style=\"outline: none; margin-bottom: 30px; color: rgb(39, 35, 35); font-family: Montserrat, sans-serif; font-size: 15px;\"><font face=\"Arial, sans-serif\" style=\"outline: none;\"><span style=\"outline: none; font-size: 14px;\">Готовы изготовить щиты механизации по вашим индивидуальным запросам а также предоставить персональную скидку при заказе партии. Напишите нам на почту sale@a-energ.ru и наш менеджер с вами обязательно свяжется.</span></font></p>',1,'2026-01-30 05:55:44','2026-01-30 05:55:44'),(49,25,'ru','Щит механизации РУСП-УЗО63A-4х1П-1х3П-IP54','','<p style=\"outline: none; margin-bottom: 30px; color: rgb(39, 35, 35); font-family: Montserrat, sans-serif; font-size: 15px;\"><span style=\"outline: none; font-size: 14px; font-family: Calibri, sans-serif;\">Распределительное устройство для строительных площадок (РУСП), также известное как Щит механизации (ЩМ), представляет собой электрощитовое оборудование, разработанное для распределения электроэнергии на строительных объектах. Его основное предназначение - обеспечить защиту от коротких замыканий и токов утечки, предотвращая тем самым повреждения электрооборудования и обеспечивая безопасность рабочего процесса.&nbsp;</span><span style=\"outline: none; font-family: Calibri, sans-serif; font-size: 14px;\">Щит механизации спроектирован таким образом, чтобы быть эффективным как на открытых, так и внутренних строительных площадках, обладая степенью защиты IP54.</span><span style=\"outline: none; font-family: Calibri, sans-serif; font-size: 14px;\">&nbsp;</span></p><p style=\"outline: none; margin-bottom: 30px; color: rgb(39, 35, 35); font-family: Montserrat, sans-serif; font-size: 15px;\"><span style=\"outline: none; font-size: 14px; font-family: Arial, sans-serif;\">Количество однополюсных розеток (1Р+N+РЕ 16А) - 4шт</span></p><p style=\"outline: none; margin-bottom: 30px; color: rgb(39, 35, 35); font-family: Montserrat, sans-serif; font-size: 15px;\"><span style=\"outline: none; font-size: 14px; font-family: Arial, sans-serif;\">Количество трехполюсных розеток (3Р+N+РЕ 32А) - 1шт</span></p><p style=\"outline: none; margin-bottom: 30px; color: rgb(39, 35, 35); font-family: Montserrat, sans-serif; font-size: 15px;\"><font face=\"Arial, sans-serif\" style=\"outline: none;\"><span style=\"outline: none; font-size: 14px;\">Готовы изготовить щиты механизации по вашим индивидуальным запросам а также предоставить персональную скидку при заказе партии. Напишите нам на почту sale@a-energ.ru и наш менеджер с вами обязательно свяжется.</span></font></p>',1,'2026-01-30 05:55:44','2026-01-30 05:55:44'),(50,25,'en','Щит механизации РУСП-УЗО63A-4х1П-1х3П-IP54','','<p style=\"outline: none; margin-bottom: 30px; color: rgb(39, 35, 35); font-family: Montserrat, sans-serif; font-size: 15px;\"><span style=\"outline: none; font-size: 14px; font-family: Calibri, sans-serif;\">Распределительное устройство для строительных площадок (РУСП), также известное как Щит механизации (ЩМ), представляет собой электрощитовое оборудование, разработанное для распределения электроэнергии на строительных объектах. Его основное предназначение - обеспечить защиту от коротких замыканий и токов утечки, предотвращая тем самым повреждения электрооборудования и обеспечивая безопасность рабочего процесса.&nbsp;</span><span style=\"outline: none; font-family: Calibri, sans-serif; font-size: 14px;\">Щит механизации спроектирован таким образом, чтобы быть эффективным как на открытых, так и внутренних строительных площадках, обладая степенью защиты IP54.</span><span style=\"outline: none; font-family: Calibri, sans-serif; font-size: 14px;\">&nbsp;</span></p><p style=\"outline: none; margin-bottom: 30px; color: rgb(39, 35, 35); font-family: Montserrat, sans-serif; font-size: 15px;\"><span style=\"outline: none; font-size: 14px; font-family: Arial, sans-serif;\">Количество однополюсных розеток (1Р+N+РЕ 16А) - 4шт</span></p><p style=\"outline: none; margin-bottom: 30px; color: rgb(39, 35, 35); font-family: Montserrat, sans-serif; font-size: 15px;\"><span style=\"outline: none; font-size: 14px; font-family: Arial, sans-serif;\">Количество трехполюсных розеток (3Р+N+РЕ 32А) - 1шт</span></p><p style=\"outline: none; margin-bottom: 30px; color: rgb(39, 35, 35); font-family: Montserrat, sans-serif; font-size: 15px;\"><font face=\"Arial, sans-serif\" style=\"outline: none;\"><span style=\"outline: none; font-size: 14px;\">Готовы изготовить щиты механизации по вашим индивидуальным запросам а также предоставить персональную скидку при заказе партии. Напишите нам на почту sale@a-energ.ru и наш менеджер с вами обязательно свяжется.</span></font></p>',1,'2026-01-30 05:55:44','2026-01-30 05:55:44'),(51,26,'ru','Щит механизации РУСП-УЗО63A-4х1П-2х3П-IP54','','<p style=\"outline: none; margin-bottom: 30px; color: rgb(39, 35, 35); font-family: Montserrat, sans-serif; font-size: 15px;\"><span style=\"outline: none; font-size: 14px; font-family: Calibri, sans-serif;\">Распределительное устройство для строительных площадок (РУСП), также известное как Щит механизации (ЩМ), представляет собой электрощитовое оборудование, разработанное для распределения электроэнергии на строительных объектах. Его основное предназначение - обеспечить защиту от коротких замыканий и токов утечки, предотвращая тем самым повреждения электрооборудования и обеспечивая безопасность рабочего процесса.&nbsp;</span><span style=\"outline: none; font-family: Calibri, sans-serif; font-size: 14px;\">Щит механизации спроектирован таким образом, чтобы быть эффективным как на открытых, так и внутренних строительных площадках, обладая степенью защиты IP54.</span><span style=\"outline: none; font-family: Calibri, sans-serif; font-size: 14px;\">&nbsp;</span></p><p style=\"outline: none; margin-bottom: 30px; color: rgb(39, 35, 35); font-family: Montserrat, sans-serif; font-size: 15px;\"><span style=\"outline: none; font-size: 14px; font-family: Arial, sans-serif;\">Количество однополюсных розеток (1Р+N+РЕ 16А) - 4шт</span></p><p style=\"outline: none; margin-bottom: 30px; color: rgb(39, 35, 35); font-family: Montserrat, sans-serif; font-size: 15px;\"><span style=\"outline: none; font-size: 14px; font-family: Arial, sans-serif;\">Количество трехполюсных розеток (3Р+N+РЕ 32А) - 2шт</span></p><p style=\"outline: none; margin-bottom: 30px; color: rgb(39, 35, 35); font-family: Montserrat, sans-serif; font-size: 15px;\"><font face=\"Arial, sans-serif\" style=\"outline: none;\"><span style=\"outline: none; font-size: 14px;\">Готовы изготовить щиты механизации по вашим индивидуальным запросам а также предоставить персональную скидку при заказе партии. Напишите нам на почту sale@a-energ.ru и наш менеджер с вами обязательно свяжется.</span></font></p>',1,'2026-01-30 05:55:44','2026-01-30 05:55:44'),(52,26,'en','Щит механизации РУСП-УЗО63A-4х1П-2х3П-IP54','','<p style=\"outline: none; margin-bottom: 30px; color: rgb(39, 35, 35); font-family: Montserrat, sans-serif; font-size: 15px;\"><span style=\"outline: none; font-size: 14px; font-family: Calibri, sans-serif;\">Распределительное устройство для строительных площадок (РУСП), также известное как Щит механизации (ЩМ), представляет собой электрощитовое оборудование, разработанное для распределения электроэнергии на строительных объектах. Его основное предназначение - обеспечить защиту от коротких замыканий и токов утечки, предотвращая тем самым повреждения электрооборудования и обеспечивая безопасность рабочего процесса.&nbsp;</span><span style=\"outline: none; font-family: Calibri, sans-serif; font-size: 14px;\">Щит механизации спроектирован таким образом, чтобы быть эффективным как на открытых, так и внутренних строительных площадках, обладая степенью защиты IP54.</span><span style=\"outline: none; font-family: Calibri, sans-serif; font-size: 14px;\">&nbsp;</span></p><p style=\"outline: none; margin-bottom: 30px; color: rgb(39, 35, 35); font-family: Montserrat, sans-serif; font-size: 15px;\"><span style=\"outline: none; font-size: 14px; font-family: Arial, sans-serif;\">Количество однополюсных розеток (1Р+N+РЕ 16А) - 4шт</span></p><p style=\"outline: none; margin-bottom: 30px; color: rgb(39, 35, 35); font-family: Montserrat, sans-serif; font-size: 15px;\"><span style=\"outline: none; font-size: 14px; font-family: Arial, sans-serif;\">Количество трехполюсных розеток (3Р+N+РЕ 32А) - 2шт</span></p><p style=\"outline: none; margin-bottom: 30px; color: rgb(39, 35, 35); font-family: Montserrat, sans-serif; font-size: 15px;\"><font face=\"Arial, sans-serif\" style=\"outline: none;\"><span style=\"outline: none; font-size: 14px;\">Готовы изготовить щиты механизации по вашим индивидуальным запросам а также предоставить персональную скидку при заказе партии. Напишите нам на почту sale@a-energ.ru и наш менеджер с вами обязательно свяжется.</span></font></p>',1,'2026-01-30 05:55:44','2026-01-30 05:55:44'),(53,27,'ru','Щит механизации РУСП-УЗО63A-4х1П-4х3П-IP54','','<p style=\"outline: none; margin-bottom: 30px; color: rgb(39, 35, 35); font-family: Montserrat, sans-serif; font-size: 15px;\"><span style=\"outline: none; font-size: 14px; font-family: Calibri, sans-serif;\">Распределительное устройство для строительных площадок (РУСП), также известное как Щит механизации (ЩМ), представляет собой электрощитовое оборудование, разработанное для распределения электроэнергии на строительных объектах. Его основное предназначение - обеспечить защиту от коротких замыканий и токов утечки, предотвращая тем самым повреждения электрооборудования и обеспечивая безопасность рабочего процесса.&nbsp;</span><span style=\"outline: none; font-family: Calibri, sans-serif; font-size: 14px;\">Щит механизации спроектирован таким образом, чтобы быть эффективным как на открытых, так и внутренних строительных площадках, обладая степенью защиты IP54.</span><span style=\"outline: none; font-family: Calibri, sans-serif; font-size: 14px;\">&nbsp;</span></p><p style=\"outline: none; margin-bottom: 30px; color: rgb(39, 35, 35); font-family: Montserrat, sans-serif; font-size: 15px;\"><span style=\"outline: none; font-size: 14px; font-family: Arial, sans-serif;\">Количество однополюсных розеток (1Р+N+РЕ 16А) - 4шт</span></p><p style=\"outline: none; margin-bottom: 30px; color: rgb(39, 35, 35); font-family: Montserrat, sans-serif; font-size: 15px;\"><span style=\"outline: none; font-size: 14px; font-family: Arial, sans-serif;\">Количество трехполюсных розеток (3Р+N+РЕ 32А) - 4шт</span></p><p style=\"outline: none; margin-bottom: 30px; color: rgb(39, 35, 35); font-family: Montserrat, sans-serif; font-size: 15px;\"><font face=\"Arial, sans-serif\" style=\"outline: none;\"><span style=\"outline: none; font-size: 14px;\">Готовы изготовить щиты механизации по вашим индивидуальным запросам а также предоставить персональную скидку при заказе партии. Напишите нам на почту sale@a-energ.ru и наш менеджер с вами обязательно свяжется.</span></font></p>',1,'2026-01-30 05:55:44','2026-01-30 05:55:44'),(54,27,'en','Щит механизации РУСП-УЗО63A-4х1П-4х3П-IP54','','<p style=\"outline: none; margin-bottom: 30px; color: rgb(39, 35, 35); font-family: Montserrat, sans-serif; font-size: 15px;\"><span style=\"outline: none; font-size: 14px; font-family: Calibri, sans-serif;\">Распределительное устройство для строительных площадок (РУСП), также известное как Щит механизации (ЩМ), представляет собой электрощитовое оборудование, разработанное для распределения электроэнергии на строительных объектах. Его основное предназначение - обеспечить защиту от коротких замыканий и токов утечки, предотвращая тем самым повреждения электрооборудования и обеспечивая безопасность рабочего процесса.&nbsp;</span><span style=\"outline: none; font-family: Calibri, sans-serif; font-size: 14px;\">Щит механизации спроектирован таким образом, чтобы быть эффективным как на открытых, так и внутренних строительных площадках, обладая степенью защиты IP54.</span><span style=\"outline: none; font-family: Calibri, sans-serif; font-size: 14px;\">&nbsp;</span></p><p style=\"outline: none; margin-bottom: 30px; color: rgb(39, 35, 35); font-family: Montserrat, sans-serif; font-size: 15px;\"><span style=\"outline: none; font-size: 14px; font-family: Arial, sans-serif;\">Количество однополюсных розеток (1Р+N+РЕ 16А) - 4шт</span></p><p style=\"outline: none; margin-bottom: 30px; color: rgb(39, 35, 35); font-family: Montserrat, sans-serif; font-size: 15px;\"><span style=\"outline: none; font-size: 14px; font-family: Arial, sans-serif;\">Количество трехполюсных розеток (3Р+N+РЕ 32А) - 4шт</span></p><p style=\"outline: none; margin-bottom: 30px; color: rgb(39, 35, 35); font-family: Montserrat, sans-serif; font-size: 15px;\"><font face=\"Arial, sans-serif\" style=\"outline: none;\"><span style=\"outline: none; font-size: 14px;\">Готовы изготовить щиты механизации по вашим индивидуальным запросам а также предоставить персональную скидку при заказе партии. Напишите нам на почту sale@a-energ.ru и наш менеджер с вами обязательно свяжется.</span></font></p>',1,'2026-01-30 05:55:44','2026-01-30 05:55:44'),(55,28,'ru','Щит механизации РУСП-УЗО100A-6х1П-2х3П-IP54','','<div id=\"product-product\" class=\"container\" style=\"outline: none; width: 1140px; max-width: 1140px; flex: 0 1 auto; color: rgb(39, 35, 35); font-family: Montserrat, sans-serif; font-size: 14px;\"><div class=\"tab-content\" style=\"outline: none;\"><div class=\"tab-pane rm-content rm-product-tabs-description show active\" id=\"product_description\" style=\"outline: none; padding: 30px; font-size: 15px; line-height: 24px; border: 1px solid rgb(249, 249, 252); margin-top: -1px;\"><p style=\"outline: none; margin-bottom: 30px;\"><span style=\"outline: none; font-size: 14px; font-family: Calibri, sans-serif;\">Распределительное устройство для строительных площадок (РУСП), также известное как Щит механизации (ЩМ), представляет собой электрощитовое оборудование, разработанное для распределения электроэнергии на строительных объектах. Его основное предназначение - обеспечить защиту от коротких замыканий и токов утечки, предотвращая тем самым повреждения электрооборудования и обеспечивая безопасность рабочего процесса.&nbsp;</span><span style=\"outline: none; font-family: Calibri, sans-serif; font-size: 14px;\">Щит механизации спроектирован таким образом, чтобы быть эффективным как на открытых, так и внутренних строительных площадках, обладая степенью защиты IP54.</span><span style=\"outline: none; font-family: Calibri, sans-serif; font-size: 14px;\">&nbsp;</span></p><p style=\"outline: none; margin-bottom: 30px;\"><span style=\"outline: none; font-size: 14px; font-family: Arial, sans-serif;\">Количество однополюсных розеток (1Р+N+РЕ 16А) - 6шт</span></p><p style=\"outline: none; margin-bottom: 30px;\"><span style=\"outline: none; font-size: 14px; font-family: Arial, sans-serif;\">Количество трехполюсных розеток (3Р+N+РЕ 32А) - 2шт</span></p><p style=\"outline: none; margin-bottom: 30px;\"><font face=\"Arial, sans-serif\" style=\"outline: none;\"><span style=\"outline: none; font-size: 14px;\">Готовы изготовить щиты механизации по вашим индивидуальным запросам а также предоставить персональную скидку при заказе партии. Напишите нам на почту sale@a-energ.ru и наш менеджер с вами обязательно свяжется.</span></font></p></div></div></div><footer style=\"outline: none; margin-top: auto; flex: 0 0 auto; position: relative; color: rgb(39, 35, 35); font-family: Montserrat, sans-serif; font-size: 14px;\"><div class=\"rm-footer\" style=\"outline: none; background-image: initial; background-position: initial; background-size: initial; background-repeat: initial; background-attachment: initial; background-origin: initial; background-clip: initial; box-shadow: rgba(0, 0, 0, 0.06) 0px 0px 15px; border-top: 1px solid rgb(249, 249, 252); padding: 30px 0px; margin-top: 30px;\"><div class=\"container\" style=\"outline: none; width: 1140px; max-width: 1140px;\"><div class=\"row\" style=\"outline: none; display: flex; flex-wrap: wrap;\"><div class=\"col-12 col-md-6 col-lg-4 text-center text-lg-left rm-footer-first\" style=\"outline: none; width: 380px; flex: 0 0 33.3333%; max-width: 33.3333%; text-align: left !important;\"><div class=\"rm-footer-mobile-inner\" style=\"outline: none;\"></div></div></div></div></div></footer>',1,'2026-01-30 05:55:44','2026-01-30 05:55:44'),(56,28,'en','Щит механизации РУСП-УЗО100A-6х1П-2х3П-IP54','','<div id=\"product-product\" class=\"container\" style=\"outline: none; width: 1140px; max-width: 1140px; flex: 0 1 auto; color: rgb(39, 35, 35); font-family: Montserrat, sans-serif; font-size: 14px;\"><div class=\"tab-content\" style=\"outline: none;\"><div class=\"tab-pane rm-content rm-product-tabs-description show active\" id=\"product_description\" style=\"outline: none; padding: 30px; font-size: 15px; line-height: 24px; border: 1px solid rgb(249, 249, 252); margin-top: -1px;\"><p style=\"outline: none; margin-bottom: 30px;\"><span style=\"outline: none; font-size: 14px; font-family: Calibri, sans-serif;\">Распределительное устройство для строительных площадок (РУСП), также известное как Щит механизации (ЩМ), представляет собой электрощитовое оборудование, разработанное для распределения электроэнергии на строительных объектах. Его основное предназначение - обеспечить защиту от коротких замыканий и токов утечки, предотвращая тем самым повреждения электрооборудования и обеспечивая безопасность рабочего процесса.&nbsp;</span><span style=\"outline: none; font-family: Calibri, sans-serif; font-size: 14px;\">Щит механизации спроектирован таким образом, чтобы быть эффективным как на открытых, так и внутренних строительных площадках, обладая степенью защиты IP54.</span><span style=\"outline: none; font-family: Calibri, sans-serif; font-size: 14px;\">&nbsp;</span></p><p style=\"outline: none; margin-bottom: 30px;\"><span style=\"outline: none; font-size: 14px; font-family: Arial, sans-serif;\">Количество однополюсных розеток (1Р+N+РЕ 16А) - 6шт</span></p><p style=\"outline: none; margin-bottom: 30px;\"><span style=\"outline: none; font-size: 14px; font-family: Arial, sans-serif;\">Количество трехполюсных розеток (3Р+N+РЕ 32А) - 2шт</span></p><p style=\"outline: none; margin-bottom: 30px;\"><font face=\"Arial, sans-serif\" style=\"outline: none;\"><span style=\"outline: none; font-size: 14px;\">Готовы изготовить щиты механизации по вашим индивидуальным запросам а также предоставить персональную скидку при заказе партии. Напишите нам на почту sale@a-energ.ru и наш менеджер с вами обязательно свяжется.</span></font></p></div></div></div><footer style=\"outline: none; margin-top: auto; flex: 0 0 auto; position: relative; color: rgb(39, 35, 35); font-family: Montserrat, sans-serif; font-size: 14px;\"><div class=\"rm-footer\" style=\"outline: none; background-image: initial; background-position: initial; background-size: initial; background-repeat: initial; background-attachment: initial; background-origin: initial; background-clip: initial; box-shadow: rgba(0, 0, 0, 0.06) 0px 0px 15px; border-top: 1px solid rgb(249, 249, 252); padding: 30px 0px; margin-top: 30px;\"><div class=\"container\" style=\"outline: none; width: 1140px; max-width: 1140px;\"><div class=\"row\" style=\"outline: none; display: flex; flex-wrap: wrap;\"><div class=\"col-12 col-md-6 col-lg-4 text-center text-lg-left rm-footer-first\" style=\"outline: none; width: 380px; flex: 0 0 33.3333%; max-width: 33.3333%; text-align: left !important;\"><div class=\"rm-footer-mobile-inner\" style=\"outline: none;\"></div></div></div></div></div></footer>',1,'2026-01-30 05:55:44','2026-01-30 05:55:44'),(57,29,'ru','Щит механизации РУСП 100А 6х1P+N+PE 16A, 3x3P+N+PE 32A IР54 SP02-100603 System Power','','<p data-start=\"51\" data-end=\"165\"></p><h2><strong data-start=\"101\" data-end=\"124\" style=\"font-family: inherit;\"><span style=\"font-size: 14px;\">Также известен как:</span></strong><span style=\"font-family: inherit; font-size: 14px;\">&nbsp;ЩМ РУСП 100 6х1П 3х3П IP54 (РУСП 1х16/6 3x32/3)</span></h2><h2></h2><p>Эквивалент<span style=\"font-family: inherit; font-size: 14px;\">: ЩМ&nbsp;</span><span style=\"font-size: 13px;\">РУСП 100 6х1п 2х3п IP54&nbsp;</span></p><br><p></p><p data-start=\"167\" data-end=\"550\">Щит механизации РУСП 100A — это специализированное распределительное электрощитовое оборудование, предназначенное для эффективного и безопасного распределения электрической энергии на строительных площадках и в производственных зонах. Он обеспечивает надежную защиту от коротких замыканий, утечек тока и перегрузок, гарантируя стабильную работу оборудования и безопасность персонала.</p><p data-start=\"552\" data-end=\"577\"><strong data-start=\"552\" data-end=\"577\">Технические параметры</strong></p><p data-start=\"579\" data-end=\"820\">Номинальный ток УЗО: 100 ампер<br data-start=\"609\" data-end=\"612\">Однополюсные розетки 220 вольт (1P N PE, 16 ампер): 6 штук<br data-start=\"670\" data-end=\"673\">Трехполюсные розетки 380 вольт (3P N PE, 32 ампера): 3 штуки<br data-start=\"733\" data-end=\"736\">Габариты: 570x460x260 мм<br data-start=\"760\" data-end=\"763\">Степень защиты корпуса: IP54, защита от пыли и брызг воды</p><p data-start=\"822\" data-end=\"836\"><strong data-start=\"822\" data-end=\"836\">Назначение</strong></p><p data-start=\"838\" data-end=\"1038\">Электроснабжение временных и постоянных строительных объектов<br data-start=\"899\" data-end=\"902\">Централизованное распределение нагрузки различной мощности<br data-start=\"960\" data-end=\"963\">Защита электрооборудования и обслуживающего персонала от аварийных ситуаций</p><p data-start=\"1040\" data-end=\"1069\"><strong data-start=\"1040\" data-end=\"1069\">Конструкция и особенности</strong></p><p data-start=\"1071\" data-end=\"1321\">Щит выполнен из прочных и износостойких материалов. Благодаря степени защиты IP54 его можно использовать как в помещениях, так и на открытых строительных площадках. Конструкция рассчитана на длительный срок службы в сложных эксплуатационных условиях.</p><p data-start=\"1323\" data-end=\"1344\"><strong data-start=\"1323\" data-end=\"1344\">Комплект поставки</strong></p><p data-start=\"1346\" data-end=\"1529\">Щит механизации РУСП 100А SP02 100603 — 1 штука<br data-start=\"1393\" data-end=\"1396\">Ключи от дверей — 2 штуки<br data-start=\"1421\" data-end=\"1424\">Паспорт изделия — 1 экземпляр<br data-start=\"1453\" data-end=\"1456\">Электрическая схема — 1 экземпляр<br data-start=\"1489\" data-end=\"1492\">Сертификат соответствия — 1 экземпляр</p><p data-start=\"1531\" data-end=\"1560\"><strong data-start=\"1531\" data-end=\"1560\">Дополнительная информация</strong></p><p data-start=\"1562\" data-end=\"1775\">Изделие может быть изготовлено по индивидуальным техническим заданиям. Возможна адаптация конфигурации розеток, систем защиты и других параметров. Для оптовых заказчиков предусмотрены специальные условия и скидки.</p><p data-start=\"1777\" data-end=\"1800\"><strong data-start=\"1777\" data-end=\"1800\">Контакты для заказа</strong></p><p data-start=\"1802\" data-end=\"1836\" data-is-last-node=\"\" data-is-only-node=\"\">Электронная почта:&nbsp;<a data-start=\"1821\" data-end=\"1836\" data-is-last-node=\"\" class=\"cursor-pointer\" rel=\"noopener\">sale@a-energ.ru</a></p><p data-start=\"1802\" data-end=\"1836\" data-is-last-node=\"\" data-is-only-node=\"\"><a data-start=\"1821\" data-end=\"1836\" data-is-last-node=\"\" class=\"cursor-pointer\" rel=\"noopener\"><br></a></p><p data-start=\"1802\" data-end=\"1836\" data-is-last-node=\"\" data-is-only-node=\"\">Аналог для:&nbsp;РУСП 100 6х1п 2х3п IP54&nbsp;</p><p></p>',1,'2026-01-30 05:55:44','2026-01-30 05:55:44'),(58,29,'en','Щит механизации РУСП 100А 6х1P+N+PE 16A, 3x3P+N+PE 32A IР54 SP02-100603 System Power','','<p data-start=\"51\" data-end=\"165\"></p><h2><strong data-start=\"101\" data-end=\"124\" style=\"font-family: inherit;\"><span style=\"font-size: 14px;\">Также известен как:</span></strong><span style=\"font-family: inherit; font-size: 14px;\">&nbsp;ЩМ РУСП 100 6х1П 3х3П IP54 (РУСП 1х16/6 3x32/3)</span></h2><h2></h2><p>Эквивалент<span style=\"font-family: inherit; font-size: 14px;\">: ЩМ&nbsp;</span><span style=\"font-size: 13px;\">РУСП 100 6х1п 2х3п IP54&nbsp;</span></p><br><p></p><p data-start=\"167\" data-end=\"550\">Щит механизации РУСП 100A — это специализированное распределительное электрощитовое оборудование, предназначенное для эффективного и безопасного распределения электрической энергии на строительных площадках и в производственных зонах. Он обеспечивает надежную защиту от коротких замыканий, утечек тока и перегрузок, гарантируя стабильную работу оборудования и безопасность персонала.</p><p data-start=\"552\" data-end=\"577\"><strong data-start=\"552\" data-end=\"577\">Технические параметры</strong></p><p data-start=\"579\" data-end=\"820\">Номинальный ток УЗО: 100 ампер<br data-start=\"609\" data-end=\"612\">Однополюсные розетки 220 вольт (1P N PE, 16 ампер): 6 штук<br data-start=\"670\" data-end=\"673\">Трехполюсные розетки 380 вольт (3P N PE, 32 ампера): 3 штуки<br data-start=\"733\" data-end=\"736\">Габариты: 570x460x260 мм<br data-start=\"760\" data-end=\"763\">Степень защиты корпуса: IP54, защита от пыли и брызг воды</p><p data-start=\"822\" data-end=\"836\"><strong data-start=\"822\" data-end=\"836\">Назначение</strong></p><p data-start=\"838\" data-end=\"1038\">Электроснабжение временных и постоянных строительных объектов<br data-start=\"899\" data-end=\"902\">Централизованное распределение нагрузки различной мощности<br data-start=\"960\" data-end=\"963\">Защита электрооборудования и обслуживающего персонала от аварийных ситуаций</p><p data-start=\"1040\" data-end=\"1069\"><strong data-start=\"1040\" data-end=\"1069\">Конструкция и особенности</strong></p><p data-start=\"1071\" data-end=\"1321\">Щит выполнен из прочных и износостойких материалов. Благодаря степени защиты IP54 его можно использовать как в помещениях, так и на открытых строительных площадках. Конструкция рассчитана на длительный срок службы в сложных эксплуатационных условиях.</p><p data-start=\"1323\" data-end=\"1344\"><strong data-start=\"1323\" data-end=\"1344\">Комплект поставки</strong></p><p data-start=\"1346\" data-end=\"1529\">Щит механизации РУСП 100А SP02 100603 — 1 штука<br data-start=\"1393\" data-end=\"1396\">Ключи от дверей — 2 штуки<br data-start=\"1421\" data-end=\"1424\">Паспорт изделия — 1 экземпляр<br data-start=\"1453\" data-end=\"1456\">Электрическая схема — 1 экземпляр<br data-start=\"1489\" data-end=\"1492\">Сертификат соответствия — 1 экземпляр</p><p data-start=\"1531\" data-end=\"1560\"><strong data-start=\"1531\" data-end=\"1560\">Дополнительная информация</strong></p><p data-start=\"1562\" data-end=\"1775\">Изделие может быть изготовлено по индивидуальным техническим заданиям. Возможна адаптация конфигурации розеток, систем защиты и других параметров. Для оптовых заказчиков предусмотрены специальные условия и скидки.</p><p data-start=\"1777\" data-end=\"1800\"><strong data-start=\"1777\" data-end=\"1800\">Контакты для заказа</strong></p><p data-start=\"1802\" data-end=\"1836\" data-is-last-node=\"\" data-is-only-node=\"\">Электронная почта:&nbsp;<a data-start=\"1821\" data-end=\"1836\" data-is-last-node=\"\" class=\"cursor-pointer\" rel=\"noopener\">sale@a-energ.ru</a></p><p data-start=\"1802\" data-end=\"1836\" data-is-last-node=\"\" data-is-only-node=\"\"><a data-start=\"1821\" data-end=\"1836\" data-is-last-node=\"\" class=\"cursor-pointer\" rel=\"noopener\"><br></a></p><p data-start=\"1802\" data-end=\"1836\" data-is-last-node=\"\" data-is-only-node=\"\">Аналог для:&nbsp;РУСП 100 6х1п 2х3п IP54&nbsp;</p><p></p>',1,'2026-01-30 05:55:44','2026-01-30 05:55:44'),(59,30,'ru','Щит механизации РУСП-УЗО100A-6х1П-4х3П-IP54','','<p style=\"outline: none; margin-bottom: 30px; color: rgb(39, 35, 35); font-family: Montserrat, sans-serif; font-size: 15px;\"><span style=\"outline: none; font-size: 14px; font-family: Calibri, sans-serif;\">Распределительное устройство для строительных площадок (РУСП), также известное как Щит механизации (ЩМ), представляет собой электрощитовое оборудование, разработанное для распределения электроэнергии на строительных объектах. Его основное предназначение - обеспечить защиту от коротких замыканий и токов утечки, предотвращая тем самым повреждения электрооборудования и обеспечивая безопасность рабочего процесса.&nbsp;</span><span style=\"outline: none; font-family: Calibri, sans-serif; font-size: 14px;\">Щит механизации спроектирован таким образом, чтобы быть эффективным как на открытых, так и внутренних строительных площадках, обладая степенью защиты IP54.</span><span style=\"outline: none; font-family: Calibri, sans-serif; font-size: 14px;\">&nbsp;</span></p><p style=\"outline: none; margin-bottom: 30px; color: rgb(39, 35, 35); font-family: Montserrat, sans-serif; font-size: 15px;\"><span style=\"outline: none; font-size: 14px; font-family: Arial, sans-serif;\">Количество однополюсных розеток (1Р+N+РЕ 16А) - 6шт</span></p><p style=\"outline: none; margin-bottom: 30px; color: rgb(39, 35, 35); font-family: Montserrat, sans-serif; font-size: 15px;\"><span style=\"outline: none; font-size: 14px; font-family: Arial, sans-serif;\">Количество трехполюсных розеток (3Р+N+РЕ 32А) - 4шт</span></p><p style=\"outline: none; margin-bottom: 30px; color: rgb(39, 35, 35); font-family: Montserrat, sans-serif; font-size: 15px;\"><font face=\"Arial, sans-serif\" style=\"outline: none;\"><span style=\"outline: none; font-size: 14px;\">Готовы изготовить щиты механизации по вашим индивидуальным запросам а также предоставить персональную скидку при заказе партии. Напишите нам на почту sale@a-energ.ru и наш менеджер с вами обязательно свяжется.</span></font></p>',1,'2026-01-30 05:55:45','2026-01-30 05:55:45'),(60,30,'en','Щит механизации РУСП-УЗО100A-6х1П-4х3П-IP54','','<p style=\"outline: none; margin-bottom: 30px; color: rgb(39, 35, 35); font-family: Montserrat, sans-serif; font-size: 15px;\"><span style=\"outline: none; font-size: 14px; font-family: Calibri, sans-serif;\">Распределительное устройство для строительных площадок (РУСП), также известное как Щит механизации (ЩМ), представляет собой электрощитовое оборудование, разработанное для распределения электроэнергии на строительных объектах. Его основное предназначение - обеспечить защиту от коротких замыканий и токов утечки, предотвращая тем самым повреждения электрооборудования и обеспечивая безопасность рабочего процесса.&nbsp;</span><span style=\"outline: none; font-family: Calibri, sans-serif; font-size: 14px;\">Щит механизации спроектирован таким образом, чтобы быть эффективным как на открытых, так и внутренних строительных площадках, обладая степенью защиты IP54.</span><span style=\"outline: none; font-family: Calibri, sans-serif; font-size: 14px;\">&nbsp;</span></p><p style=\"outline: none; margin-bottom: 30px; color: rgb(39, 35, 35); font-family: Montserrat, sans-serif; font-size: 15px;\"><span style=\"outline: none; font-size: 14px; font-family: Arial, sans-serif;\">Количество однополюсных розеток (1Р+N+РЕ 16А) - 6шт</span></p><p style=\"outline: none; margin-bottom: 30px; color: rgb(39, 35, 35); font-family: Montserrat, sans-serif; font-size: 15px;\"><span style=\"outline: none; font-size: 14px; font-family: Arial, sans-serif;\">Количество трехполюсных розеток (3Р+N+РЕ 32А) - 4шт</span></p><p style=\"outline: none; margin-bottom: 30px; color: rgb(39, 35, 35); font-family: Montserrat, sans-serif; font-size: 15px;\"><font face=\"Arial, sans-serif\" style=\"outline: none;\"><span style=\"outline: none; font-size: 14px;\">Готовы изготовить щиты механизации по вашим индивидуальным запросам а также предоставить персональную скидку при заказе партии. Напишите нам на почту sale@a-energ.ru и наш менеджер с вами обязательно свяжется.</span></font></p>',1,'2026-01-30 05:55:45','2026-01-30 05:55:45'),(61,31,'ru','Щит механизации РУСП 63A 6х1P+N+PE 16А,1х3P+N+PE 16А, 1х3P+N+PE 32А-IP54 SP02-063611 System Power','','<h2><strong data-start=\"209\" data-end=\"232\"><span style=\"font-size: 14px;\">Также известен как:</span></strong><span style=\"font-size: 14px;\">&nbsp;ЩМ РУСП 63A 6х1П 16А 1х3П 16А 1х3П 32А IP54&nbsp;</span><span data-start=\"145\" data-end=\"206\" style=\"font-size: 14px;\">System Power (РУСП 1х16 6 3х16 1 3x32 1)</span></h2><p data-start=\"279\" data-end=\"860\">Распределительное устройство для строительных площадок (РУСП), также известное как щит механизации (ЩМ), представляет собой электрощитовое оборудование, разработанное для распределения электроэнергии на несколько устройств разной мощности. Его основное предназначение — обеспечить защиту от коротких замыканий и токов утечки, предотвращая тем самым повреждения электрооборудования и обеспечивая безопасность рабочего процесса. Щит механизации спроектирован таким образом, чтобы быть эффективным как на открытых, так и во внутренних строительных зонах, обладая степенью защиты IP54.</p><p data-start=\"862\" data-end=\"887\"><strong data-start=\"862\" data-end=\"887\">Технические параметры</strong></p><ul data-start=\"889\" data-end=\"1202\"><li data-start=\"889\" data-end=\"962\"><p data-start=\"891\" data-end=\"962\">Количество однополюсных розеток 220 вольт (1P N PE, 16 ампер): 6 штук</p></li><li data-start=\"963\" data-end=\"1038\"><p data-start=\"965\" data-end=\"1038\">Количество трехполюсных розеток 380 вольт (3P N PE, 32 ампера): 1 штука</p></li><li data-start=\"1039\" data-end=\"1113\"><p data-start=\"1041\" data-end=\"1113\">Количество трехполюсных розеток 380 вольт (3P N PE, 16 ампер): 1 штука</p></li><li data-start=\"1114\" data-end=\"1142\"><p data-start=\"1116\" data-end=\"1142\">Габариты: 570x460x260 мм<br></p></li><li data-start=\"1143\" data-end=\"1202\"><p data-start=\"1145\" data-end=\"1202\">Степень защиты корпуса: IP54, защита от пыли и брызг воды</p></li></ul><p data-start=\"1204\" data-end=\"1218\"><strong data-start=\"1204\" data-end=\"1218\">Назначение</strong></p><ul data-start=\"1220\" data-end=\"1371\"><li data-start=\"1220\" data-end=\"1262\"><p data-start=\"1222\" data-end=\"1262\">Электроснабжение строительных площадок</p></li><li data-start=\"1263\" data-end=\"1314\"><p data-start=\"1265\" data-end=\"1314\">Распределение нагрузки на различные потребители</p></li><li data-start=\"1315\" data-end=\"1371\"><p data-start=\"1317\" data-end=\"1371\">Защита оборудования от перегрузок и коротких замыканий</p></li></ul><p data-start=\"1373\" data-end=\"1402\"><strong data-start=\"1373\" data-end=\"1402\">Конструкция и особенности</strong></p><p data-start=\"1404\" data-end=\"1639\">Щит выполнен из прочных материалов и устойчив к воздействию внешней среды. Конструкция обеспечивает надежную работу в тяжёлых условиях эксплуатации. Благодаря защите IP54 может использоваться как в помещении, так и на открытом воздухе.</p><p data-start=\"1641\" data-end=\"1662\"><strong data-start=\"1641\" data-end=\"1662\">Комплект поставки</strong></p><ul data-start=\"1664\" data-end=\"1856\"><li data-start=\"1664\" data-end=\"1714\"><p data-start=\"1666\" data-end=\"1714\">Щит механизации РУСП-63А SP02-636110 — 1 штука</p></li><li data-start=\"1715\" data-end=\"1744\"><p data-start=\"1717\" data-end=\"1744\">Ключи от дверей — 2 штуки</p></li><li data-start=\"1745\" data-end=\"1778\"><p data-start=\"1747\" data-end=\"1778\">Паспорт изделия — 1 экземпляр</p></li><li data-start=\"1779\" data-end=\"1816\"><p data-start=\"1781\" data-end=\"1816\">Схема электрическая — 1 экземпляр</p></li><li data-start=\"1817\" data-end=\"1856\"><p data-start=\"1819\" data-end=\"1856\">Сертификат соответствия — 1 экземпляр</p></li></ul><p data-start=\"1858\" data-end=\"1887\"><strong data-start=\"1858\" data-end=\"1887\">Дополнительная информация</strong></p><p data-start=\"1889\" data-end=\"2069\">Готовы изготовить щиты по индивидуальному проекту с адаптацией конфигурации розеток, параметров защиты и других характеристик. Предусмотрены персональные скидки при оптовом заказе.</p><p data-start=\"2071\" data-end=\"2094\"><strong data-start=\"2071\" data-end=\"2094\">Контакты для заказа</strong></p><p data-start=\"2096\" data-end=\"2130\">Электронная почта:&nbsp;<a data-start=\"2115\" data-end=\"2130\" class=\"cursor-pointer\" rel=\"noopener\">sale@a-energ.ru</a></p><p data-start=\"2096\" data-end=\"2130\"><font color=\"#ffffff\">Аналог для&nbsp;русп 3х16 3 1х16 5 1х32 5</font></p><style class=\"WebKit-mso-list-quirks-style\"><!--/* Style Definitions */ p.MsoNormal, li.MsoNormal, div.MsoNormal	{mso-style-unhide:no;	mso-style-qformat:yes;	mso-style-parent:\"\";	margin-top:0cm;	margin-right:0cm;	margin-bottom:8.0pt;	margin-left:0cm;	line-height:107%;	mso-pagination:widow-orphan;	font-size:11.0pt;	font-family:\"Calibri\",sans-serif;	mso-ascii-font-family:Calibri;	mso-ascii-theme-font:minor-latin;	mso-fareast-font-family:Calibri;	mso-fareast-theme-font:minor-latin;	mso-hansi-font-family:Calibri;	mso-hansi-theme-font:minor-latin;	mso-bidi-font-family:\"Times New Roman\";	mso-bidi-theme-font:minor-bidi;	mso-ansi-language:RU;	mso-fareast-language:EN-US;}p.MsoNoSpacing, li.MsoNoSpacing, div.MsoNoSpacing	{mso-style-priority:1;	mso-style-unhide:no;	mso-style-qformat:yes;	mso-style-parent:\"\";	margin:0cm;	mso-pagination:widow-orphan;	font-size:11.0pt;	font-family:\"Calibri\",sans-serif;	mso-ascii-font-family:Calibri;	mso-ascii-theme-font:minor-latin;	mso-fareast-font-family:Calibri;	mso-fareast-theme-font:minor-latin;	mso-hansi-font-family:Calibri;	mso-hansi-theme-font:minor-latin;	mso-bidi-font-family:\"Times New Roman\";	mso-bidi-theme-font:minor-bidi;	mso-ansi-language:RU;	mso-fareast-language:EN-US;}.MsoChpDefault	{mso-style-type:export-only;	mso-default-props:yes;	font-size:11.0pt;	mso-ansi-font-size:11.0pt;	mso-bidi-font-size:11.0pt;	font-family:\"Calibri\",sans-serif;	mso-ascii-font-family:Calibri;	mso-ascii-theme-font:minor-latin;	mso-fareast-font-family:Calibri;	mso-fareast-theme-font:minor-latin;	mso-hansi-font-family:Calibri;	mso-hansi-theme-font:minor-latin;	mso-bidi-font-family:\"Times New Roman\";	mso-bidi-theme-font:minor-bidi;	mso-font-kerning:0pt;	mso-ligatures:none;	mso-ansi-language:RU;	mso-fareast-language:EN-US;}.MsoPapDefault	{mso-style-type:export-only;	margin-bottom:8.0pt;	line-height:107%;}@page WordSection1	{size:612.0pt 792.0pt;	margin:72.0pt 72.0pt 72.0pt 72.0pt;	mso-header-margin:36.0pt;	mso-footer-margin:36.0pt;	mso-paper-source:0;}div.WordSection1	{page:WordSection1;} /* List Definitions */ @list l0	{mso-list-id:927546526;	mso-list-type:hybrid;	mso-list-template-ids:-1858334120 68747265 68747267 68747269 68747265 68747267 68747269 68747265 68747267 68747269;}@list l0:level1	{mso-level-number-format:bullet;	mso-level-text:;	mso-level-tab-stop:none;	mso-level-number-position:left;	text-indent:-18.0pt;	font-family:Symbol;}@list l0:level2	{mso-level-number-format:bullet;	mso-level-text:o;	mso-level-tab-stop:none;	mso-level-number-position:left;	text-indent:-18.0pt;	font-family:\"Courier New\";}@list l0:level3	{mso-level-number-format:bullet;	mso-level-text:;	mso-level-tab-stop:none;	mso-level-number-position:left;	text-indent:-18.0pt;	font-family:Wingdings;}@list l0:level4	{mso-level-number-format:bullet;	mso-level-text:;	mso-level-tab-stop:none;	mso-level-number-position:left;	text-indent:-18.0pt;	font-family:Symbol;}@list l0:level5	{mso-level-number-format:bullet;	mso-level-text:o;	mso-level-tab-stop:none;	mso-level-number-position:left;	text-indent:-18.0pt;	font-family:\"Courier New\";}@list l0:level6	{mso-level-number-format:bullet;	mso-level-text:;	mso-level-tab-stop:none;	mso-level-number-position:left;	text-indent:-18.0pt;	font-family:Wingdings;}@list l0:level7	{mso-level-number-format:bullet;	mso-level-text:;	mso-level-tab-stop:none;	mso-level-number-position:left;	text-indent:-18.0pt;	font-family:Symbol;}@list l0:level8	{mso-level-number-format:bullet;	mso-level-text:o;	mso-level-tab-stop:none;	mso-level-number-position:left;	text-indent:-18.0pt;	font-family:\"Courier New\";}@list l0:level9	{mso-level-number-format:bullet;	mso-level-text:;	mso-level-tab-stop:none;	mso-level-number-position:left;	text-indent:-18.0pt;	font-family:Wingdings;}@list l1	{mso-list-id:1121924187;	mso-list-type:hybrid;	mso-list-template-ids:-1407039698 68747265 68747267 68747269 68747265 68747267 68747269 68747265 68747267 68747269;}@list l1:level1	{mso-level-number-format:bullet;	mso-level-text:;	mso-level-tab-stop:none;	mso-level-number-position:left;	text-indent:-18.0pt;	font-family:Symbol;}@list l1:level2	{mso-level-number-format:bullet;	mso-level-text:o;	mso-level-tab-stop:none;	mso-level-number-position:left;	text-indent:-18.0pt;	font-family:\"Courier New\";}@list l1:level3	{mso-level-number-format:bullet;	mso-level-text:;	mso-level-tab-stop:none;	mso-level-number-position:left;	text-indent:-18.0pt;	font-family:Wingdings;}@list l1:level4	{mso-level-number-format:bullet;	mso-level-text:;	mso-level-tab-stop:none;	mso-level-number-position:left;	text-indent:-18.0pt;	font-family:Symbol;}@list l1:level5	{mso-level-number-format:bullet;	mso-level-text:o;	mso-level-tab-stop:none;	mso-level-number-position:left;	text-indent:-18.0pt;	font-family:\"Courier New\";}@list l1:level6	{mso-level-number-format:bullet;	mso-level-text:;	mso-level-tab-stop:none;	mso-level-number-position:left;	text-indent:-18.0pt;	font-family:Wingdings;}@list l1:level7	{mso-level-number-format:bullet;	mso-level-text:;	mso-level-tab-stop:none;	mso-level-number-position:left;	text-indent:-18.0pt;	font-family:Symbol;}@list l1:level8	{mso-level-number-format:bullet;	mso-level-text:o;	mso-level-tab-stop:none;	mso-level-number-position:left;	text-indent:-18.0pt;	font-family:\"Courier New\";}@list l1:level9	{mso-level-number-format:bullet;	mso-level-text:;	mso-level-tab-stop:none;	mso-level-number-position:left;	text-indent:-18.0pt;	font-family:Wingdings;}--></style>',1,'2026-01-30 05:55:45','2026-01-30 05:55:45'),(62,31,'en','Щит механизации РУСП 63A 6х1P+N+PE 16А,1х3P+N+PE 16А, 1х3P+N+PE 32А-IP54 SP02-063611 System Power','','<h2><strong data-start=\"209\" data-end=\"232\"><span style=\"font-size: 14px;\">Также известен как:</span></strong><span style=\"font-size: 14px;\">&nbsp;ЩМ РУСП 63A 6х1П 16А 1х3П 16А 1х3П 32А IP54&nbsp;</span><span data-start=\"145\" data-end=\"206\" style=\"font-size: 14px;\">System Power (РУСП 1х16 6 3х16 1 3x32 1)</span></h2><p data-start=\"279\" data-end=\"860\">Распределительное устройство для строительных площадок (РУСП), также известное как щит механизации (ЩМ), представляет собой электрощитовое оборудование, разработанное для распределения электроэнергии на несколько устройств разной мощности. Его основное предназначение — обеспечить защиту от коротких замыканий и токов утечки, предотвращая тем самым повреждения электрооборудования и обеспечивая безопасность рабочего процесса. Щит механизации спроектирован таким образом, чтобы быть эффективным как на открытых, так и во внутренних строительных зонах, обладая степенью защиты IP54.</p><p data-start=\"862\" data-end=\"887\"><strong data-start=\"862\" data-end=\"887\">Технические параметры</strong></p><ul data-start=\"889\" data-end=\"1202\"><li data-start=\"889\" data-end=\"962\"><p data-start=\"891\" data-end=\"962\">Количество однополюсных розеток 220 вольт (1P N PE, 16 ампер): 6 штук</p></li><li data-start=\"963\" data-end=\"1038\"><p data-start=\"965\" data-end=\"1038\">Количество трехполюсных розеток 380 вольт (3P N PE, 32 ампера): 1 штука</p></li><li data-start=\"1039\" data-end=\"1113\"><p data-start=\"1041\" data-end=\"1113\">Количество трехполюсных розеток 380 вольт (3P N PE, 16 ампер): 1 штука</p></li><li data-start=\"1114\" data-end=\"1142\"><p data-start=\"1116\" data-end=\"1142\">Габариты: 570x460x260 мм<br></p></li><li data-start=\"1143\" data-end=\"1202\"><p data-start=\"1145\" data-end=\"1202\">Степень защиты корпуса: IP54, защита от пыли и брызг воды</p></li></ul><p data-start=\"1204\" data-end=\"1218\"><strong data-start=\"1204\" data-end=\"1218\">Назначение</strong></p><ul data-start=\"1220\" data-end=\"1371\"><li data-start=\"1220\" data-end=\"1262\"><p data-start=\"1222\" data-end=\"1262\">Электроснабжение строительных площадок</p></li><li data-start=\"1263\" data-end=\"1314\"><p data-start=\"1265\" data-end=\"1314\">Распределение нагрузки на различные потребители</p></li><li data-start=\"1315\" data-end=\"1371\"><p data-start=\"1317\" data-end=\"1371\">Защита оборудования от перегрузок и коротких замыканий</p></li></ul><p data-start=\"1373\" data-end=\"1402\"><strong data-start=\"1373\" data-end=\"1402\">Конструкция и особенности</strong></p><p data-start=\"1404\" data-end=\"1639\">Щит выполнен из прочных материалов и устойчив к воздействию внешней среды. Конструкция обеспечивает надежную работу в тяжёлых условиях эксплуатации. Благодаря защите IP54 может использоваться как в помещении, так и на открытом воздухе.</p><p data-start=\"1641\" data-end=\"1662\"><strong data-start=\"1641\" data-end=\"1662\">Комплект поставки</strong></p><ul data-start=\"1664\" data-end=\"1856\"><li data-start=\"1664\" data-end=\"1714\"><p data-start=\"1666\" data-end=\"1714\">Щит механизации РУСП-63А SP02-636110 — 1 штука</p></li><li data-start=\"1715\" data-end=\"1744\"><p data-start=\"1717\" data-end=\"1744\">Ключи от дверей — 2 штуки</p></li><li data-start=\"1745\" data-end=\"1778\"><p data-start=\"1747\" data-end=\"1778\">Паспорт изделия — 1 экземпляр</p></li><li data-start=\"1779\" data-end=\"1816\"><p data-start=\"1781\" data-end=\"1816\">Схема электрическая — 1 экземпляр</p></li><li data-start=\"1817\" data-end=\"1856\"><p data-start=\"1819\" data-end=\"1856\">Сертификат соответствия — 1 экземпляр</p></li></ul><p data-start=\"1858\" data-end=\"1887\"><strong data-start=\"1858\" data-end=\"1887\">Дополнительная информация</strong></p><p data-start=\"1889\" data-end=\"2069\">Готовы изготовить щиты по индивидуальному проекту с адаптацией конфигурации розеток, параметров защиты и других характеристик. Предусмотрены персональные скидки при оптовом заказе.</p><p data-start=\"2071\" data-end=\"2094\"><strong data-start=\"2071\" data-end=\"2094\">Контакты для заказа</strong></p><p data-start=\"2096\" data-end=\"2130\">Электронная почта:&nbsp;<a data-start=\"2115\" data-end=\"2130\" class=\"cursor-pointer\" rel=\"noopener\">sale@a-energ.ru</a></p><p data-start=\"2096\" data-end=\"2130\"><font color=\"#ffffff\">Аналог для&nbsp;русп 3х16 3 1х16 5 1х32 5</font></p><style class=\"WebKit-mso-list-quirks-style\"><!--/* Style Definitions */ p.MsoNormal, li.MsoNormal, div.MsoNormal	{mso-style-unhide:no;	mso-style-qformat:yes;	mso-style-parent:\"\";	margin-top:0cm;	margin-right:0cm;	margin-bottom:8.0pt;	margin-left:0cm;	line-height:107%;	mso-pagination:widow-orphan;	font-size:11.0pt;	font-family:\"Calibri\",sans-serif;	mso-ascii-font-family:Calibri;	mso-ascii-theme-font:minor-latin;	mso-fareast-font-family:Calibri;	mso-fareast-theme-font:minor-latin;	mso-hansi-font-family:Calibri;	mso-hansi-theme-font:minor-latin;	mso-bidi-font-family:\"Times New Roman\";	mso-bidi-theme-font:minor-bidi;	mso-ansi-language:RU;	mso-fareast-language:EN-US;}p.MsoNoSpacing, li.MsoNoSpacing, div.MsoNoSpacing	{mso-style-priority:1;	mso-style-unhide:no;	mso-style-qformat:yes;	mso-style-parent:\"\";	margin:0cm;	mso-pagination:widow-orphan;	font-size:11.0pt;	font-family:\"Calibri\",sans-serif;	mso-ascii-font-family:Calibri;	mso-ascii-theme-font:minor-latin;	mso-fareast-font-family:Calibri;	mso-fareast-theme-font:minor-latin;	mso-hansi-font-family:Calibri;	mso-hansi-theme-font:minor-latin;	mso-bidi-font-family:\"Times New Roman\";	mso-bidi-theme-font:minor-bidi;	mso-ansi-language:RU;	mso-fareast-language:EN-US;}.MsoChpDefault	{mso-style-type:export-only;	mso-default-props:yes;	font-size:11.0pt;	mso-ansi-font-size:11.0pt;	mso-bidi-font-size:11.0pt;	font-family:\"Calibri\",sans-serif;	mso-ascii-font-family:Calibri;	mso-ascii-theme-font:minor-latin;	mso-fareast-font-family:Calibri;	mso-fareast-theme-font:minor-latin;	mso-hansi-font-family:Calibri;	mso-hansi-theme-font:minor-latin;	mso-bidi-font-family:\"Times New Roman\";	mso-bidi-theme-font:minor-bidi;	mso-font-kerning:0pt;	mso-ligatures:none;	mso-ansi-language:RU;	mso-fareast-language:EN-US;}.MsoPapDefault	{mso-style-type:export-only;	margin-bottom:8.0pt;	line-height:107%;}@page WordSection1	{size:612.0pt 792.0pt;	margin:72.0pt 72.0pt 72.0pt 72.0pt;	mso-header-margin:36.0pt;	mso-footer-margin:36.0pt;	mso-paper-source:0;}div.WordSection1	{page:WordSection1;} /* List Definitions */ @list l0	{mso-list-id:927546526;	mso-list-type:hybrid;	mso-list-template-ids:-1858334120 68747265 68747267 68747269 68747265 68747267 68747269 68747265 68747267 68747269;}@list l0:level1	{mso-level-number-format:bullet;	mso-level-text:;	mso-level-tab-stop:none;	mso-level-number-position:left;	text-indent:-18.0pt;	font-family:Symbol;}@list l0:level2	{mso-level-number-format:bullet;	mso-level-text:o;	mso-level-tab-stop:none;	mso-level-number-position:left;	text-indent:-18.0pt;	font-family:\"Courier New\";}@list l0:level3	{mso-level-number-format:bullet;	mso-level-text:;	mso-level-tab-stop:none;	mso-level-number-position:left;	text-indent:-18.0pt;	font-family:Wingdings;}@list l0:level4	{mso-level-number-format:bullet;	mso-level-text:;	mso-level-tab-stop:none;	mso-level-number-position:left;	text-indent:-18.0pt;	font-family:Symbol;}@list l0:level5	{mso-level-number-format:bullet;	mso-level-text:o;	mso-level-tab-stop:none;	mso-level-number-position:left;	text-indent:-18.0pt;	font-family:\"Courier New\";}@list l0:level6	{mso-level-number-format:bullet;	mso-level-text:;	mso-level-tab-stop:none;	mso-level-number-position:left;	text-indent:-18.0pt;	font-family:Wingdings;}@list l0:level7	{mso-level-number-format:bullet;	mso-level-text:;	mso-level-tab-stop:none;	mso-level-number-position:left;	text-indent:-18.0pt;	font-family:Symbol;}@list l0:level8	{mso-level-number-format:bullet;	mso-level-text:o;	mso-level-tab-stop:none;	mso-level-number-position:left;	text-indent:-18.0pt;	font-family:\"Courier New\";}@list l0:level9	{mso-level-number-format:bullet;	mso-level-text:;	mso-level-tab-stop:none;	mso-level-number-position:left;	text-indent:-18.0pt;	font-family:Wingdings;}@list l1	{mso-list-id:1121924187;	mso-list-type:hybrid;	mso-list-template-ids:-1407039698 68747265 68747267 68747269 68747265 68747267 68747269 68747265 68747267 68747269;}@list l1:level1	{mso-level-number-format:bullet;	mso-level-text:;	mso-level-tab-stop:none;	mso-level-number-position:left;	text-indent:-18.0pt;	font-family:Symbol;}@list l1:level2	{mso-level-number-format:bullet;	mso-level-text:o;	mso-level-tab-stop:none;	mso-level-number-position:left;	text-indent:-18.0pt;	font-family:\"Courier New\";}@list l1:level3	{mso-level-number-format:bullet;	mso-level-text:;	mso-level-tab-stop:none;	mso-level-number-position:left;	text-indent:-18.0pt;	font-family:Wingdings;}@list l1:level4	{mso-level-number-format:bullet;	mso-level-text:;	mso-level-tab-stop:none;	mso-level-number-position:left;	text-indent:-18.0pt;	font-family:Symbol;}@list l1:level5	{mso-level-number-format:bullet;	mso-level-text:o;	mso-level-tab-stop:none;	mso-level-number-position:left;	text-indent:-18.0pt;	font-family:\"Courier New\";}@list l1:level6	{mso-level-number-format:bullet;	mso-level-text:;	mso-level-tab-stop:none;	mso-level-number-position:left;	text-indent:-18.0pt;	font-family:Wingdings;}@list l1:level7	{mso-level-number-format:bullet;	mso-level-text:;	mso-level-tab-stop:none;	mso-level-number-position:left;	text-indent:-18.0pt;	font-family:Symbol;}@list l1:level8	{mso-level-number-format:bullet;	mso-level-text:o;	mso-level-tab-stop:none;	mso-level-number-position:left;	text-indent:-18.0pt;	font-family:\"Courier New\";}@list l1:level9	{mso-level-number-format:bullet;	mso-level-text:;	mso-level-tab-stop:none;	mso-level-number-position:left;	text-indent:-18.0pt;	font-family:Wingdings;}--></style>',1,'2026-01-30 05:55:45','2026-01-30 05:55:45'),(63,32,'ru','Щит механизации РУСП 80A 4х1P+N+PE 16А, 3х3P+N+PE 32А IP54 SP02-080403 System Power','','<h2><strong data-start=\"188\" data-end=\"211\"><span style=\"font-size: 14px;\">Также известен как:</span></strong><span style=\"font-size: 14px;\">&nbsp;ЩМ РУСП 80A 4х1П 3х3П IP54 (</span><span style=\"font-size: 13px;\">РУСП 1х16/4 3x32/3)</span></h2><p data-start=\"253\" data-end=\"629\">Щит механизации РУСП 80A — это специализированное распределительное электрощитовое оборудование, предназначенное для эффективного и безопасного распределения электрической энергии на строительных площадках и в производственных зонах. Он обеспечивает защиту от коротких замыканий, утечек тока и перегрузок, что гарантирует надежную работу оборудования и безопасность персонала.</p><p data-start=\"631\" data-end=\"656\"><strong data-start=\"631\" data-end=\"656\">Технические параметры</strong></p><p data-start=\"658\" data-end=\"872\">Номинальный ток УЗО: 80 ампер<br data-start=\"687\" data-end=\"690\">Однополюсные розетки 220 вольт (1P N PE, 16 ампер): 4 штуки<br data-start=\"749\" data-end=\"752\">Трехполюсные розетки 380 вольт (3P N PE, 32 ампера): 3 штуки<br data-start=\"812\" data-end=\"815\">Степень защиты корпуса: IP54, защита от пыли и брызг воды</p><p data-start=\"874\" data-end=\"888\"><strong data-start=\"874\" data-end=\"888\">Назначение</strong></p><p data-start=\"890\" data-end=\"1090\">Электроснабжение временных и постоянных строительных объектов<br data-start=\"951\" data-end=\"954\">Централизованное распределение нагрузки различной мощности<br data-start=\"1012\" data-end=\"1015\">Защита электрооборудования и обслуживающего персонала от аварийных ситуаций</p><p data-start=\"1092\" data-end=\"1121\"><strong data-start=\"1092\" data-end=\"1121\">Конструкция и особенности</strong></p><p data-start=\"1123\" data-end=\"1336\">Щит выполнен из прочных и износостойких материалов. Благодаря степени защиты IP54 его можно использовать как на улице, так и в помещениях. Конструкция адаптирована для эксплуатации в сложных строительных условиях.</p><p data-start=\"1338\" data-end=\"1359\"><strong data-start=\"1338\" data-end=\"1359\">Комплект поставки</strong></p><p data-start=\"1361\" data-end=\"1543\">Щит механизации РУСП 80А SP02 080403 — 1 штука<br data-start=\"1407\" data-end=\"1410\">Ключи от дверей — 2 штуки<br data-start=\"1435\" data-end=\"1438\">Паспорт изделия — 1 экземпляр<br data-start=\"1467\" data-end=\"1470\">Электрическая схема — 1 экземпляр<br data-start=\"1503\" data-end=\"1506\">Сертификат соответствия — 1 экземпляр</p><p data-start=\"1545\" data-end=\"1574\"><strong data-start=\"1545\" data-end=\"1574\">Дополнительная информация</strong></p><p data-start=\"1576\" data-end=\"1808\">Изготовление щитов механизации возможно по индивидуальному техническому заданию заказчика. Предусмотрена возможность изменения конфигурации розеток, вида защиты и других параметров. При заказе партии — персональные условия и скидки.</p><p data-start=\"1810\" data-end=\"1833\"><strong data-start=\"1810\" data-end=\"1833\">Контакты для заказа</strong></p><p data-start=\"1835\" data-end=\"1869\" data-is-last-node=\"\" data-is-only-node=\"\">Электронная почта:&nbsp;<a data-start=\"1854\" data-end=\"1869\" data-is-last-node=\"\" class=\"cursor-pointer\" rel=\"noopener\">sale@a-energ.ru</a></p><style class=\"WebKit-mso-list-quirks-style\"><!--/* Style Definitions */ p.MsoNormal, li.MsoNormal, div.MsoNormal	{mso-style-unhide:no;	mso-style-qformat:yes;	mso-style-parent:\"\";	margin-top:0cm;	margin-right:0cm;	margin-bottom:8.0pt;	margin-left:0cm;	line-height:107%;	mso-pagination:widow-orphan;	font-size:11.0pt;	font-family:\"Calibri\",sans-serif;	mso-ascii-font-family:Calibri;	mso-ascii-theme-font:minor-latin;	mso-fareast-font-family:Calibri;	mso-fareast-theme-font:minor-latin;	mso-hansi-font-family:Calibri;	mso-hansi-theme-font:minor-latin;	mso-bidi-font-family:\"Times New Roman\";	mso-bidi-theme-font:minor-bidi;	mso-ansi-language:RU;	mso-fareast-language:EN-US;}p.MsoNoSpacing, li.MsoNoSpacing, div.MsoNoSpacing	{mso-style-priority:1;	mso-style-unhide:no;	mso-style-qformat:yes;	mso-style-parent:\"\";	margin:0cm;	mso-pagination:widow-orphan;	font-size:11.0pt;	font-family:\"Calibri\",sans-serif;	mso-ascii-font-family:Calibri;	mso-ascii-theme-font:minor-latin;	mso-fareast-font-family:Calibri;	mso-fareast-theme-font:minor-latin;	mso-hansi-font-family:Calibri;	mso-hansi-theme-font:minor-latin;	mso-bidi-font-family:\"Times New Roman\";	mso-bidi-theme-font:minor-bidi;	mso-ansi-language:RU;	mso-fareast-language:EN-US;}.MsoChpDefault	{mso-style-type:export-only;	mso-default-props:yes;	font-size:11.0pt;	mso-ansi-font-size:11.0pt;	mso-bidi-font-size:11.0pt;	font-family:\"Calibri\",sans-serif;	mso-ascii-font-family:Calibri;	mso-ascii-theme-font:minor-latin;	mso-fareast-font-family:Calibri;	mso-fareast-theme-font:minor-latin;	mso-hansi-font-family:Calibri;	mso-hansi-theme-font:minor-latin;	mso-bidi-font-family:\"Times New Roman\";	mso-bidi-theme-font:minor-bidi;	mso-font-kerning:0pt;	mso-ligatures:none;	mso-ansi-language:RU;	mso-fareast-language:EN-US;}.MsoPapDefault	{mso-style-type:export-only;	margin-bottom:8.0pt;	line-height:107%;}@page WordSection1	{size:612.0pt 792.0pt;	margin:72.0pt 72.0pt 72.0pt 72.0pt;	mso-header-margin:36.0pt;	mso-footer-margin:36.0pt;	mso-paper-source:0;}div.WordSection1	{page:WordSection1;} /* List Definitions */ @list l0	{mso-list-id:927546526;	mso-list-type:hybrid;	mso-list-template-ids:-1858334120 68747265 68747267 68747269 68747265 68747267 68747269 68747265 68747267 68747269;}@list l0:level1	{mso-level-number-format:bullet;	mso-level-text:;	mso-level-tab-stop:none;	mso-level-number-position:left;	text-indent:-18.0pt;	font-family:Symbol;}@list l0:level2	{mso-level-number-format:bullet;	mso-level-text:o;	mso-level-tab-stop:none;	mso-level-number-position:left;	text-indent:-18.0pt;	font-family:\"Courier New\";}@list l0:level3	{mso-level-number-format:bullet;	mso-level-text:;	mso-level-tab-stop:none;	mso-level-number-position:left;	text-indent:-18.0pt;	font-family:Wingdings;}@list l0:level4	{mso-level-number-format:bullet;	mso-level-text:;	mso-level-tab-stop:none;	mso-level-number-position:left;	text-indent:-18.0pt;	font-family:Symbol;}@list l0:level5	{mso-level-number-format:bullet;	mso-level-text:o;	mso-level-tab-stop:none;	mso-level-number-position:left;	text-indent:-18.0pt;	font-family:\"Courier New\";}@list l0:level6	{mso-level-number-format:bullet;	mso-level-text:;	mso-level-tab-stop:none;	mso-level-number-position:left;	text-indent:-18.0pt;	font-family:Wingdings;}@list l0:level7	{mso-level-number-format:bullet;	mso-level-text:;	mso-level-tab-stop:none;	mso-level-number-position:left;	text-indent:-18.0pt;	font-family:Symbol;}@list l0:level8	{mso-level-number-format:bullet;	mso-level-text:o;	mso-level-tab-stop:none;	mso-level-number-position:left;	text-indent:-18.0pt;	font-family:\"Courier New\";}@list l0:level9	{mso-level-number-format:bullet;	mso-level-text:;	mso-level-tab-stop:none;	mso-level-number-position:left;	text-indent:-18.0pt;	font-family:Wingdings;}@list l1	{mso-list-id:1121924187;	mso-list-type:hybrid;	mso-list-template-ids:-1407039698 68747265 68747267 68747269 68747265 68747267 68747269 68747265 68747267 68747269;}@list l1:level1	{mso-level-number-format:bullet;	mso-level-text:;	mso-level-tab-stop:none;	mso-level-number-position:left;	text-indent:-18.0pt;	font-family:Symbol;}@list l1:level2	{mso-level-number-format:bullet;	mso-level-text:o;	mso-level-tab-stop:none;	mso-level-number-position:left;	text-indent:-18.0pt;	font-family:\"Courier New\";}@list l1:level3	{mso-level-number-format:bullet;	mso-level-text:;	mso-level-tab-stop:none;	mso-level-number-position:left;	text-indent:-18.0pt;	font-family:Wingdings;}@list l1:level4	{mso-level-number-format:bullet;	mso-level-text:;	mso-level-tab-stop:none;	mso-level-number-position:left;	text-indent:-18.0pt;	font-family:Symbol;}@list l1:level5	{mso-level-number-format:bullet;	mso-level-text:o;	mso-level-tab-stop:none;	mso-level-number-position:left;	text-indent:-18.0pt;	font-family:\"Courier New\";}@list l1:level6	{mso-level-number-format:bullet;	mso-level-text:;	mso-level-tab-stop:none;	mso-level-number-position:left;	text-indent:-18.0pt;	font-family:Wingdings;}@list l1:level7	{mso-level-number-format:bullet;	mso-level-text:;	mso-level-tab-stop:none;	mso-level-number-position:left;	text-indent:-18.0pt;	font-family:Symbol;}@list l1:level8	{mso-level-number-format:bullet;	mso-level-text:o;	mso-level-tab-stop:none;	mso-level-number-position:left;	text-indent:-18.0pt;	font-family:\"Courier New\";}@list l1:level9	{mso-level-number-format:bullet;	mso-level-text:;	mso-level-tab-stop:none;	mso-level-number-position:left;	text-indent:-18.0pt;	font-family:Wingdings;}--></style>',1,'2026-01-30 05:55:45','2026-01-30 05:55:45'),(64,32,'en','Щит механизации РУСП 80A 4х1P+N+PE 16А, 3х3P+N+PE 32А IP54 SP02-080403 System Power','','<h2><strong data-start=\"188\" data-end=\"211\"><span style=\"font-size: 14px;\">Также известен как:</span></strong><span style=\"font-size: 14px;\">&nbsp;ЩМ РУСП 80A 4х1П 3х3П IP54 (</span><span style=\"font-size: 13px;\">РУСП 1х16/4 3x32/3)</span></h2><p data-start=\"253\" data-end=\"629\">Щит механизации РУСП 80A — это специализированное распределительное электрощитовое оборудование, предназначенное для эффективного и безопасного распределения электрической энергии на строительных площадках и в производственных зонах. Он обеспечивает защиту от коротких замыканий, утечек тока и перегрузок, что гарантирует надежную работу оборудования и безопасность персонала.</p><p data-start=\"631\" data-end=\"656\"><strong data-start=\"631\" data-end=\"656\">Технические параметры</strong></p><p data-start=\"658\" data-end=\"872\">Номинальный ток УЗО: 80 ампер<br data-start=\"687\" data-end=\"690\">Однополюсные розетки 220 вольт (1P N PE, 16 ампер): 4 штуки<br data-start=\"749\" data-end=\"752\">Трехполюсные розетки 380 вольт (3P N PE, 32 ампера): 3 штуки<br data-start=\"812\" data-end=\"815\">Степень защиты корпуса: IP54, защита от пыли и брызг воды</p><p data-start=\"874\" data-end=\"888\"><strong data-start=\"874\" data-end=\"888\">Назначение</strong></p><p data-start=\"890\" data-end=\"1090\">Электроснабжение временных и постоянных строительных объектов<br data-start=\"951\" data-end=\"954\">Централизованное распределение нагрузки различной мощности<br data-start=\"1012\" data-end=\"1015\">Защита электрооборудования и обслуживающего персонала от аварийных ситуаций</p><p data-start=\"1092\" data-end=\"1121\"><strong data-start=\"1092\" data-end=\"1121\">Конструкция и особенности</strong></p><p data-start=\"1123\" data-end=\"1336\">Щит выполнен из прочных и износостойких материалов. Благодаря степени защиты IP54 его можно использовать как на улице, так и в помещениях. Конструкция адаптирована для эксплуатации в сложных строительных условиях.</p><p data-start=\"1338\" data-end=\"1359\"><strong data-start=\"1338\" data-end=\"1359\">Комплект поставки</strong></p><p data-start=\"1361\" data-end=\"1543\">Щит механизации РУСП 80А SP02 080403 — 1 штука<br data-start=\"1407\" data-end=\"1410\">Ключи от дверей — 2 штуки<br data-start=\"1435\" data-end=\"1438\">Паспорт изделия — 1 экземпляр<br data-start=\"1467\" data-end=\"1470\">Электрическая схема — 1 экземпляр<br data-start=\"1503\" data-end=\"1506\">Сертификат соответствия — 1 экземпляр</p><p data-start=\"1545\" data-end=\"1574\"><strong data-start=\"1545\" data-end=\"1574\">Дополнительная информация</strong></p><p data-start=\"1576\" data-end=\"1808\">Изготовление щитов механизации возможно по индивидуальному техническому заданию заказчика. Предусмотрена возможность изменения конфигурации розеток, вида защиты и других параметров. При заказе партии — персональные условия и скидки.</p><p data-start=\"1810\" data-end=\"1833\"><strong data-start=\"1810\" data-end=\"1833\">Контакты для заказа</strong></p><p data-start=\"1835\" data-end=\"1869\" data-is-last-node=\"\" data-is-only-node=\"\">Электронная почта:&nbsp;<a data-start=\"1854\" data-end=\"1869\" data-is-last-node=\"\" class=\"cursor-pointer\" rel=\"noopener\">sale@a-energ.ru</a></p><style class=\"WebKit-mso-list-quirks-style\"><!--/* Style Definitions */ p.MsoNormal, li.MsoNormal, div.MsoNormal	{mso-style-unhide:no;	mso-style-qformat:yes;	mso-style-parent:\"\";	margin-top:0cm;	margin-right:0cm;	margin-bottom:8.0pt;	margin-left:0cm;	line-height:107%;	mso-pagination:widow-orphan;	font-size:11.0pt;	font-family:\"Calibri\",sans-serif;	mso-ascii-font-family:Calibri;	mso-ascii-theme-font:minor-latin;	mso-fareast-font-family:Calibri;	mso-fareast-theme-font:minor-latin;	mso-hansi-font-family:Calibri;	mso-hansi-theme-font:minor-latin;	mso-bidi-font-family:\"Times New Roman\";	mso-bidi-theme-font:minor-bidi;	mso-ansi-language:RU;	mso-fareast-language:EN-US;}p.MsoNoSpacing, li.MsoNoSpacing, div.MsoNoSpacing	{mso-style-priority:1;	mso-style-unhide:no;	mso-style-qformat:yes;	mso-style-parent:\"\";	margin:0cm;	mso-pagination:widow-orphan;	font-size:11.0pt;	font-family:\"Calibri\",sans-serif;	mso-ascii-font-family:Calibri;	mso-ascii-theme-font:minor-latin;	mso-fareast-font-family:Calibri;	mso-fareast-theme-font:minor-latin;	mso-hansi-font-family:Calibri;	mso-hansi-theme-font:minor-latin;	mso-bidi-font-family:\"Times New Roman\";	mso-bidi-theme-font:minor-bidi;	mso-ansi-language:RU;	mso-fareast-language:EN-US;}.MsoChpDefault	{mso-style-type:export-only;	mso-default-props:yes;	font-size:11.0pt;	mso-ansi-font-size:11.0pt;	mso-bidi-font-size:11.0pt;	font-family:\"Calibri\",sans-serif;	mso-ascii-font-family:Calibri;	mso-ascii-theme-font:minor-latin;	mso-fareast-font-family:Calibri;	mso-fareast-theme-font:minor-latin;	mso-hansi-font-family:Calibri;	mso-hansi-theme-font:minor-latin;	mso-bidi-font-family:\"Times New Roman\";	mso-bidi-theme-font:minor-bidi;	mso-font-kerning:0pt;	mso-ligatures:none;	mso-ansi-language:RU;	mso-fareast-language:EN-US;}.MsoPapDefault	{mso-style-type:export-only;	margin-bottom:8.0pt;	line-height:107%;}@page WordSection1	{size:612.0pt 792.0pt;	margin:72.0pt 72.0pt 72.0pt 72.0pt;	mso-header-margin:36.0pt;	mso-footer-margin:36.0pt;	mso-paper-source:0;}div.WordSection1	{page:WordSection1;} /* List Definitions */ @list l0	{mso-list-id:927546526;	mso-list-type:hybrid;	mso-list-template-ids:-1858334120 68747265 68747267 68747269 68747265 68747267 68747269 68747265 68747267 68747269;}@list l0:level1	{mso-level-number-format:bullet;	mso-level-text:;	mso-level-tab-stop:none;	mso-level-number-position:left;	text-indent:-18.0pt;	font-family:Symbol;}@list l0:level2	{mso-level-number-format:bullet;	mso-level-text:o;	mso-level-tab-stop:none;	mso-level-number-position:left;	text-indent:-18.0pt;	font-family:\"Courier New\";}@list l0:level3	{mso-level-number-format:bullet;	mso-level-text:;	mso-level-tab-stop:none;	mso-level-number-position:left;	text-indent:-18.0pt;	font-family:Wingdings;}@list l0:level4	{mso-level-number-format:bullet;	mso-level-text:;	mso-level-tab-stop:none;	mso-level-number-position:left;	text-indent:-18.0pt;	font-family:Symbol;}@list l0:level5	{mso-level-number-format:bullet;	mso-level-text:o;	mso-level-tab-stop:none;	mso-level-number-position:left;	text-indent:-18.0pt;	font-family:\"Courier New\";}@list l0:level6	{mso-level-number-format:bullet;	mso-level-text:;	mso-level-tab-stop:none;	mso-level-number-position:left;	text-indent:-18.0pt;	font-family:Wingdings;}@list l0:level7	{mso-level-number-format:bullet;	mso-level-text:;	mso-level-tab-stop:none;	mso-level-number-position:left;	text-indent:-18.0pt;	font-family:Symbol;}@list l0:level8	{mso-level-number-format:bullet;	mso-level-text:o;	mso-level-tab-stop:none;	mso-level-number-position:left;	text-indent:-18.0pt;	font-family:\"Courier New\";}@list l0:level9	{mso-level-number-format:bullet;	mso-level-text:;	mso-level-tab-stop:none;	mso-level-number-position:left;	text-indent:-18.0pt;	font-family:Wingdings;}@list l1	{mso-list-id:1121924187;	mso-list-type:hybrid;	mso-list-template-ids:-1407039698 68747265 68747267 68747269 68747265 68747267 68747269 68747265 68747267 68747269;}@list l1:level1	{mso-level-number-format:bullet;	mso-level-text:;	mso-level-tab-stop:none;	mso-level-number-position:left;	text-indent:-18.0pt;	font-family:Symbol;}@list l1:level2	{mso-level-number-format:bullet;	mso-level-text:o;	mso-level-tab-stop:none;	mso-level-number-position:left;	text-indent:-18.0pt;	font-family:\"Courier New\";}@list l1:level3	{mso-level-number-format:bullet;	mso-level-text:;	mso-level-tab-stop:none;	mso-level-number-position:left;	text-indent:-18.0pt;	font-family:Wingdings;}@list l1:level4	{mso-level-number-format:bullet;	mso-level-text:;	mso-level-tab-stop:none;	mso-level-number-position:left;	text-indent:-18.0pt;	font-family:Symbol;}@list l1:level5	{mso-level-number-format:bullet;	mso-level-text:o;	mso-level-tab-stop:none;	mso-level-number-position:left;	text-indent:-18.0pt;	font-family:\"Courier New\";}@list l1:level6	{mso-level-number-format:bullet;	mso-level-text:;	mso-level-tab-stop:none;	mso-level-number-position:left;	text-indent:-18.0pt;	font-family:Wingdings;}@list l1:level7	{mso-level-number-format:bullet;	mso-level-text:;	mso-level-tab-stop:none;	mso-level-number-position:left;	text-indent:-18.0pt;	font-family:Symbol;}@list l1:level8	{mso-level-number-format:bullet;	mso-level-text:o;	mso-level-tab-stop:none;	mso-level-number-position:left;	text-indent:-18.0pt;	font-family:\"Courier New\";}@list l1:level9	{mso-level-number-format:bullet;	mso-level-text:;	mso-level-tab-stop:none;	mso-level-number-position:left;	text-indent:-18.0pt;	font-family:Wingdings;}--></style>',1,'2026-01-30 05:55:45','2026-01-30 05:55:45'),(65,33,'ru','Щит механизации РУСП 80А 6х1P+N+PE 16A, 2x3P+N+PE 32A IР54 SP02-080602 System Power','','<h2><strong data-start=\"144\" data-end=\"167\"><span style=\"font-size: 14px;\">Также известен как:</span></strong><span style=\"font-size: 14px;\">&nbsp;ЩМ РУСП 80A 6х1П 16А 2х3П 32А IP54 (РУСП 80 1х16/6 3x32/2)</span></h2><p data-start=\"209\" data-end=\"614\">Щит механизации РУСП 80A — это профессиональное распределительное электрощитовое оборудование, предназначенное для надежного и безопасного распределения электрической энергии на строительных площадках, в производственных и временных объектах. Щит обеспечивает защиту от коротких замыканий, токов утечки и перегрузок, что значительно снижает риск аварий и продлевает срок службы подключенного оборудования.</p><p data-start=\"616\" data-end=\"641\"><strong data-start=\"616\" data-end=\"641\">Технические параметры</strong></p><p data-start=\"643\" data-end=\"856\">Номинальный ток УЗО: 80 ампер<br data-start=\"672\" data-end=\"675\">Однополюсные розетки 220 вольт (1P N PE, 16 ампер): 6 штук<br data-start=\"733\" data-end=\"736\">Трехполюсные розетки 380 вольт (3P N PE, 32 ампера): 2 штуки<br data-start=\"796\" data-end=\"799\">Степень защиты корпуса: IP54, защита от пыли и брызг воды</p><p data-start=\"643\" data-end=\"856\">Габариты: 570x460x260 мм</p><p data-start=\"858\" data-end=\"872\"><strong data-start=\"858\" data-end=\"872\">Назначение</strong></p><p data-start=\"874\" data-end=\"1074\">Электроснабжение временных и постоянных строительных объектов<br data-start=\"935\" data-end=\"938\">Централизованное распределение нагрузки различной мощности<br data-start=\"996\" data-end=\"999\">Защита электрооборудования и обслуживающего персонала от аварийных ситуаций</p><p data-start=\"1076\" data-end=\"1105\"><strong data-start=\"1076\" data-end=\"1105\">Конструкция и особенности</strong></p><p data-start=\"1107\" data-end=\"1354\">Корпус щита выполнен из прочных материалов, устойчивых к механическим повреждениям и воздействию окружающей среды. Степень защиты IP54 позволяет использовать щит как в закрытых помещениях, так и на открытом воздухе, в том числе в условиях стройки.</p><p data-start=\"1356\" data-end=\"1377\"><strong data-start=\"1356\" data-end=\"1377\">Комплект поставки</strong></p><p data-start=\"1379\" data-end=\"1561\">Щит механизации РУСП 80А SP02 080622 — 1 штука<br data-start=\"1425\" data-end=\"1428\">Ключи от дверей — 2 штуки<br data-start=\"1453\" data-end=\"1456\">Паспорт изделия — 1 экземпляр<br data-start=\"1485\" data-end=\"1488\">Электрическая схема — 1 экземпляр<br data-start=\"1521\" data-end=\"1524\">Сертификат соответствия — 1 экземпляр</p><p data-start=\"1563\" data-end=\"1592\"><strong data-start=\"1563\" data-end=\"1592\">Дополнительная информация</strong></p><p data-start=\"1594\" data-end=\"1836\">Щиты могут быть изготовлены по индивидуальному техническому заданию, включая изменение количества и типа розеток, а также установку дополнительных средств защиты. При заказе партии изделий предоставляются персональные скидки и особые условия.</p><p data-start=\"1838\" data-end=\"1861\"><strong data-start=\"1838\" data-end=\"1861\">Контакты для заказа</strong></p><p data-start=\"1863\" data-end=\"1897\" data-is-last-node=\"\" data-is-only-node=\"\">Электронная почта:&nbsp;<a data-start=\"1882\" data-end=\"1897\" data-is-last-node=\"\" class=\"cursor-pointer\" rel=\"noopener\">sale@a-energ.ru</a></p><style class=\"WebKit-mso-list-quirks-style\"><!--/* Style Definitions */ p.MsoNormal, li.MsoNormal, div.MsoNormal	{mso-style-unhide:no;	mso-style-qformat:yes;	mso-style-parent:\"\";	margin-top:0cm;	margin-right:0cm;	margin-bottom:8.0pt;	margin-left:0cm;	line-height:107%;	mso-pagination:widow-orphan;	font-size:11.0pt;	font-family:\"Calibri\",sans-serif;	mso-ascii-font-family:Calibri;	mso-ascii-theme-font:minor-latin;	mso-fareast-font-family:Calibri;	mso-fareast-theme-font:minor-latin;	mso-hansi-font-family:Calibri;	mso-hansi-theme-font:minor-latin;	mso-bidi-font-family:\"Times New Roman\";	mso-bidi-theme-font:minor-bidi;	mso-ansi-language:RU;	mso-fareast-language:EN-US;}p.MsoNoSpacing, li.MsoNoSpacing, div.MsoNoSpacing	{mso-style-priority:1;	mso-style-unhide:no;	mso-style-qformat:yes;	mso-style-parent:\"\";	margin:0cm;	mso-pagination:widow-orphan;	font-size:11.0pt;	font-family:\"Calibri\",sans-serif;	mso-ascii-font-family:Calibri;	mso-ascii-theme-font:minor-latin;	mso-fareast-font-family:Calibri;	mso-fareast-theme-font:minor-latin;	mso-hansi-font-family:Calibri;	mso-hansi-theme-font:minor-latin;	mso-bidi-font-family:\"Times New Roman\";	mso-bidi-theme-font:minor-bidi;	mso-ansi-language:RU;	mso-fareast-language:EN-US;}.MsoChpDefault	{mso-style-type:export-only;	mso-default-props:yes;	font-size:11.0pt;	mso-ansi-font-size:11.0pt;	mso-bidi-font-size:11.0pt;	font-family:\"Calibri\",sans-serif;	mso-ascii-font-family:Calibri;	mso-ascii-theme-font:minor-latin;	mso-fareast-font-family:Calibri;	mso-fareast-theme-font:minor-latin;	mso-hansi-font-family:Calibri;	mso-hansi-theme-font:minor-latin;	mso-bidi-font-family:\"Times New Roman\";	mso-bidi-theme-font:minor-bidi;	mso-font-kerning:0pt;	mso-ligatures:none;	mso-ansi-language:RU;	mso-fareast-language:EN-US;}.MsoPapDefault	{mso-style-type:export-only;	margin-bottom:8.0pt;	line-height:107%;}@page WordSection1	{size:612.0pt 792.0pt;	margin:72.0pt 72.0pt 72.0pt 72.0pt;	mso-header-margin:36.0pt;	mso-footer-margin:36.0pt;	mso-paper-source:0;}div.WordSection1	{page:WordSection1;} /* List Definitions */ @list l0	{mso-list-id:927546526;	mso-list-type:hybrid;	mso-list-template-ids:-1858334120 68747265 68747267 68747269 68747265 68747267 68747269 68747265 68747267 68747269;}@list l0:level1	{mso-level-number-format:bullet;	mso-level-text:;	mso-level-tab-stop:none;	mso-level-number-position:left;	text-indent:-18.0pt;	font-family:Symbol;}@list l0:level2	{mso-level-number-format:bullet;	mso-level-text:o;	mso-level-tab-stop:none;	mso-level-number-position:left;	text-indent:-18.0pt;	font-family:\"Courier New\";}@list l0:level3	{mso-level-number-format:bullet;	mso-level-text:;	mso-level-tab-stop:none;	mso-level-number-position:left;	text-indent:-18.0pt;	font-family:Wingdings;}@list l0:level4	{mso-level-number-format:bullet;	mso-level-text:;	mso-level-tab-stop:none;	mso-level-number-position:left;	text-indent:-18.0pt;	font-family:Symbol;}@list l0:level5	{mso-level-number-format:bullet;	mso-level-text:o;	mso-level-tab-stop:none;	mso-level-number-position:left;	text-indent:-18.0pt;	font-family:\"Courier New\";}@list l0:level6	{mso-level-number-format:bullet;	mso-level-text:;	mso-level-tab-stop:none;	mso-level-number-position:left;	text-indent:-18.0pt;	font-family:Wingdings;}@list l0:level7	{mso-level-number-format:bullet;	mso-level-text:;	mso-level-tab-stop:none;	mso-level-number-position:left;	text-indent:-18.0pt;	font-family:Symbol;}@list l0:level8	{mso-level-number-format:bullet;	mso-level-text:o;	mso-level-tab-stop:none;	mso-level-number-position:left;	text-indent:-18.0pt;	font-family:\"Courier New\";}@list l0:level9	{mso-level-number-format:bullet;	mso-level-text:;	mso-level-tab-stop:none;	mso-level-number-position:left;	text-indent:-18.0pt;	font-family:Wingdings;}@list l1	{mso-list-id:1121924187;	mso-list-type:hybrid;	mso-list-template-ids:-1407039698 68747265 68747267 68747269 68747265 68747267 68747269 68747265 68747267 68747269;}@list l1:level1	{mso-level-number-format:bullet;	mso-level-text:;	mso-level-tab-stop:none;	mso-level-number-position:left;	text-indent:-18.0pt;	font-family:Symbol;}@list l1:level2	{mso-level-number-format:bullet;	mso-level-text:o;	mso-level-tab-stop:none;	mso-level-number-position:left;	text-indent:-18.0pt;	font-family:\"Courier New\";}@list l1:level3	{mso-level-number-format:bullet;	mso-level-text:;	mso-level-tab-stop:none;	mso-level-number-position:left;	text-indent:-18.0pt;	font-family:Wingdings;}@list l1:level4	{mso-level-number-format:bullet;	mso-level-text:;	mso-level-tab-stop:none;	mso-level-number-position:left;	text-indent:-18.0pt;	font-family:Symbol;}@list l1:level5	{mso-level-number-format:bullet;	mso-level-text:o;	mso-level-tab-stop:none;	mso-level-number-position:left;	text-indent:-18.0pt;	font-family:\"Courier New\";}@list l1:level6	{mso-level-number-format:bullet;	mso-level-text:;	mso-level-tab-stop:none;	mso-level-number-position:left;	text-indent:-18.0pt;	font-family:Wingdings;}@list l1:level7	{mso-level-number-format:bullet;	mso-level-text:;	mso-level-tab-stop:none;	mso-level-number-position:left;	text-indent:-18.0pt;	font-family:Symbol;}@list l1:level8	{mso-level-number-format:bullet;	mso-level-text:o;	mso-level-tab-stop:none;	mso-level-number-position:left;	text-indent:-18.0pt;	font-family:\"Courier New\";}@list l1:level9	{mso-level-number-format:bullet;	mso-level-text:;	mso-level-tab-stop:none;	mso-level-number-position:left;	text-indent:-18.0pt;	font-family:Wingdings;}--></style>',1,'2026-01-30 05:55:45','2026-01-30 05:55:45'),(66,33,'en','Щит механизации РУСП 80А 6х1P+N+PE 16A, 2x3P+N+PE 32A IР54 SP02-080602 System Power','','<h2><strong data-start=\"144\" data-end=\"167\"><span style=\"font-size: 14px;\">Также известен как:</span></strong><span style=\"font-size: 14px;\">&nbsp;ЩМ РУСП 80A 6х1П 16А 2х3П 32А IP54 (РУСП 80 1х16/6 3x32/2)</span></h2><p data-start=\"209\" data-end=\"614\">Щит механизации РУСП 80A — это профессиональное распределительное электрощитовое оборудование, предназначенное для надежного и безопасного распределения электрической энергии на строительных площадках, в производственных и временных объектах. Щит обеспечивает защиту от коротких замыканий, токов утечки и перегрузок, что значительно снижает риск аварий и продлевает срок службы подключенного оборудования.</p><p data-start=\"616\" data-end=\"641\"><strong data-start=\"616\" data-end=\"641\">Технические параметры</strong></p><p data-start=\"643\" data-end=\"856\">Номинальный ток УЗО: 80 ампер<br data-start=\"672\" data-end=\"675\">Однополюсные розетки 220 вольт (1P N PE, 16 ампер): 6 штук<br data-start=\"733\" data-end=\"736\">Трехполюсные розетки 380 вольт (3P N PE, 32 ампера): 2 штуки<br data-start=\"796\" data-end=\"799\">Степень защиты корпуса: IP54, защита от пыли и брызг воды</p><p data-start=\"643\" data-end=\"856\">Габариты: 570x460x260 мм</p><p data-start=\"858\" data-end=\"872\"><strong data-start=\"858\" data-end=\"872\">Назначение</strong></p><p data-start=\"874\" data-end=\"1074\">Электроснабжение временных и постоянных строительных объектов<br data-start=\"935\" data-end=\"938\">Централизованное распределение нагрузки различной мощности<br data-start=\"996\" data-end=\"999\">Защита электрооборудования и обслуживающего персонала от аварийных ситуаций</p><p data-start=\"1076\" data-end=\"1105\"><strong data-start=\"1076\" data-end=\"1105\">Конструкция и особенности</strong></p><p data-start=\"1107\" data-end=\"1354\">Корпус щита выполнен из прочных материалов, устойчивых к механическим повреждениям и воздействию окружающей среды. Степень защиты IP54 позволяет использовать щит как в закрытых помещениях, так и на открытом воздухе, в том числе в условиях стройки.</p><p data-start=\"1356\" data-end=\"1377\"><strong data-start=\"1356\" data-end=\"1377\">Комплект поставки</strong></p><p data-start=\"1379\" data-end=\"1561\">Щит механизации РУСП 80А SP02 080622 — 1 штука<br data-start=\"1425\" data-end=\"1428\">Ключи от дверей — 2 штуки<br data-start=\"1453\" data-end=\"1456\">Паспорт изделия — 1 экземпляр<br data-start=\"1485\" data-end=\"1488\">Электрическая схема — 1 экземпляр<br data-start=\"1521\" data-end=\"1524\">Сертификат соответствия — 1 экземпляр</p><p data-start=\"1563\" data-end=\"1592\"><strong data-start=\"1563\" data-end=\"1592\">Дополнительная информация</strong></p><p data-start=\"1594\" data-end=\"1836\">Щиты могут быть изготовлены по индивидуальному техническому заданию, включая изменение количества и типа розеток, а также установку дополнительных средств защиты. При заказе партии изделий предоставляются персональные скидки и особые условия.</p><p data-start=\"1838\" data-end=\"1861\"><strong data-start=\"1838\" data-end=\"1861\">Контакты для заказа</strong></p><p data-start=\"1863\" data-end=\"1897\" data-is-last-node=\"\" data-is-only-node=\"\">Электронная почта:&nbsp;<a data-start=\"1882\" data-end=\"1897\" data-is-last-node=\"\" class=\"cursor-pointer\" rel=\"noopener\">sale@a-energ.ru</a></p><style class=\"WebKit-mso-list-quirks-style\"><!--/* Style Definitions */ p.MsoNormal, li.MsoNormal, div.MsoNormal	{mso-style-unhide:no;	mso-style-qformat:yes;	mso-style-parent:\"\";	margin-top:0cm;	margin-right:0cm;	margin-bottom:8.0pt;	margin-left:0cm;	line-height:107%;	mso-pagination:widow-orphan;	font-size:11.0pt;	font-family:\"Calibri\",sans-serif;	mso-ascii-font-family:Calibri;	mso-ascii-theme-font:minor-latin;	mso-fareast-font-family:Calibri;	mso-fareast-theme-font:minor-latin;	mso-hansi-font-family:Calibri;	mso-hansi-theme-font:minor-latin;	mso-bidi-font-family:\"Times New Roman\";	mso-bidi-theme-font:minor-bidi;	mso-ansi-language:RU;	mso-fareast-language:EN-US;}p.MsoNoSpacing, li.MsoNoSpacing, div.MsoNoSpacing	{mso-style-priority:1;	mso-style-unhide:no;	mso-style-qformat:yes;	mso-style-parent:\"\";	margin:0cm;	mso-pagination:widow-orphan;	font-size:11.0pt;	font-family:\"Calibri\",sans-serif;	mso-ascii-font-family:Calibri;	mso-ascii-theme-font:minor-latin;	mso-fareast-font-family:Calibri;	mso-fareast-theme-font:minor-latin;	mso-hansi-font-family:Calibri;	mso-hansi-theme-font:minor-latin;	mso-bidi-font-family:\"Times New Roman\";	mso-bidi-theme-font:minor-bidi;	mso-ansi-language:RU;	mso-fareast-language:EN-US;}.MsoChpDefault	{mso-style-type:export-only;	mso-default-props:yes;	font-size:11.0pt;	mso-ansi-font-size:11.0pt;	mso-bidi-font-size:11.0pt;	font-family:\"Calibri\",sans-serif;	mso-ascii-font-family:Calibri;	mso-ascii-theme-font:minor-latin;	mso-fareast-font-family:Calibri;	mso-fareast-theme-font:minor-latin;	mso-hansi-font-family:Calibri;	mso-hansi-theme-font:minor-latin;	mso-bidi-font-family:\"Times New Roman\";	mso-bidi-theme-font:minor-bidi;	mso-font-kerning:0pt;	mso-ligatures:none;	mso-ansi-language:RU;	mso-fareast-language:EN-US;}.MsoPapDefault	{mso-style-type:export-only;	margin-bottom:8.0pt;	line-height:107%;}@page WordSection1	{size:612.0pt 792.0pt;	margin:72.0pt 72.0pt 72.0pt 72.0pt;	mso-header-margin:36.0pt;	mso-footer-margin:36.0pt;	mso-paper-source:0;}div.WordSection1	{page:WordSection1;} /* List Definitions */ @list l0	{mso-list-id:927546526;	mso-list-type:hybrid;	mso-list-template-ids:-1858334120 68747265 68747267 68747269 68747265 68747267 68747269 68747265 68747267 68747269;}@list l0:level1	{mso-level-number-format:bullet;	mso-level-text:;	mso-level-tab-stop:none;	mso-level-number-position:left;	text-indent:-18.0pt;	font-family:Symbol;}@list l0:level2	{mso-level-number-format:bullet;	mso-level-text:o;	mso-level-tab-stop:none;	mso-level-number-position:left;	text-indent:-18.0pt;	font-family:\"Courier New\";}@list l0:level3	{mso-level-number-format:bullet;	mso-level-text:;	mso-level-tab-stop:none;	mso-level-number-position:left;	text-indent:-18.0pt;	font-family:Wingdings;}@list l0:level4	{mso-level-number-format:bullet;	mso-level-text:;	mso-level-tab-stop:none;	mso-level-number-position:left;	text-indent:-18.0pt;	font-family:Symbol;}@list l0:level5	{mso-level-number-format:bullet;	mso-level-text:o;	mso-level-tab-stop:none;	mso-level-number-position:left;	text-indent:-18.0pt;	font-family:\"Courier New\";}@list l0:level6	{mso-level-number-format:bullet;	mso-level-text:;	mso-level-tab-stop:none;	mso-level-number-position:left;	text-indent:-18.0pt;	font-family:Wingdings;}@list l0:level7	{mso-level-number-format:bullet;	mso-level-text:;	mso-level-tab-stop:none;	mso-level-number-position:left;	text-indent:-18.0pt;	font-family:Symbol;}@list l0:level8	{mso-level-number-format:bullet;	mso-level-text:o;	mso-level-tab-stop:none;	mso-level-number-position:left;	text-indent:-18.0pt;	font-family:\"Courier New\";}@list l0:level9	{mso-level-number-format:bullet;	mso-level-text:;	mso-level-tab-stop:none;	mso-level-number-position:left;	text-indent:-18.0pt;	font-family:Wingdings;}@list l1	{mso-list-id:1121924187;	mso-list-type:hybrid;	mso-list-template-ids:-1407039698 68747265 68747267 68747269 68747265 68747267 68747269 68747265 68747267 68747269;}@list l1:level1	{mso-level-number-format:bullet;	mso-level-text:;	mso-level-tab-stop:none;	mso-level-number-position:left;	text-indent:-18.0pt;	font-family:Symbol;}@list l1:level2	{mso-level-number-format:bullet;	mso-level-text:o;	mso-level-tab-stop:none;	mso-level-number-position:left;	text-indent:-18.0pt;	font-family:\"Courier New\";}@list l1:level3	{mso-level-number-format:bullet;	mso-level-text:;	mso-level-tab-stop:none;	mso-level-number-position:left;	text-indent:-18.0pt;	font-family:Wingdings;}@list l1:level4	{mso-level-number-format:bullet;	mso-level-text:;	mso-level-tab-stop:none;	mso-level-number-position:left;	text-indent:-18.0pt;	font-family:Symbol;}@list l1:level5	{mso-level-number-format:bullet;	mso-level-text:o;	mso-level-tab-stop:none;	mso-level-number-position:left;	text-indent:-18.0pt;	font-family:\"Courier New\";}@list l1:level6	{mso-level-number-format:bullet;	mso-level-text:;	mso-level-tab-stop:none;	mso-level-number-position:left;	text-indent:-18.0pt;	font-family:Wingdings;}@list l1:level7	{mso-level-number-format:bullet;	mso-level-text:;	mso-level-tab-stop:none;	mso-level-number-position:left;	text-indent:-18.0pt;	font-family:Symbol;}@list l1:level8	{mso-level-number-format:bullet;	mso-level-text:o;	mso-level-tab-stop:none;	mso-level-number-position:left;	text-indent:-18.0pt;	font-family:\"Courier New\";}@list l1:level9	{mso-level-number-format:bullet;	mso-level-text:;	mso-level-tab-stop:none;	mso-level-number-position:left;	text-indent:-18.0pt;	font-family:Wingdings;}--></style>',1,'2026-01-30 05:55:45','2026-01-30 05:55:45'),(67,34,'ru','Напольный лючок-невидимка на 16 модулей (8 розеток 45x45) IP54 System Power SP01-0216','','<p data-start=\"96\" data-end=\"342\">Серия System Power SP01-02 — это решение для тех, кто ценит удобный и безопасный доступ к электропроводке и слаботочным кабелям внутри помещений. Люк этой серии легко встраивается в конструкцию пола и благодаря скрытому монтажу органично вписывается в любой интерьер, не нарушая его эстетики. Идеально подходит для жилых, офисных и коммерческих пространств. Корпус люка изготовлен из прочной стали и оснащён штампованными отверстиями под трубы диаметром M25. По запросу доступны варианты из алюминия или нержавеющей стали — под любые условия эксплуатации.</p><h5 style=\"font-family: &quot;Open Sans&quot;, sans-serif; color: rgb(0, 0, 0);\"><b><br></b></h5><h5 style=\"font-family: &quot;Open Sans&quot;, sans-serif; color: rgb(0, 0, 0);\"><b>Технические характеристики</b></h5><ul data-start=\"663\" data-end=\"1086\"><li data-start=\"663\" data-end=\"740\"><p data-start=\"665\" data-end=\"740\"><strong data-start=\"665\" data-end=\"688\">Степень защиты IP54:&nbsp;</strong>надёжная защита от пыли и кратковременной влаги</p></li><li data-start=\"833\" data-end=\"953\"><p data-start=\"835\" data-end=\"953\"><b>Габариты:&nbsp;</b>245x245x120 мм</p></li><li data-start=\"741\" data-end=\"832\"><p data-start=\"743\" data-end=\"832\"><strong data-start=\"743\" data-end=\"758\">Вместимость</strong>:<br data-start=\"759\" data-end=\"762\">— до 8 розеток формата 45×45 мм<br data-start=\"795\" data-end=\"798\">— или до 16 модулей 22.5×45 мм</p></li><li data-start=\"833\" data-end=\"953\"><p data-start=\"835\" data-end=\"953\"><strong data-start=\"835\" data-end=\"856\">Варианты поставки</strong>:<br data-start=\"857\" data-end=\"860\">— с предустановленными розетками 220 В<br data-start=\"900\" data-end=\"903\">— без комплектации — для индивидуальной сборки</p></li><li data-start=\"954\" data-end=\"1086\"><p data-start=\"956\" data-end=\"1086\"><strong data-start=\"956\" data-end=\"973\">Совместимость</strong>:<br data-start=\"974\" data-end=\"977\">— модули 220 В, RJ45, ТВ и другие стандартные подключения<br data-start=\"1036\" data-end=\"1039\">— одна стандартная розетка 220 В = два модуля</p></li></ul><h5 style=\"font-family: &quot;Open Sans&quot;, sans-serif; color: rgb(0, 0, 0);\"><b>Преимущества</b></h5><ul data-start=\"1111\" data-end=\"1389\"><li data-start=\"1111\" data-end=\"1153\"><p data-start=\"1113\" data-end=\"1153\">Изменяемая глубина установки лючка —<strong>&nbsp;до 20 мм&nbsp;</strong>(регулируемая высота)</p></li><li data-start=\"1154\" data-end=\"1218\"><p data-start=\"1156\" data-end=\"1218\">Полная совместимость с модульными решениями типа&nbsp;<strong data-start=\"1205\" data-end=\"1216\">Mosaic®</strong></p></li><li data-start=\"1219\" data-end=\"1269\"><p data-start=\"1221\" data-end=\"1269\">Возможность изготовления под конкретные задачи</p></li><li data-start=\"1270\" data-end=\"1330\"><p data-start=\"1272\" data-end=\"1330\">Широкий выбор конфигураций — до&nbsp;<strong data-start=\"1304\" data-end=\"1328\">32 установочных мест</strong></p></li><li data-start=\"1331\" data-end=\"1389\"><p data-start=\"1333\" data-end=\"1389\">Идеально подходит для любых интерьеров и типов помещений</p></li></ul><p data-start=\"1174\" data-end=\"1217\"><strong data-start=\"1174\" data-end=\"1217\">Индивидуальные решения и оптовые заказы</strong></p><p data-start=\"1219\" data-end=\"1476\">Доступны напольные лючки с количеством установочных мест до 32 штук и предлагаем специальные условия при оптовых заказах. Чтобы получить персональное предложение или консультацию, свяжитесь с нами по почте&nbsp;<a href=\"mailto:sale@a-energ.ru\">sale@a-energ.ru</a>&nbsp;&nbsp;либо телефону +7 495 409-12-78&nbsp;</p>',1,'2026-01-30 05:55:45','2026-01-30 05:55:45'),(68,34,'en','Напольный лючок-невидимка на 16 модулей (8 розеток 45x45) IP54 System Power SP01-0216','','<p data-start=\"96\" data-end=\"342\">Серия System Power SP01-02 — это решение для тех, кто ценит удобный и безопасный доступ к электропроводке и слаботочным кабелям внутри помещений. Люк этой серии легко встраивается в конструкцию пола и благодаря скрытому монтажу органично вписывается в любой интерьер, не нарушая его эстетики. Идеально подходит для жилых, офисных и коммерческих пространств. Корпус люка изготовлен из прочной стали и оснащён штампованными отверстиями под трубы диаметром M25. По запросу доступны варианты из алюминия или нержавеющей стали — под любые условия эксплуатации.</p><h5 style=\"font-family: &quot;Open Sans&quot;, sans-serif; color: rgb(0, 0, 0);\"><b><br></b></h5><h5 style=\"font-family: &quot;Open Sans&quot;, sans-serif; color: rgb(0, 0, 0);\"><b>Технические характеристики</b></h5><ul data-start=\"663\" data-end=\"1086\"><li data-start=\"663\" data-end=\"740\"><p data-start=\"665\" data-end=\"740\"><strong data-start=\"665\" data-end=\"688\">Степень защиты IP54:&nbsp;</strong>надёжная защита от пыли и кратковременной влаги</p></li><li data-start=\"833\" data-end=\"953\"><p data-start=\"835\" data-end=\"953\"><b>Габариты:&nbsp;</b>245x245x120 мм</p></li><li data-start=\"741\" data-end=\"832\"><p data-start=\"743\" data-end=\"832\"><strong data-start=\"743\" data-end=\"758\">Вместимость</strong>:<br data-start=\"759\" data-end=\"762\">— до 8 розеток формата 45×45 мм<br data-start=\"795\" data-end=\"798\">— или до 16 модулей 22.5×45 мм</p></li><li data-start=\"833\" data-end=\"953\"><p data-start=\"835\" data-end=\"953\"><strong data-start=\"835\" data-end=\"856\">Варианты поставки</strong>:<br data-start=\"857\" data-end=\"860\">— с предустановленными розетками 220 В<br data-start=\"900\" data-end=\"903\">— без комплектации — для индивидуальной сборки</p></li><li data-start=\"954\" data-end=\"1086\"><p data-start=\"956\" data-end=\"1086\"><strong data-start=\"956\" data-end=\"973\">Совместимость</strong>:<br data-start=\"974\" data-end=\"977\">— модули 220 В, RJ45, ТВ и другие стандартные подключения<br data-start=\"1036\" data-end=\"1039\">— одна стандартная розетка 220 В = два модуля</p></li></ul><h5 style=\"font-family: &quot;Open Sans&quot;, sans-serif; color: rgb(0, 0, 0);\"><b>Преимущества</b></h5><ul data-start=\"1111\" data-end=\"1389\"><li data-start=\"1111\" data-end=\"1153\"><p data-start=\"1113\" data-end=\"1153\">Изменяемая глубина установки лючка —<strong>&nbsp;до 20 мм&nbsp;</strong>(регулируемая высота)</p></li><li data-start=\"1154\" data-end=\"1218\"><p data-start=\"1156\" data-end=\"1218\">Полная совместимость с модульными решениями типа&nbsp;<strong data-start=\"1205\" data-end=\"1216\">Mosaic®</strong></p></li><li data-start=\"1219\" data-end=\"1269\"><p data-start=\"1221\" data-end=\"1269\">Возможность изготовления под конкретные задачи</p></li><li data-start=\"1270\" data-end=\"1330\"><p data-start=\"1272\" data-end=\"1330\">Широкий выбор конфигураций — до&nbsp;<strong data-start=\"1304\" data-end=\"1328\">32 установочных мест</strong></p></li><li data-start=\"1331\" data-end=\"1389\"><p data-start=\"1333\" data-end=\"1389\">Идеально подходит для любых интерьеров и типов помещений</p></li></ul><p data-start=\"1174\" data-end=\"1217\"><strong data-start=\"1174\" data-end=\"1217\">Индивидуальные решения и оптовые заказы</strong></p><p data-start=\"1219\" data-end=\"1476\">Доступны напольные лючки с количеством установочных мест до 32 штук и предлагаем специальные условия при оптовых заказах. Чтобы получить персональное предложение или консультацию, свяжитесь с нами по почте&nbsp;<a href=\"mailto:sale@a-energ.ru\">sale@a-energ.ru</a>&nbsp;&nbsp;либо телефону +7 495 409-12-78&nbsp;</p>',1,'2026-01-30 05:55:45','2026-01-30 05:55:45'),(69,35,'ru','Напольный лючок на 16 модулей (8 розеток 45x45) IP54 System Power SP01-0116','','<p data-start=\"178\" data-end=\"389\"><strong data-start=\"178\" data-end=\"209\">Напольный лючок серии SP01-01</strong>&nbsp;— это удобное и безопасное решение для размещения электропроводки и слаботочных кабелей внутри помещений. Идеально подходит для жилых, офисных и коммерческих пространств. Корпус люка изготовлен из прочной стали и оснащён штампованными отверстиями под трубы диаметром M25. По запросу доступны варианты из алюминия или нержавеющей стали — под любые условия эксплуатации.</p><h5><b><br></b></h5><h5><b>Технические характеристики</b></h5><ul data-start=\"663\" data-end=\"1086\"><li data-start=\"663\" data-end=\"740\"><p data-start=\"665\" data-end=\"740\"><strong data-start=\"665\" data-end=\"688\">Степень защиты IP54:&nbsp;</strong>надёжная защита от пыли и кратковременной влаги</p></li><li data-start=\"741\" data-end=\"832\"><p data-start=\"743\" data-end=\"832\"><strong data-start=\"743\" data-end=\"758\">Вместимость</strong>:<br data-start=\"759\" data-end=\"762\">— до 8 розеток формата 45×45 мм<br data-start=\"795\" data-end=\"798\">— или до 16 модулей 22.5×45 мм</p></li><li data-start=\"833\" data-end=\"953\"><p data-start=\"835\" data-end=\"953\"><strong data-start=\"835\" data-end=\"856\">Варианты поставки</strong>:<br data-start=\"857\" data-end=\"860\">— с предустановленными розетками 220 В<br data-start=\"900\" data-end=\"903\">— без комплектации — для индивидуальной сборки</p></li><li data-start=\"954\" data-end=\"1086\"><p data-start=\"956\" data-end=\"1086\"><strong data-start=\"956\" data-end=\"973\">Совместимость</strong>:<br data-start=\"974\" data-end=\"977\">— модули 220 В, RJ45, ТВ и другие стандартные подключения<br data-start=\"1036\" data-end=\"1039\">— одна стандартная розетка 220 В = два модуля</p></li><li><strong data-start=\"956\" data-end=\"973\" style=\"font-size: 13px;\">Габариты</strong><span style=\"font-size: 13px;\">: 245</span><span class=\"OYPEnA font-feature-liga-off font-feature-clig-off font-feature-calt-off text-decoration-none text-strikethrough-none\" style=\"font-kerning: none;\">х245х120 мм</span><br></li></ul><h5><b>Преимущества</b></h5><ul data-start=\"1111\" data-end=\"1389\"><li data-start=\"1111\" data-end=\"1153\"><p data-start=\"1113\" data-end=\"1153\">Регулируемая высота лючка до&nbsp;<strong data-start=\"1142\" data-end=\"1151\">20 мм</strong></p></li><li data-start=\"1154\" data-end=\"1218\"><p data-start=\"1156\" data-end=\"1218\">Полная совместимость с модульными решениями типа&nbsp;<strong data-start=\"1205\" data-end=\"1216\">Mosaic®</strong></p></li><li data-start=\"1219\" data-end=\"1269\"><p data-start=\"1221\" data-end=\"1269\">Возможность изготовления под конкретные задачи</p></li><li data-start=\"1270\" data-end=\"1330\"><p data-start=\"1272\" data-end=\"1330\">Широкий выбор конфигураций — до&nbsp;<strong data-start=\"1304\" data-end=\"1328\">32 установочных мест</strong></p></li><li data-start=\"1331\" data-end=\"1389\"><p data-start=\"1333\" data-end=\"1389\">Идеально подходит для любых интерьеров и типов помещений</p></li></ul><p data-start=\"1174\" data-end=\"1217\"><strong data-start=\"1174\" data-end=\"1217\">Индивидуальные решения и оптовые заказы</strong></p><p data-start=\"1219\" data-end=\"1476\">Доступны напольные лючки с количеством установочных мест до 32 штук и предлагаем специальные условия при оптовых заказах. Чтобы получить персональное предложение или консультацию, свяжитесь с нами по почте&nbsp;<a href=\"mailto:sale@a-energ.ru\">sale@a-energ.ru</a>&nbsp;&nbsp;либо телефону +7 495 409-12-78&nbsp;</p>',1,'2026-01-30 05:55:45','2026-01-30 05:55:45'),(70,35,'en','Напольный лючок на 16 модулей (8 розеток 45x45) IP54 System Power SP01-0116','','<p data-start=\"178\" data-end=\"389\"><strong data-start=\"178\" data-end=\"209\">Напольный лючок серии SP01-01</strong>&nbsp;— это удобное и безопасное решение для размещения электропроводки и слаботочных кабелей внутри помещений. Идеально подходит для жилых, офисных и коммерческих пространств. Корпус люка изготовлен из прочной стали и оснащён штампованными отверстиями под трубы диаметром M25. По запросу доступны варианты из алюминия или нержавеющей стали — под любые условия эксплуатации.</p><h5><b><br></b></h5><h5><b>Технические характеристики</b></h5><ul data-start=\"663\" data-end=\"1086\"><li data-start=\"663\" data-end=\"740\"><p data-start=\"665\" data-end=\"740\"><strong data-start=\"665\" data-end=\"688\">Степень защиты IP54:&nbsp;</strong>надёжная защита от пыли и кратковременной влаги</p></li><li data-start=\"741\" data-end=\"832\"><p data-start=\"743\" data-end=\"832\"><strong data-start=\"743\" data-end=\"758\">Вместимость</strong>:<br data-start=\"759\" data-end=\"762\">— до 8 розеток формата 45×45 мм<br data-start=\"795\" data-end=\"798\">— или до 16 модулей 22.5×45 мм</p></li><li data-start=\"833\" data-end=\"953\"><p data-start=\"835\" data-end=\"953\"><strong data-start=\"835\" data-end=\"856\">Варианты поставки</strong>:<br data-start=\"857\" data-end=\"860\">— с предустановленными розетками 220 В<br data-start=\"900\" data-end=\"903\">— без комплектации — для индивидуальной сборки</p></li><li data-start=\"954\" data-end=\"1086\"><p data-start=\"956\" data-end=\"1086\"><strong data-start=\"956\" data-end=\"973\">Совместимость</strong>:<br data-start=\"974\" data-end=\"977\">— модули 220 В, RJ45, ТВ и другие стандартные подключения<br data-start=\"1036\" data-end=\"1039\">— одна стандартная розетка 220 В = два модуля</p></li><li><strong data-start=\"956\" data-end=\"973\" style=\"font-size: 13px;\">Габариты</strong><span style=\"font-size: 13px;\">: 245</span><span class=\"OYPEnA font-feature-liga-off font-feature-clig-off font-feature-calt-off text-decoration-none text-strikethrough-none\" style=\"font-kerning: none;\">х245х120 мм</span><br></li></ul><h5><b>Преимущества</b></h5><ul data-start=\"1111\" data-end=\"1389\"><li data-start=\"1111\" data-end=\"1153\"><p data-start=\"1113\" data-end=\"1153\">Регулируемая высота лючка до&nbsp;<strong data-start=\"1142\" data-end=\"1151\">20 мм</strong></p></li><li data-start=\"1154\" data-end=\"1218\"><p data-start=\"1156\" data-end=\"1218\">Полная совместимость с модульными решениями типа&nbsp;<strong data-start=\"1205\" data-end=\"1216\">Mosaic®</strong></p></li><li data-start=\"1219\" data-end=\"1269\"><p data-start=\"1221\" data-end=\"1269\">Возможность изготовления под конкретные задачи</p></li><li data-start=\"1270\" data-end=\"1330\"><p data-start=\"1272\" data-end=\"1330\">Широкий выбор конфигураций — до&nbsp;<strong data-start=\"1304\" data-end=\"1328\">32 установочных мест</strong></p></li><li data-start=\"1331\" data-end=\"1389\"><p data-start=\"1333\" data-end=\"1389\">Идеально подходит для любых интерьеров и типов помещений</p></li></ul><p data-start=\"1174\" data-end=\"1217\"><strong data-start=\"1174\" data-end=\"1217\">Индивидуальные решения и оптовые заказы</strong></p><p data-start=\"1219\" data-end=\"1476\">Доступны напольные лючки с количеством установочных мест до 32 штук и предлагаем специальные условия при оптовых заказах. Чтобы получить персональное предложение или консультацию, свяжитесь с нами по почте&nbsp;<a href=\"mailto:sale@a-energ.ru\">sale@a-energ.ru</a>&nbsp;&nbsp;либо телефону +7 495 409-12-78&nbsp;</p>',1,'2026-01-30 05:55:45','2026-01-30 05:55:45'),(71,36,'ru','Щит механизации РУСП 100А 6х1P+N+PE 16A, 2x3P+N+PE 32A IР54 SP02-100602 System Power','','<p data-start=\"51\" data-end=\"165\"></p><h2><strong data-start=\"101\" data-end=\"124\" style=\"font-family: inherit;\"><span style=\"font-size: 14px;\">Также известен как:</span></strong><span style=\"font-family: inherit; font-size: 14px;\">&nbsp;ЩМ РУСП 100 6х1П 2х3П IP54 (РУСП 1х16/6 3x32/2)</span></h2><br><p></p><p data-start=\"167\" data-end=\"550\">Щит механизации РУСП 100A — это специализированное распределительное электрощитовое оборудование, предназначенное для эффективного и безопасного распределения электрической энергии на строительных площадках и в производственных зонах. Он обеспечивает надежную защиту от коротких замыканий, утечек тока и перегрузок, гарантируя стабильную работу оборудования и безопасность персонала.</p><p data-start=\"552\" data-end=\"577\"><strong data-start=\"552\" data-end=\"577\">Технические параметры</strong></p><p data-start=\"579\" data-end=\"820\">Номинальный ток УЗО: 100 ампер<br data-start=\"609\" data-end=\"612\">Однополюсные розетки 220 вольт (1P N PE, 16 ампер): 6 штук<br data-start=\"670\" data-end=\"673\">Трехполюсные розетки 380 вольт (3P N PE, 32 ампера): 2 штуки<br data-start=\"733\" data-end=\"736\">Габариты: 570x460x260 мм<br data-start=\"760\" data-end=\"763\">Степень защиты корпуса: IP54, защита от пыли и брызг воды</p><p data-start=\"822\" data-end=\"836\"><strong data-start=\"822\" data-end=\"836\">Назначение</strong></p><p data-start=\"838\" data-end=\"1038\">Электроснабжение временных и постоянных строительных объектов<br data-start=\"899\" data-end=\"902\">Централизованное распределение нагрузки различной мощности<br data-start=\"960\" data-end=\"963\">Защита электрооборудования и обслуживающего персонала от аварийных ситуаций</p><p data-start=\"1040\" data-end=\"1069\"><strong data-start=\"1040\" data-end=\"1069\">Конструкция и особенности</strong></p><p data-start=\"1071\" data-end=\"1321\">Щит выполнен из прочных и износостойких материалов. Благодаря степени защиты IP54 его можно использовать как в помещениях, так и на открытых строительных площадках. Конструкция рассчитана на длительный срок службы в сложных эксплуатационных условиях.</p><p data-start=\"1323\" data-end=\"1344\"><strong data-start=\"1323\" data-end=\"1344\">Комплект поставки</strong></p><p data-start=\"1346\" data-end=\"1529\">Щит механизации РУСП 100А SP02 100602 — 1 штука<br data-start=\"1393\" data-end=\"1396\">Ключи от дверей — 2 штуки<br data-start=\"1421\" data-end=\"1424\">Паспорт изделия — 1 экземпляр<br data-start=\"1453\" data-end=\"1456\">Электрическая схема — 1 экземпляр<br data-start=\"1489\" data-end=\"1492\">Сертификат соответствия — 1 экземпляр</p><p data-start=\"1531\" data-end=\"1560\"><strong data-start=\"1531\" data-end=\"1560\">Дополнительная информация</strong></p><p data-start=\"1562\" data-end=\"1775\">Изделие может быть изготовлено по индивидуальным техническим заданиям. Возможна адаптация конфигурации розеток, систем защиты и других параметров. Для оптовых заказчиков предусмотрены специальные условия и скидки.</p><p data-start=\"1777\" data-end=\"1800\"><strong data-start=\"1777\" data-end=\"1800\">Контакты для заказа</strong></p><p data-start=\"1802\" data-end=\"1836\" data-is-last-node=\"\" data-is-only-node=\"\">Электронная почта:&nbsp;<a data-start=\"1821\" data-end=\"1836\" data-is-last-node=\"\" class=\"cursor-pointer\" rel=\"noopener\">sale@a-energ.ru</a></p><p></p>',1,'2026-01-30 05:55:45','2026-01-30 05:55:45'),(72,36,'en','Щит механизации РУСП 100А 6х1P+N+PE 16A, 2x3P+N+PE 32A IР54 SP02-100602 System Power','','<p data-start=\"51\" data-end=\"165\"></p><h2><strong data-start=\"101\" data-end=\"124\" style=\"font-family: inherit;\"><span style=\"font-size: 14px;\">Также известен как:</span></strong><span style=\"font-family: inherit; font-size: 14px;\">&nbsp;ЩМ РУСП 100 6х1П 2х3П IP54 (РУСП 1х16/6 3x32/2)</span></h2><br><p></p><p data-start=\"167\" data-end=\"550\">Щит механизации РУСП 100A — это специализированное распределительное электрощитовое оборудование, предназначенное для эффективного и безопасного распределения электрической энергии на строительных площадках и в производственных зонах. Он обеспечивает надежную защиту от коротких замыканий, утечек тока и перегрузок, гарантируя стабильную работу оборудования и безопасность персонала.</p><p data-start=\"552\" data-end=\"577\"><strong data-start=\"552\" data-end=\"577\">Технические параметры</strong></p><p data-start=\"579\" data-end=\"820\">Номинальный ток УЗО: 100 ампер<br data-start=\"609\" data-end=\"612\">Однополюсные розетки 220 вольт (1P N PE, 16 ампер): 6 штук<br data-start=\"670\" data-end=\"673\">Трехполюсные розетки 380 вольт (3P N PE, 32 ампера): 2 штуки<br data-start=\"733\" data-end=\"736\">Габариты: 570x460x260 мм<br data-start=\"760\" data-end=\"763\">Степень защиты корпуса: IP54, защита от пыли и брызг воды</p><p data-start=\"822\" data-end=\"836\"><strong data-start=\"822\" data-end=\"836\">Назначение</strong></p><p data-start=\"838\" data-end=\"1038\">Электроснабжение временных и постоянных строительных объектов<br data-start=\"899\" data-end=\"902\">Централизованное распределение нагрузки различной мощности<br data-start=\"960\" data-end=\"963\">Защита электрооборудования и обслуживающего персонала от аварийных ситуаций</p><p data-start=\"1040\" data-end=\"1069\"><strong data-start=\"1040\" data-end=\"1069\">Конструкция и особенности</strong></p><p data-start=\"1071\" data-end=\"1321\">Щит выполнен из прочных и износостойких материалов. Благодаря степени защиты IP54 его можно использовать как в помещениях, так и на открытых строительных площадках. Конструкция рассчитана на длительный срок службы в сложных эксплуатационных условиях.</p><p data-start=\"1323\" data-end=\"1344\"><strong data-start=\"1323\" data-end=\"1344\">Комплект поставки</strong></p><p data-start=\"1346\" data-end=\"1529\">Щит механизации РУСП 100А SP02 100602 — 1 штука<br data-start=\"1393\" data-end=\"1396\">Ключи от дверей — 2 штуки<br data-start=\"1421\" data-end=\"1424\">Паспорт изделия — 1 экземпляр<br data-start=\"1453\" data-end=\"1456\">Электрическая схема — 1 экземпляр<br data-start=\"1489\" data-end=\"1492\">Сертификат соответствия — 1 экземпляр</p><p data-start=\"1531\" data-end=\"1560\"><strong data-start=\"1531\" data-end=\"1560\">Дополнительная информация</strong></p><p data-start=\"1562\" data-end=\"1775\">Изделие может быть изготовлено по индивидуальным техническим заданиям. Возможна адаптация конфигурации розеток, систем защиты и других параметров. Для оптовых заказчиков предусмотрены специальные условия и скидки.</p><p data-start=\"1777\" data-end=\"1800\"><strong data-start=\"1777\" data-end=\"1800\">Контакты для заказа</strong></p><p data-start=\"1802\" data-end=\"1836\" data-is-last-node=\"\" data-is-only-node=\"\">Электронная почта:&nbsp;<a data-start=\"1821\" data-end=\"1836\" data-is-last-node=\"\" class=\"cursor-pointer\" rel=\"noopener\">sale@a-energ.ru</a></p><p></p>',1,'2026-01-30 05:55:45','2026-01-30 05:55:45');
/*!40000 ALTER TABLE `product_i18n` ENABLE KEYS */;
UNLOCK TABLES;

--
-- Table structure for table `product_media`
--

DROP TABLE IF EXISTS `product_media`;
/*!40101 SET @saved_cs_client     = @@character_set_client */;
/*!50503 SET character_set_client = utf8mb4 */;
CREATE TABLE `product_media` (
  `id` int NOT NULL AUTO_INCREMENT,
  `product_id` int NOT NULL,
  `media_id` int NOT NULL,
  `sort_order` int NOT NULL DEFAULT '0',
  `is_primary` tinyint(1) NOT NULL DEFAULT '0',
  PRIMARY KEY (`id`),
  KEY `idx_product_media` (`product_id`),
  KEY `fk_product_media_media` (`media_id`),
  CONSTRAINT `fk_product_media_media` FOREIGN KEY (`media_id`) REFERENCES `media` (`id`) ON DELETE CASCADE,
  CONSTRAINT `fk_product_media_product` FOREIGN KEY (`product_id`) REFERENCES `products` (`id`) ON DELETE CASCADE
) ENGINE=InnoDB AUTO_INCREMENT=59 DEFAULT CHARSET=utf8mb4 COLLATE=utf8mb4_unicode_ci;
/*!40101 SET character_set_client = @saved_cs_client */;

--
-- Dumping data for table `product_media`
--

LOCK TABLES `product_media` WRITE;
/*!40000 ALTER TABLE `product_media` DISABLE KEYS */;
INSERT INTO `product_media` VALUES (1,2,4,0,1),(2,2,5,1,0),(3,4,6,0,1),(4,4,7,1,0),(5,5,8,0,1),(6,5,9,1,0),(7,8,10,0,1),(8,8,11,1,0),(9,9,12,0,1),(10,9,13,1,0),(11,10,14,0,1),(12,10,15,1,0),(13,11,16,0,1),(14,11,17,1,0),(15,12,18,0,1),(16,12,19,1,0),(17,13,20,0,1),(18,14,21,0,1),(19,14,22,1,0),(20,15,23,0,1),(21,16,24,0,1),(22,16,25,1,0),(23,17,26,0,1),(24,17,27,1,0),(25,18,28,0,1),(26,19,29,0,1),(27,19,30,1,0),(28,20,31,0,1),(29,21,32,0,1),(30,22,33,0,1),(31,22,34,1,0),(32,22,35,2,0),(33,23,36,0,1),(34,24,37,0,1),(35,25,38,0,1),(36,26,39,0,1),(37,27,40,0,1),(38,28,41,0,1),(39,29,42,0,1),(40,29,43,1,0),(41,29,44,2,0),(42,30,45,0,1),(43,31,46,0,1),(44,31,47,1,0),(45,31,48,2,0),(46,31,49,3,0),(47,31,50,4,0),(48,31,51,5,0),(49,32,52,0,1),(50,33,53,0,1),(51,33,54,1,0),(52,34,55,0,1),(53,34,56,1,0),(54,35,57,0,1),(55,35,58,1,0),(56,36,59,0,1),(57,36,60,1,0),(58,36,61,2,0);
/*!40000 ALTER TABLE `product_media` ENABLE KEYS */;
UNLOCK TABLES;

--
-- Table structure for table `product_specs`
--

DROP TABLE IF EXISTS `product_specs`;
/*!40101 SET @saved_cs_client     = @@character_set_client */;
/*!50503 SET character_set_client = utf8mb4 */;
CREATE TABLE `product_specs` (
  `id` int NOT NULL AUTO_INCREMENT,
  `product_id` int NOT NULL,
  `spec_key` varchar(120) COLLATE utf8mb4_unicode_ci NOT NULL,
  `sort_order` int NOT NULL DEFAULT '0',
  PRIMARY KEY (`id`),
  KEY `idx_product` (`product_id`),
  CONSTRAINT `fk_product_specs` FOREIGN KEY (`product_id`) REFERENCES `products` (`id`) ON DELETE CASCADE
) ENGINE=InnoDB AUTO_INCREMENT=149 DEFAULT CHARSET=utf8mb4 COLLATE=utf8mb4_unicode_ci;
/*!40101 SET character_set_client = @saved_cs_client */;

--
-- Dumping data for table `product_specs`
--

LOCK TABLES `product_specs` WRITE;
/*!40000 ALTER TABLE `product_specs` DISABLE KEYS */;
INSERT INTO `product_specs` VALUES (1,1,'item',0),(2,1,'item',1),(3,2,'item',0),(4,2,'item',1),(5,3,'item',0),(6,3,'item',1),(7,4,'item',0),(8,4,'item',1),(9,5,'item',0),(10,5,'item',1),(11,6,'item',0),(12,6,'item',1),(13,7,'item',0),(14,7,'item',1),(15,11,'item',0),(16,11,'item',1),(17,12,'item',0),(18,12,'item',1),(19,13,'item',0),(20,13,'item',1),(21,14,'item',0),(22,14,'item',1),(23,15,'item',0),(24,15,'item',1),(25,16,'item',0),(26,16,'item',1),(27,17,'item',0),(28,17,'item',1),(29,18,'item',0),(30,18,'item',1),(31,19,'item',0),(32,19,'item',1),(33,20,'item',0),(34,20,'item',1),(35,21,'item',0),(36,21,'item',1),(37,21,'item',2),(38,21,'item',3),(39,21,'item',4),(40,21,'ip',5),(41,21,'item',6),(42,21,'1-n-16',7),(43,21,'3-n-32',8),(44,22,'item',0),(45,22,'item',1),(46,22,'item',2),(47,22,'item',3),(48,22,'item',4),(49,22,'ip',5),(50,22,'item',6),(51,22,'1-n-16',7),(52,22,'3-n-32',8),(53,23,'item',0),(54,23,'item',1),(55,23,'item',2),(56,23,'item',3),(57,23,'item',4),(58,23,'ip',5),(59,23,'item',6),(60,23,'1-n-16',7),(61,23,'3-n-32',8),(62,24,'item',0),(63,24,'item',1),(64,24,'item',2),(65,24,'item',3),(66,24,'item',4),(67,24,'ip',5),(68,24,'item',6),(69,24,'1-n-16',7),(70,24,'3-n-32',8),(71,25,'item',0),(72,25,'item',1),(73,25,'item',2),(74,25,'item',3),(75,25,'item',4),(76,25,'ip',5),(77,25,'item',6),(78,25,'1-n-16',7),(79,25,'3-n-32',8),(80,26,'item',0),(81,26,'item',1),(82,26,'item',2),(83,26,'item',3),(84,26,'item',4),(85,26,'ip',5),(86,26,'item',6),(87,26,'1-n-16',7),(88,26,'3-n-32',8),(89,27,'item',0),(90,27,'item',1),(91,27,'item',2),(92,27,'item',3),(93,27,'item',4),(94,27,'ip',5),(95,27,'item',6),(96,27,'1-n-16',7),(97,27,'3-n-32',8),(98,28,'item',0),(99,28,'item',1),(100,28,'item',2),(101,28,'item',3),(102,28,'item',4),(103,28,'ip',5),(104,28,'item',6),(105,28,'1-n-16',7),(106,28,'3-n-32',8),(107,29,'item',0),(108,29,'item',1),(109,29,'item',2),(110,29,'item',3),(111,29,'item',4),(112,29,'ip',5),(113,29,'item',6),(114,29,'1-n-16',7),(115,29,'3-n-32',8),(116,30,'item',0),(117,30,'item',1),(118,30,'item',2),(119,30,'item',3),(120,30,'item',4),(121,30,'ip',5),(122,30,'item',6),(123,30,'1-n-16',7),(124,30,'3-n-32',8),(125,31,'item',0),(126,31,'item',1),(127,31,'item',2),(128,31,'ip',3),(129,31,'1-n-16',4),(130,31,'3-n-32',5),(131,31,'3-n-16',6),(132,32,'ip',0),(133,32,'1-n-16',1),(134,32,'3-n-32',2),(135,33,'ip',0),(136,33,'1-n-16',1),(137,33,'3-n-32',2),(138,35,'item',0),(139,35,'item',1),(140,36,'item',0),(141,36,'item',1),(142,36,'item',2),(143,36,'item',3),(144,36,'item',4),(145,36,'ip',5),(146,36,'item',6),(147,36,'1-n-16',7),(148,36,'3-n-32',8);
/*!40000 ALTER TABLE `product_specs` ENABLE KEYS */;
UNLOCK TABLES;

--
-- Table structure for table `product_specs_i18n`
--

DROP TABLE IF EXISTS `product_specs_i18n`;
/*!40101 SET @saved_cs_client     = @@character_set_client */;
/*!50503 SET character_set_client = utf8mb4 */;
CREATE TABLE `product_specs_i18n` (
  `id` int NOT NULL AUTO_INCREMENT,
  `product_spec_id` int NOT NULL,
  `locale` enum('ru','en') COLLATE utf8mb4_unicode_ci NOT NULL,
  `name` varchar(255) COLLATE utf8mb4_unicode_ci NOT NULL,
  `value` varchar(255) COLLATE utf8mb4_unicode_ci NOT NULL,
  PRIMARY KEY (`id`),
  UNIQUE KEY `uniq_spec_locale` (`product_spec_id`,`locale`),
  CONSTRAINT `fk_product_specs_i18n` FOREIGN KEY (`product_spec_id`) REFERENCES `product_specs` (`id`) ON DELETE CASCADE
) ENGINE=InnoDB AUTO_INCREMENT=297 DEFAULT CHARSET=utf8mb4 COLLATE=utf8mb4_unicode_ci;
/*!40101 SET character_set_client = @saved_cs_client */;

--
-- Dumping data for table `product_specs_i18n`
--

LOCK TABLES `product_specs_i18n` WRITE;
/*!40000 ALTER TABLE `product_specs_i18n` DISABLE KEYS */;
INSERT INTO `product_specs_i18n` VALUES (1,1,'ru','Тип электрики','Щитовое и электромонтажное оборудование'),(2,1,'en','Тип электрики','Щитовое и электромонтажное оборудование'),(3,2,'ru','Тип щитового и электромонтажного оборудования','Кабель каналы'),(4,2,'en','Тип щитового и электромонтажного оборудования','Кабель каналы'),(5,3,'ru','Тип электрики','Щитовое и электромонтажное оборудование'),(6,3,'en','Тип электрики','Щитовое и электромонтажное оборудование'),(7,4,'ru','Тип щитового и электромонтажного оборудования','Кабель каналы'),(8,4,'en','Тип щитового и электромонтажного оборудования','Кабель каналы'),(9,5,'ru','Тип электрики','Щитовое и электромонтажное оборудование'),(10,5,'en','Тип электрики','Щитовое и электромонтажное оборудование'),(11,6,'ru','Тип щитового и электромонтажного оборудования','Кабель каналы'),(12,6,'en','Тип щитового и электромонтажного оборудования','Кабель каналы'),(13,7,'ru','Тип электрики','Щитовое и электромонтажное оборудование'),(14,7,'en','Тип электрики','Щитовое и электромонтажное оборудование'),(15,8,'ru','Тип щитового и электромонтажного оборудования','Кабель каналы'),(16,8,'en','Тип щитового и электромонтажного оборудования','Кабель каналы'),(17,9,'ru','Тип электрики','Щитовое и электромонтажное оборудование'),(18,9,'en','Тип электрики','Щитовое и электромонтажное оборудование'),(19,10,'ru','Тип щитового и электромонтажного оборудования','Кабель каналы'),(20,10,'en','Тип щитового и электромонтажного оборудования','Кабель каналы'),(21,11,'ru','Тип электрики','Щитовое и электромонтажное оборудование'),(22,11,'en','Тип электрики','Щитовое и электромонтажное оборудование'),(23,12,'ru','Тип щитового и электромонтажного оборудования','Кабель каналы'),(24,12,'en','Тип щитового и электромонтажного оборудования','Кабель каналы'),(25,13,'ru','Тип электрики','Щитовое и электромонтажное оборудование'),(26,13,'en','Тип электрики','Щитовое и электромонтажное оборудование'),(27,14,'ru','Тип щитового и электромонтажного оборудования','Кабель каналы'),(28,14,'en','Тип щитового и электромонтажного оборудования','Кабель каналы'),(29,15,'ru','Тип электрики','Щитовое и электромонтажное оборудование'),(30,15,'en','Тип электрики','Щитовое и электромонтажное оборудование'),(31,16,'ru','Тип щитового и электромонтажного оборудования','Кабель каналы'),(32,16,'en','Тип щитового и электромонтажного оборудования','Кабель каналы'),(33,17,'ru','Тип электрики','Щитовое и электромонтажное оборудование'),(34,17,'en','Тип электрики','Щитовое и электромонтажное оборудование'),(35,18,'ru','Тип щитового и электромонтажного оборудования','Кабель каналы'),(36,18,'en','Тип щитового и электромонтажного оборудования','Кабель каналы'),(37,19,'ru','Тип электрики','Щитовое и электромонтажное оборудование'),(38,19,'en','Тип электрики','Щитовое и электромонтажное оборудование'),(39,20,'ru','Тип щитового и электромонтажного оборудования','Кабель каналы'),(40,20,'en','Тип щитового и электромонтажного оборудования','Кабель каналы'),(41,21,'ru','Тип электрики','Щитовое и электромонтажное оборудование'),(42,21,'en','Тип электрики','Щитовое и электромонтажное оборудование'),(43,22,'ru','Тип щитового и электромонтажного оборудования','Кабель каналы'),(44,22,'en','Тип щитового и электромонтажного оборудования','Кабель каналы'),(45,23,'ru','Тип электрики','Щитовое и электромонтажное оборудование'),(46,23,'en','Тип электрики','Щитовое и электромонтажное оборудование'),(47,24,'ru','Тип щитового и электромонтажного оборудования','Кабель каналы'),(48,24,'en','Тип щитового и электромонтажного оборудования','Кабель каналы'),(49,25,'ru','Тип электрики','Щитовое и электромонтажное оборудование'),(50,25,'en','Тип электрики','Щитовое и электромонтажное оборудование'),(51,26,'ru','Тип щитового и электромонтажного оборудования','Кабель каналы'),(52,26,'en','Тип щитового и электромонтажного оборудования','Кабель каналы'),(53,27,'ru','Тип электрики','Щитовое и электромонтажное оборудование'),(54,27,'en','Тип электрики','Щитовое и электромонтажное оборудование'),(55,28,'ru','Тип щитового и электромонтажного оборудования','Кабель каналы'),(56,28,'en','Тип щитового и электромонтажного оборудования','Кабель каналы'),(57,29,'ru','Тип электрики','Щитовое и электромонтажное оборудование'),(58,29,'en','Тип электрики','Щитовое и электромонтажное оборудование'),(59,30,'ru','Тип щитового и электромонтажного оборудования','Кабель каналы'),(60,30,'en','Тип щитового и электромонтажного оборудования','Кабель каналы'),(61,31,'ru','Тип электрики','Щитовое и электромонтажное оборудование'),(62,31,'en','Тип электрики','Щитовое и электромонтажное оборудование'),(63,32,'ru','Тип щитового и электромонтажного оборудования','Кабель каналы'),(64,32,'en','Тип щитового и электромонтажного оборудования','Кабель каналы'),(65,33,'ru','Тип электрики','Щитовое и электромонтажное оборудование'),(66,33,'en','Тип электрики','Щитовое и электромонтажное оборудование'),(67,34,'ru','Тип щитового и электромонтажного оборудования','Кабель каналы'),(68,34,'en','Тип щитового и электромонтажного оборудования','Кабель каналы'),(69,35,'ru','Ширина','460'),(70,35,'en','Ширина','460'),(71,36,'ru','Высота','570'),(72,36,'en','Высота','570'),(73,37,'ru','Глубина','260'),(74,37,'en','Глубина','260'),(75,38,'ru','Номинальный ток','50А'),(76,38,'en','Номинальный ток','50А'),(77,39,'ru','Материал','Сталь'),(78,39,'en','Материал','Сталь'),(79,40,'ru','Степень защиты (IP)','IP54'),(80,40,'en','Степень защиты (IP)','IP54'),(81,41,'ru','Цвет','Серый'),(82,41,'en','Цвет','Серый'),(83,42,'ru','Количество однополюсных розеток (1Р+N+РЕ 16А)','3'),(84,42,'en','Количество однополюсных розеток (1Р+N+РЕ 16А)','3'),(85,43,'ru','Количество трехполюсных розеток (3Р+N+РЕ 32А)','3'),(86,43,'en','Количество трехполюсных розеток (3Р+N+РЕ 32А)','3'),(87,44,'ru','Ширина','460'),(88,44,'en','Ширина','460'),(89,45,'ru','Высота','570'),(90,45,'en','Высота','570'),(91,46,'ru','Глубина','260'),(92,46,'en','Глубина','260'),(93,47,'ru','Номинальный ток','50А'),(94,47,'en','Номинальный ток','50А'),(95,48,'ru','Материал','Сталь'),(96,48,'en','Материал','Сталь'),(97,49,'ru','Степень защиты (IP)','IP54'),(98,49,'en','Степень защиты (IP)','IP54'),(99,50,'ru','Цвет','Серый'),(100,50,'en','Цвет','Серый'),(101,51,'ru','Количество однополюсных розеток (1Р+N+РЕ 16А)','3'),(102,51,'en','Количество однополюсных розеток (1Р+N+РЕ 16А)','3'),(103,52,'ru','Количество трехполюсных розеток (3Р+N+РЕ 32А)','1'),(104,52,'en','Количество трехполюсных розеток (3Р+N+РЕ 32А)','1'),(105,53,'ru','Ширина','460'),(106,53,'en','Ширина','460'),(107,54,'ru','Высота','570'),(108,54,'en','Высота','570'),(109,55,'ru','Глубина','260'),(110,55,'en','Глубина','260'),(111,56,'ru','Номинальный ток','50А'),(112,56,'en','Номинальный ток','50А'),(113,57,'ru','Материал','Сталь'),(114,57,'en','Материал','Сталь'),(115,58,'ru','Степень защиты (IP)','IP54'),(116,58,'en','Степень защиты (IP)','IP54'),(117,59,'ru','Цвет','Серый'),(118,59,'en','Цвет','Серый'),(119,60,'ru','Количество однополюсных розеток (1Р+N+РЕ 16А)','3'),(120,60,'en','Количество однополюсных розеток (1Р+N+РЕ 16А)','3'),(121,61,'ru','Количество трехполюсных розеток (3Р+N+РЕ 32А)','2'),(122,61,'en','Количество трехполюсных розеток (3Р+N+РЕ 32А)','2'),(123,62,'ru','Ширина','460'),(124,62,'en','Ширина','460'),(125,63,'ru','Высота','570'),(126,63,'en','Высота','570'),(127,64,'ru','Глубина','260'),(128,64,'en','Глубина','260'),(129,65,'ru','Номинальный ток','63А'),(130,65,'en','Номинальный ток','63А'),(131,66,'ru','Материал','Сталь'),(132,66,'en','Материал','Сталь'),(133,67,'ru','Степень защиты (IP)','IP54'),(134,67,'en','Степень защиты (IP)','IP54'),(135,68,'ru','Цвет','Серый'),(136,68,'en','Цвет','Серый'),(137,69,'ru','Количество однополюсных розеток (1Р+N+РЕ 16А)','4'),(138,69,'en','Количество однополюсных розеток (1Р+N+РЕ 16А)','4'),(139,70,'ru','Количество трехполюсных розеток (3Р+N+РЕ 32А)','3'),(140,70,'en','Количество трехполюсных розеток (3Р+N+РЕ 32А)','3'),(141,71,'ru','Ширина','460'),(142,71,'en','Ширина','460'),(143,72,'ru','Высота','570'),(144,72,'en','Высота','570'),(145,73,'ru','Глубина','260'),(146,73,'en','Глубина','260'),(147,74,'ru','Номинальный ток','63А'),(148,74,'en','Номинальный ток','63А'),(149,75,'ru','Материал','Сталь'),(150,75,'en','Материал','Сталь'),(151,76,'ru','Степень защиты (IP)','IP54'),(152,76,'en','Степень защиты (IP)','IP54'),(153,77,'ru','Цвет','Серый'),(154,77,'en','Цвет','Серый'),(155,78,'ru','Количество однополюсных розеток (1Р+N+РЕ 16А)','4'),(156,78,'en','Количество однополюсных розеток (1Р+N+РЕ 16А)','4'),(157,79,'ru','Количество трехполюсных розеток (3Р+N+РЕ 32А)','1'),(158,79,'en','Количество трехполюсных розеток (3Р+N+РЕ 32А)','1'),(159,80,'ru','Ширина','460'),(160,80,'en','Ширина','460'),(161,81,'ru','Высота','570'),(162,81,'en','Высота','570'),(163,82,'ru','Глубина','260'),(164,82,'en','Глубина','260'),(165,83,'ru','Номинальный ток','63А'),(166,83,'en','Номинальный ток','63А'),(167,84,'ru','Материал','Сталь'),(168,84,'en','Материал','Сталь'),(169,85,'ru','Степень защиты (IP)','IP54'),(170,85,'en','Степень защиты (IP)','IP54'),(171,86,'ru','Цвет','Серый'),(172,86,'en','Цвет','Серый'),(173,87,'ru','Количество однополюсных розеток (1Р+N+РЕ 16А)','4'),(174,87,'en','Количество однополюсных розеток (1Р+N+РЕ 16А)','4'),(175,88,'ru','Количество трехполюсных розеток (3Р+N+РЕ 32А)','2'),(176,88,'en','Количество трехполюсных розеток (3Р+N+РЕ 32А)','2'),(177,89,'ru','Ширина','460'),(178,89,'en','Ширина','460'),(179,90,'ru','Высота','570'),(180,90,'en','Высота','570'),(181,91,'ru','Глубина','260'),(182,91,'en','Глубина','260'),(183,92,'ru','Номинальный ток','63'),(184,92,'en','Номинальный ток','63'),(185,93,'ru','Материал','Сталь'),(186,93,'en','Материал','Сталь'),(187,94,'ru','Степень защиты (IP)','IP54'),(188,94,'en','Степень защиты (IP)','IP54'),(189,95,'ru','Цвет','Серый'),(190,95,'en','Цвет','Серый'),(191,96,'ru','Количество однополюсных розеток (1Р+N+РЕ 16А)','4'),(192,96,'en','Количество однополюсных розеток (1Р+N+РЕ 16А)','4'),(193,97,'ru','Количество трехполюсных розеток (3Р+N+РЕ 32А)','4'),(194,97,'en','Количество трехполюсных розеток (3Р+N+РЕ 32А)','4'),(195,98,'ru','Ширина','460'),(196,98,'en','Ширина','460'),(197,99,'ru','Высота','570'),(198,99,'en','Высота','570'),(199,100,'ru','Глубина','260'),(200,100,'en','Глубина','260'),(201,101,'ru','Номинальный ток','100А'),(202,101,'en','Номинальный ток','100А'),(203,102,'ru','Материал','Сталь'),(204,102,'en','Материал','Сталь'),(205,103,'ru','Степень защиты (IP)','IP54'),(206,103,'en','Степень защиты (IP)','IP54'),(207,104,'ru','Цвет','Серый'),(208,104,'en','Цвет','Серый'),(209,105,'ru','Количество однополюсных розеток (1Р+N+РЕ 16А)','6'),(210,105,'en','Количество однополюсных розеток (1Р+N+РЕ 16А)','6'),(211,106,'ru','Количество трехполюсных розеток (3Р+N+РЕ 32А)','2'),(212,106,'en','Количество трехполюсных розеток (3Р+N+РЕ 32А)','2'),(213,107,'ru','Ширина','460'),(214,107,'en','Ширина','460'),(215,108,'ru','Высота','570'),(216,108,'en','Высота','570'),(217,109,'ru','Глубина','260'),(218,109,'en','Глубина','260'),(219,110,'ru','Номинальный ток','100А'),(220,110,'en','Номинальный ток','100А'),(221,111,'ru','Материал','Сталь'),(222,111,'en','Материал','Сталь'),(223,112,'ru','Степень защиты (IP)','IP54'),(224,112,'en','Степень защиты (IP)','IP54'),(225,113,'ru','Цвет','Серый'),(226,113,'en','Цвет','Серый'),(227,114,'ru','Количество однополюсных розеток (1Р+N+РЕ 16А)','6'),(228,114,'en','Количество однополюсных розеток (1Р+N+РЕ 16А)','6'),(229,115,'ru','Количество трехполюсных розеток (3Р+N+РЕ 32А)','3'),(230,115,'en','Количество трехполюсных розеток (3Р+N+РЕ 32А)','3'),(231,116,'ru','Ширина','460'),(232,116,'en','Ширина','460'),(233,117,'ru','Высота','570'),(234,117,'en','Высота','570'),(235,118,'ru','Глубина','260'),(236,118,'en','Глубина','260'),(237,119,'ru','Номинальный ток','100А'),(238,119,'en','Номинальный ток','100А'),(239,120,'ru','Материал','Сталь'),(240,120,'en','Материал','Сталь'),(241,121,'ru','Степень защиты (IP)','IP54'),(242,121,'en','Степень защиты (IP)','IP54'),(243,122,'ru','Цвет','Серый'),(244,122,'en','Цвет','Серый'),(245,123,'ru','Количество однополюсных розеток (1Р+N+РЕ 16А)','6'),(246,123,'en','Количество однополюсных розеток (1Р+N+РЕ 16А)','6'),(247,124,'ru','Количество трехполюсных розеток (3Р+N+РЕ 32А)','4'),(248,124,'en','Количество трехполюсных розеток (3Р+N+РЕ 32А)','4'),(249,125,'ru','Ширина','460'),(250,125,'en','Ширина','460'),(251,126,'ru','Высота','570'),(252,126,'en','Высота','570'),(253,127,'ru','Глубина','260'),(254,127,'en','Глубина','260'),(255,128,'ru','Степень защиты (IP)','IP54'),(256,128,'en','Степень защиты (IP)','IP54'),(257,129,'ru','Количество однополюсных розеток (1Р+N+РЕ 16А)','6'),(258,129,'en','Количество однополюсных розеток (1Р+N+РЕ 16А)','6'),(259,130,'ru','Количество трехполюсных розеток (3Р+N+РЕ 32А)','1'),(260,130,'en','Количество трехполюсных розеток (3Р+N+РЕ 32А)','1'),(261,131,'ru','Количество однополюсных розеток (3Р+N+РЕ 16А)','1'),(262,131,'en','Количество однополюсных розеток (3Р+N+РЕ 16А)','1'),(263,132,'ru','Степень защиты (IP)','IP54'),(264,132,'en','Степень защиты (IP)','IP54'),(265,133,'ru','Количество однополюсных розеток (1Р+N+РЕ 16А)','4'),(266,133,'en','Количество однополюсных розеток (1Р+N+РЕ 16А)','4'),(267,134,'ru','Количество трехполюсных розеток (3Р+N+РЕ 32А)','3'),(268,134,'en','Количество трехполюсных розеток (3Р+N+РЕ 32А)','3'),(269,135,'ru','Степень защиты (IP)','IP54'),(270,135,'en','Степень защиты (IP)','IP54'),(271,136,'ru','Количество однополюсных розеток (1Р+N+РЕ 16А)','6'),(272,136,'en','Количество однополюсных розеток (1Р+N+РЕ 16А)','6'),(273,137,'ru','Количество трехполюсных розеток (3Р+N+РЕ 32А)','2'),(274,137,'en','Количество трехполюсных розеток (3Р+N+РЕ 32А)','2'),(275,138,'ru','Тип электрики','Щитовое и электромонтажное оборудование'),(276,138,'en','Тип электрики','Щитовое и электромонтажное оборудование'),(277,139,'ru','Тип щитового и электромонтажного оборудования','Кабель каналы'),(278,139,'en','Тип щитового и электромонтажного оборудования','Кабель каналы'),(279,140,'ru','Ширина','460'),(280,140,'en','Ширина','460'),(281,141,'ru','Высота','570'),(282,141,'en','Высота','570'),(283,142,'ru','Глубина','260'),(284,142,'en','Глубина','260'),(285,143,'ru','Номинальный ток','100А'),(286,143,'en','Номинальный ток','100А'),(287,144,'ru','Материал','Сталь'),(288,144,'en','Материал','Сталь'),(289,145,'ru','Степень защиты (IP)','IP54'),(290,145,'en','Степень защиты (IP)','IP54'),(291,146,'ru','Цвет','Серый'),(292,146,'en','Цвет','Серый'),(293,147,'ru','Количество однополюсных розеток (1Р+N+РЕ 16А)','6'),(294,147,'en','Количество однополюсных розеток (1Р+N+РЕ 16А)','6'),(295,148,'ru','Количество трехполюсных розеток (3Р+N+РЕ 32А)','2'),(296,148,'en','Количество трехполюсных розеток (3Р+N+РЕ 32А)','2');
/*!40000 ALTER TABLE `product_specs_i18n` ENABLE KEYS */;
UNLOCK TABLES;

--
-- Table structure for table `products`
--

DROP TABLE IF EXISTS `products`;
/*!40101 SET @saved_cs_client     = @@character_set_client */;
/*!50503 SET character_set_client = utf8mb4 */;
CREATE TABLE `products` (
  `id` int NOT NULL AUTO_INCREMENT,
  `category_id` int NOT NULL,
  `sku` varchar(64) COLLATE utf8mb4_unicode_ci DEFAULT NULL,
  `is_active` tinyint(1) NOT NULL DEFAULT '1',
  `sort_order` int NOT NULL DEFAULT '0',
  `created_at` datetime NOT NULL DEFAULT CURRENT_TIMESTAMP,
  `updated_at` datetime NOT NULL DEFAULT CURRENT_TIMESTAMP ON UPDATE CURRENT_TIMESTAMP,
  PRIMARY KEY (`id`),
  UNIQUE KEY `uniq_sku` (`sku`),
  KEY `idx_category` (`category_id`),
  CONSTRAINT `fk_products_category` FOREIGN KEY (`category_id`) REFERENCES `categories` (`id`) ON DELETE RESTRICT
) ENGINE=InnoDB AUTO_INCREMENT=37 DEFAULT CHARSET=utf8mb4 COLLATE=utf8mb4_unicode_ci;
/*!40101 SET character_set_client = @saved_cs_client */;

--
-- Dumping data for table `products`
--

LOCK TABLES `products` WRITE;
/*!40000 ALTER TABLE `products` DISABLE KEYS */;
INSERT INTO `products` VALUES (1,1,'SP01-0102',1,0,'2026-01-30 05:55:42','2026-01-30 05:55:42'),(2,1,'SP01-0104',1,0,'2026-01-30 05:55:42','2026-01-30 05:55:42'),(3,1,'SP01-0106',1,0,'2026-01-30 05:55:42','2026-01-30 05:55:42'),(4,1,'SP01-0108',1,0,'2026-01-30 05:55:42','2026-01-30 05:55:42'),(5,1,'SP01-0112',1,0,'2026-01-30 05:55:43','2026-01-30 05:55:43'),(6,1,'SP01-0202',1,0,'2026-01-30 05:55:43','2026-01-30 05:55:43'),(7,1,'SP01-0206',1,0,'2026-01-30 05:55:43','2026-01-30 05:55:43'),(8,1,'SP01-0208',1,0,'2026-01-30 05:55:43','2026-01-30 05:55:43'),(9,1,'SP01-0212',1,0,'2026-01-30 05:55:43','2026-01-30 05:55:43'),(10,1,'SP01-0204',1,0,'2026-01-30 05:55:43','2026-01-30 05:55:43'),(11,1,'SP01-0302',1,0,'2026-01-30 05:55:43','2026-01-30 05:55:43'),(12,1,'SP01-0304',1,0,'2026-01-30 05:55:43','2026-01-30 05:55:43'),(13,1,'SP01-0306',1,0,'2026-01-30 05:55:43','2026-01-30 05:55:43'),(14,1,'SP01-0308',1,0,'2026-01-30 05:55:43','2026-01-30 05:55:43'),(15,1,'SP01-031200',1,0,'2026-01-30 05:55:43','2026-01-30 05:55:43'),(16,1,'SP01-0402',1,0,'2026-01-30 05:55:43','2026-01-30 05:55:43'),(17,1,'SP01-0404',1,0,'2026-01-30 05:55:44','2026-01-30 05:55:44'),(18,1,'SP01-0406',1,0,'2026-01-30 05:55:44','2026-01-30 05:55:44'),(19,1,'SP01-0408',1,0,'2026-01-30 05:55:44','2026-01-30 05:55:44'),(20,1,'SP01-0412',1,0,'2026-01-30 05:55:44','2026-01-30 05:55:44'),(21,2,'SP02-5033',1,0,'2026-01-30 05:55:44','2026-01-30 05:55:44'),(22,2,'SP02-050311',1,0,'2026-01-30 05:55:44','2026-01-30 05:55:44'),(23,2,'SP02-5032',1,0,'2026-01-30 05:55:44','2026-01-30 05:55:44'),(24,2,'SP02-6343',1,0,'2026-01-30 05:55:44','2026-01-30 05:55:44'),(25,2,'SP02-6341',1,0,'2026-01-30 05:55:44','2026-01-30 05:55:44'),(26,2,'SP02-6342',1,0,'2026-01-30 05:55:44','2026-01-30 05:55:44'),(27,2,'SP02-6344',1,0,'2026-01-30 05:55:44','2026-01-30 05:55:44'),(28,2,'SP02-1062',1,0,'2026-01-30 05:55:44','2026-01-30 05:55:44'),(29,2,'SP02-100603',1,0,'2026-01-30 05:55:44','2026-01-30 05:55:44'),(30,2,'SP02-1064',1,0,'2026-01-30 05:55:45','2026-01-30 05:55:45'),(31,2,'SP02-063611',1,0,'2026-01-30 05:55:45','2026-01-30 05:55:45'),(32,2,'SP02-080403',1,0,'2026-01-30 05:55:45','2026-01-30 05:55:45'),(33,2,'SP02-080602',1,0,'2026-01-30 05:55:45','2026-01-30 05:55:45'),(34,1,'SP01-0216',1,0,'2026-01-30 05:55:45','2026-01-30 05:55:45'),(35,1,'SP01-0116',1,0,'2026-01-30 05:55:45','2026-01-30 05:55:45'),(36,2,'SP02-100602',1,0,'2026-01-30 05:55:45','2026-01-30 05:55:45');
/*!40000 ALTER TABLE `products` ENABLE KEYS */;
UNLOCK TABLES;

--
-- Table structure for table `seo_meta`
--

DROP TABLE IF EXISTS `seo_meta`;
/*!40101 SET @saved_cs_client     = @@character_set_client */;
/*!50503 SET character_set_client = utf8mb4 */;
CREATE TABLE `seo_meta` (
  `id` int NOT NULL AUTO_INCREMENT,
  `entity_type` enum('page','category','product') COLLATE utf8mb4_unicode_ci NOT NULL,
  `entity_id` int NOT NULL,
  `locale` enum('ru','en') COLLATE utf8mb4_unicode_ci NOT NULL,
  `title` varchar(255) COLLATE utf8mb4_unicode_ci NOT NULL,
  `description` varchar(500) COLLATE utf8mb4_unicode_ci NOT NULL,
  `h1` varchar(255) COLLATE utf8mb4_unicode_ci NOT NULL,
  `slug` varchar(160) COLLATE utf8mb4_unicode_ci NOT NULL,
  `canonical` varchar(255) COLLATE utf8mb4_unicode_ci DEFAULT NULL,
  `og_title` varchar(255) COLLATE utf8mb4_unicode_ci DEFAULT NULL,
  `og_description` varchar(500) COLLATE utf8mb4_unicode_ci DEFAULT NULL,
  `og_image_id` int DEFAULT NULL,
  `created_at` datetime NOT NULL DEFAULT CURRENT_TIMESTAMP,
  `updated_at` datetime NOT NULL DEFAULT CURRENT_TIMESTAMP ON UPDATE CURRENT_TIMESTAMP,
  PRIMARY KEY (`id`),
  KEY `idx_entity` (`entity_type`,`entity_id`,`locale`)
) ENGINE=InnoDB AUTO_INCREMENT=89 DEFAULT CHARSET=utf8mb4 COLLATE=utf8mb4_unicode_ci;
/*!40101 SET character_set_client = @saved_cs_client */;

--
-- Dumping data for table `seo_meta`
--

LOCK TABLES `seo_meta` WRITE;
/*!40000 ALTER TABLE `seo_meta` DISABLE KEYS */;
INSERT INTO `seo_meta` VALUES (1,'page',1,'ru','System Power — инженерные решения','Инженерные решения для систем электропитания System Power.','System Power','home',NULL,NULL,NULL,NULL,'2026-01-30 05:46:21','2026-01-30 05:46:21'),(2,'page',1,'en','System Power — engineering solutions','Engineering solutions for power distribution systems.','System Power','home',NULL,NULL,NULL,NULL,'2026-01-30 05:46:21','2026-01-30 05:46:21'),(3,'page',2,'ru','Продукция System Power','Электротехническое оборудование для надежного распределения и защиты электропитания.','Продукция System Power','products',NULL,NULL,NULL,NULL,'2026-01-30 05:46:21','2026-01-30 05:46:21'),(4,'page',2,'en','System Power products','Electrical equipment for reliable power distribution and protection.','System Power products','products',NULL,NULL,NULL,NULL,'2026-01-30 05:46:21','2026-01-30 05:46:21'),(5,'page',3,'ru','Индивидуальное производство','Изготовим оборудование под индивидуальные требования.','Индивидуальное производство','custom-production',NULL,NULL,NULL,NULL,'2026-01-30 05:46:21','2026-01-30 05:46:21'),(6,'page',3,'en','Custom manufacturing','We manufacture equipment tailored to your individual requirements.','Custom manufacturing','custom-production',NULL,NULL,NULL,NULL,'2026-01-30 05:46:21','2026-01-30 05:46:21'),(7,'page',4,'ru','Контроль качества','Многоуровневый контроль и соответствие стандартам.','Контроль качества','quality',NULL,NULL,NULL,NULL,'2026-01-30 05:46:21','2026-01-30 05:46:21'),(8,'page',4,'en','Quality control','Multi-level control and compliance with industry standards.','Quality control','quality',NULL,NULL,NULL,NULL,'2026-01-30 05:46:21','2026-01-30 05:46:21'),(9,'page',5,'ru','Где купить','Официальные дистрибьюторы и маркетплейсы System Power.','Где купить','where-to-buy',NULL,NULL,NULL,NULL,'2026-01-30 05:46:21','2026-01-30 05:46:21'),(10,'page',5,'en','Where to buy','Official distributors and marketplaces for System Power.','Where to buy','where-to-buy',NULL,NULL,NULL,NULL,'2026-01-30 05:46:21','2026-01-30 05:46:21'),(11,'page',6,'ru','Контакты','Контакты System Power и компании «Системные Решения».','Контакты','contacts',NULL,NULL,NULL,NULL,'2026-01-30 05:46:21','2026-01-30 05:46:21'),(12,'page',6,'en','Contacts','Contacts for System Power and System Solutions.','Contacts','contacts',NULL,NULL,NULL,NULL,'2026-01-30 05:46:21','2026-01-30 05:46:21'),(13,'category',1,'ru','Лючки System Power','Лючки для организации точек подключения в промышленных и коммерческих помещениях.','Лючки','hatches',NULL,NULL,NULL,NULL,'2026-01-30 05:46:21','2026-01-30 05:46:21'),(14,'category',1,'en','System Power floor boxes','Floor boxes for organizing connection points in industrial and commercial facilities.','Floor boxes','hatches',NULL,NULL,NULL,NULL,'2026-01-30 05:46:21','2026-01-30 05:46:21'),(15,'category',2,'ru','Электротехнические шкафы System Power','Распределительные и управляющие шкафы System Power.','Электротехнические шкафы','electrical-cabinets',NULL,NULL,NULL,NULL,'2026-01-30 05:46:21','2026-01-30 05:46:21'),(16,'category',2,'en','System Power electrical enclosures','Distribution and control enclosures by System Power.','Electrical enclosures','electrical-cabinets',NULL,NULL,NULL,NULL,'2026-01-30 05:46:21','2026-01-30 05:46:21'),(17,'product',1,'ru','Напольный лючок на 2 модуля (одну розетку 45x45) IP54 System Power SP01-0102 | Аргумент Энерго','Купить напольный лючок на 2 модуля (одну розетку 45x45) ip54 system power sp01-0102 по цене 0 ₽ ✓ Доставляем по всей России ✓ Самовывоз в г. Москва ✓ Индивидуальные скидки ✓ +7 495 409-12-78 ✓ Работаем с юр. и физ. лицами','','lyuk-v-pol-na-2-modulya-sp01-0202-system-power',NULL,NULL,NULL,NULL,'2026-01-30 05:55:42','2026-01-30 05:55:42'),(18,'product',1,'en','Напольный лючок на 2 модуля (одну розетку 45x45) IP54 System Power SP01-0102 | Аргумент Энерго','Купить напольный лючок на 2 модуля (одну розетку 45x45) ip54 system power sp01-0102 по цене 0 ₽ ✓ Доставляем по всей России ✓ Самовывоз в г. Москва ✓ Индивидуальные скидки ✓ +7 495 409-12-78 ✓ Работаем с юр. и физ. лицами','','lyuk-v-pol-na-2-modulya-sp01-0202-system-power',NULL,NULL,NULL,NULL,'2026-01-30 05:55:42','2026-01-30 05:55:42'),(19,'product',2,'ru','Напольный лючок на 4 модуля (2 розетки 45x45) IP54 System Power SP01-0104 | Аргумент Энерго','Купить напольный лючок на 4 модуля (2 розетки 45x45) ip54 system power sp01-0104 по цене 0 ₽ ✓ Доставляем по всей России ✓ Самовывоз в г. Москва ✓ Индивидуальные скидки ✓ +7 495 409-12-78 ✓ Работаем с юр. и физ. лицами','','lyuk-v-pol-na-2-modulya-sp01-0204-system-power',NULL,NULL,NULL,NULL,'2026-01-30 05:55:42','2026-01-30 05:55:42'),(20,'product',2,'en','Напольный лючок на 4 модуля (2 розетки 45x45) IP54 System Power SP01-0104 | Аргумент Энерго','Купить напольный лючок на 4 модуля (2 розетки 45x45) ip54 system power sp01-0104 по цене 0 ₽ ✓ Доставляем по всей России ✓ Самовывоз в г. Москва ✓ Индивидуальные скидки ✓ +7 495 409-12-78 ✓ Работаем с юр. и физ. лицами','','lyuk-v-pol-na-2-modulya-sp01-0204-system-power',NULL,NULL,NULL,NULL,'2026-01-30 05:55:42','2026-01-30 05:55:42'),(21,'product',3,'ru','Напольный лючок на 6 модулей (3 розетки 45x45) IP54 System Power SP01-0106 | Аргумент Энерго','Купить напольный лючок на 6 модулей (3 розетки 45x45) ip54 system power sp01-0106 по цене 0 ₽ ✓ Доставляем по всей России ✓ Самовывоз в г. Москва ✓ Индивидуальные скидки ✓ +7 495 409-12-78 ✓ Работаем с юр. и физ. лицами','','lyuk-v-pol-na-2-modulya-sp01-0206-system-power',NULL,NULL,NULL,NULL,'2026-01-30 05:55:42','2026-01-30 05:55:42'),(22,'product',3,'en','Напольный лючок на 6 модулей (3 розетки 45x45) IP54 System Power SP01-0106 | Аргумент Энерго','Купить напольный лючок на 6 модулей (3 розетки 45x45) ip54 system power sp01-0106 по цене 0 ₽ ✓ Доставляем по всей России ✓ Самовывоз в г. Москва ✓ Индивидуальные скидки ✓ +7 495 409-12-78 ✓ Работаем с юр. и физ. лицами','','lyuk-v-pol-na-2-modulya-sp01-0206-system-power',NULL,NULL,NULL,NULL,'2026-01-30 05:55:42','2026-01-30 05:55:42'),(23,'product',4,'ru','Напольный лючок на 8 модулей (4 розетки 45x45) IP54 System Power SP01-0108 | Аргумент Энерго','Купить напольный лючок на 8 модулей (4 розетки 45x45) ip54 system power sp01-0108 по цене 0 ₽ ✓ Доставляем по всей России ✓ Самовывоз в г. Москва ✓ Индивидуальные скидки ✓ +7 495 409-12-78 ✓ Работаем с юр. и физ. лицами','','lyuk-v-pol-na-2-modulya-sp01-0209-system-power',NULL,NULL,NULL,NULL,'2026-01-30 05:55:42','2026-01-30 05:55:42'),(24,'product',4,'en','Напольный лючок на 8 модулей (4 розетки 45x45) IP54 System Power SP01-0108 | Аргумент Энерго','Купить напольный лючок на 8 модулей (4 розетки 45x45) ip54 system power sp01-0108 по цене 0 ₽ ✓ Доставляем по всей России ✓ Самовывоз в г. Москва ✓ Индивидуальные скидки ✓ +7 495 409-12-78 ✓ Работаем с юр. и физ. лицами','','lyuk-v-pol-na-2-modulya-sp01-0209-system-power',NULL,NULL,NULL,NULL,'2026-01-30 05:55:42','2026-01-30 05:55:42'),(25,'product',5,'ru','Напольный лючок на 12 модулей (6 розеток 45x45) IP54 System Power SP01-0112 | Аргумент Энерго','Купить напольный лючок на 12 модулей (6 розеток 45x45) ip54 system power sp01-0112 по цене 0 ₽ ✓ Доставляем по всей России ✓ Самовывоз в г. Москва ✓ Индивидуальные скидки ✓ +7 495 409-12-78 ✓ Работаем с юр. и физ. лицами','','lyuk-v-pol-na-2-modulya-sp01-0212-system-power',NULL,NULL,NULL,NULL,'2026-01-30 05:55:43','2026-01-30 05:55:43'),(26,'product',5,'en','Напольный лючок на 12 модулей (6 розеток 45x45) IP54 System Power SP01-0112 | Аргумент Энерго','Купить напольный лючок на 12 модулей (6 розеток 45x45) ip54 system power sp01-0112 по цене 0 ₽ ✓ Доставляем по всей России ✓ Самовывоз в г. Москва ✓ Индивидуальные скидки ✓ +7 495 409-12-78 ✓ Работаем с юр. и физ. лицами','','lyuk-v-pol-na-2-modulya-sp01-0212-system-power',NULL,NULL,NULL,NULL,'2026-01-30 05:55:43','2026-01-30 05:55:43'),(27,'product',6,'ru','Лючок-невидимка в пол на 2 модуля (одну розетку 45x45) IP54 System Power SP01-0202 | Аргумент Энерго','Купить лючок-невидимка в пол на 2 модуля (одну розетку 45x45) ip54 system power sp01-0202 по цене 0 ₽ ✓ Доставляем по всей России ✓ Самовывоз в г. Москва ✓ Индивидуальные скидки ✓ +7 495 409-12-78 ✓ Работаем с юр. и физ. лицами','','luchok-v-pol-skrytoi-ustanovki-na-2-modulya-ip55-sp01-0202-system-power',NULL,NULL,NULL,NULL,'2026-01-30 05:55:43','2026-01-30 05:55:43'),(28,'product',6,'en','Лючок-невидимка в пол на 2 модуля (одну розетку 45x45) IP54 System Power SP01-0202 | Аргумент Энерго','Купить лючок-невидимка в пол на 2 модуля (одну розетку 45x45) ip54 system power sp01-0202 по цене 0 ₽ ✓ Доставляем по всей России ✓ Самовывоз в г. Москва ✓ Индивидуальные скидки ✓ +7 495 409-12-78 ✓ Работаем с юр. и физ. лицами','','luchok-v-pol-skrytoi-ustanovki-na-2-modulya-ip55-sp01-0202-system-power',NULL,NULL,NULL,NULL,'2026-01-30 05:55:43','2026-01-30 05:55:43'),(29,'product',7,'ru','Лючок-невидимка в пол на 6 модулей (3 розетки 45x45) IP54 System Power SP01-0206 | Аргумент Энерго','Купить лючок-невидимка в пол на 6 модулей (3 розетки 45x45) ip54 system power sp01-0206 по цене 0 ₽ ✓ Доставляем по всей России ✓ Самовывоз в г. Москва ✓ Индивидуальные скидки ✓ +7 495 409-12-78 ✓ Работаем с юр. и физ. лицами','','luchok-v-pol-skrytoi-ustanovki-na-2-modulya-ip55-sp01-0206-system-power',NULL,NULL,NULL,NULL,'2026-01-30 05:55:43','2026-01-30 05:55:43'),(30,'product',7,'en','Лючок-невидимка в пол на 6 модулей (3 розетки 45x45) IP54 System Power SP01-0206 | Аргумент Энерго','Купить лючок-невидимка в пол на 6 модулей (3 розетки 45x45) ip54 system power sp01-0206 по цене 0 ₽ ✓ Доставляем по всей России ✓ Самовывоз в г. Москва ✓ Индивидуальные скидки ✓ +7 495 409-12-78 ✓ Работаем с юр. и физ. лицами','','luchok-v-pol-skrytoi-ustanovki-na-2-modulya-ip55-sp01-0206-system-power',NULL,NULL,NULL,NULL,'2026-01-30 05:55:43','2026-01-30 05:55:43'),(31,'product',8,'ru','Напольный лючок-невидимка на 8 модулей (4 розетки 45x45) IP54 System Power SP01-0208 | Аргумент Энерго','Купить напольный лючок-невидимка на 8 модулей (4 розетки 45x45) ip54 system power sp01-0208 по цене 0 ₽ ✓ Доставляем по всей России ✓ Самовывоз в г. Москва ✓ Индивидуальные скидки ✓ +7 495 409-12-78 ✓ Работаем с юр. и физ. лицами','','luchok-v-pol-skrytoi-ustanovki-na-2-modulya-ip55-sp01-0209-system-power',NULL,NULL,NULL,NULL,'2026-01-30 05:55:43','2026-01-30 05:55:43'),(32,'product',8,'en','Напольный лючок-невидимка на 8 модулей (4 розетки 45x45) IP54 System Power SP01-0208 | Аргумент Энерго','Купить напольный лючок-невидимка на 8 модулей (4 розетки 45x45) ip54 system power sp01-0208 по цене 0 ₽ ✓ Доставляем по всей России ✓ Самовывоз в г. Москва ✓ Индивидуальные скидки ✓ +7 495 409-12-78 ✓ Работаем с юр. и физ. лицами','','luchok-v-pol-skrytoi-ustanovki-na-2-modulya-ip55-sp01-0209-system-power',NULL,NULL,NULL,NULL,'2026-01-30 05:55:43','2026-01-30 05:55:43'),(33,'product',9,'ru','Напольный лючок-невидимка на 12 модулей (6 розеток 45x45) IP54 System Power SP01-0212 | Аргумент Энерго','Купить напольный лючок-невидимка на 12 модулей (6 розеток 45x45) ip54 system power sp01-0212 по цене 0 ₽ ✓ Доставляем по всей России ✓ Самовывоз в г. Москва ✓ Индивидуальные скидки ✓ +7 495 409-12-78 ✓ Работаем с юр. и физ. лицами','','luchok-v-pol-skrytoi-ustanovki-na-2-modulya-ip55-sp01-0212-system-power',NULL,NULL,NULL,NULL,'2026-01-30 05:55:43','2026-01-30 05:55:43'),(34,'product',9,'en','Напольный лючок-невидимка на 12 модулей (6 розеток 45x45) IP54 System Power SP01-0212 | Аргумент Энерго','Купить напольный лючок-невидимка на 12 модулей (6 розеток 45x45) ip54 system power sp01-0212 по цене 0 ₽ ✓ Доставляем по всей России ✓ Самовывоз в г. Москва ✓ Индивидуальные скидки ✓ +7 495 409-12-78 ✓ Работаем с юр. и физ. лицами','','luchok-v-pol-skrytoi-ustanovki-na-2-modulya-ip55-sp01-0212-system-power',NULL,NULL,NULL,NULL,'2026-01-30 05:55:43','2026-01-30 05:55:43'),(35,'product',10,'ru','Напольный лючок-невидимка на 4 модуля (2 розетки 45x45) IP54 System Power SP01-0204 | Аргумент Энерго','Купить напольный лючок-невидимка на 4 модуля (2 розетки 45x45) ip54 system power sp01-0204 по цене 0 ₽ ✓ Доставляем по всей России ✓ Самовывоз в г. Москва ✓ Индивидуальные скидки ✓ +7 495 409-12-78 ✓ Работаем с юр. и физ. лицами','','luchok-v-pol-skrytoi-ustanovki-na-2-modulya-ip55-sp01-0204-system-power',NULL,NULL,NULL,NULL,'2026-01-30 05:55:43','2026-01-30 05:55:43'),(36,'product',10,'en','Напольный лючок-невидимка на 4 модуля (2 розетки 45x45) IP54 System Power SP01-0204 | Аргумент Энерго','Купить напольный лючок-невидимка на 4 модуля (2 розетки 45x45) ip54 system power sp01-0204 по цене 0 ₽ ✓ Доставляем по всей России ✓ Самовывоз в г. Москва ✓ Индивидуальные скидки ✓ +7 495 409-12-78 ✓ Работаем с юр. и физ. лицами','','luchok-v-pol-skrytoi-ustanovki-na-2-modulya-ip55-sp01-0204-system-power',NULL,NULL,NULL,NULL,'2026-01-30 05:55:43','2026-01-30 05:55:43'),(37,'product',11,'ru','Лючок в пол на 2 модуля (одну розетку 45x45) IP41 System Power SP01-0302 | Аргумент Энерго','Купить лючок в пол на 2 модуля (одну розетку 45x45) ip41 system power sp01-0302 по цене 0 ₽ ✓ Доставляем по всей России ✓ Самовывоз в г. Москва ✓ Индивидуальные скидки ✓ +7 495 409-12-78 ✓ Работаем с юр. и физ. лицами','','luchok-v-pol-na-2-modulya-ip54-sp01-0302-system-power',NULL,NULL,NULL,NULL,'2026-01-30 05:55:43','2026-01-30 05:55:43'),(38,'product',11,'en','Лючок в пол на 2 модуля (одну розетку 45x45) IP41 System Power SP01-0302 | Аргумент Энерго','Купить лючок в пол на 2 модуля (одну розетку 45x45) ip41 system power sp01-0302 по цене 0 ₽ ✓ Доставляем по всей России ✓ Самовывоз в г. Москва ✓ Индивидуальные скидки ✓ +7 495 409-12-78 ✓ Работаем с юр. и физ. лицами','','luchok-v-pol-na-2-modulya-ip54-sp01-0302-system-power',NULL,NULL,NULL,NULL,'2026-01-30 05:55:43','2026-01-30 05:55:43'),(39,'product',12,'ru','Лючок в пол на 4 модуля (2 розетки 45x45) IP41 System Power SP01-0304 | Аргумент Энерго','Купить лючок в пол на 4 модуля (2 розетки 45x45) ip41 system power sp01-0304 по цене 0 ₽ ✓ Доставляем по всей России ✓ Самовывоз в г. Москва ✓ Индивидуальные скидки ✓ +7 495 409-12-78 ✓ Работаем с юр. и физ. лицами','','luchok-v-pol-na-2-modulya-ip54-sp01-0304-system-power',NULL,NULL,NULL,NULL,'2026-01-30 05:55:43','2026-01-30 05:55:43'),(40,'product',12,'en','Лючок в пол на 4 модуля (2 розетки 45x45) IP41 System Power SP01-0304 | Аргумент Энерго','Купить лючок в пол на 4 модуля (2 розетки 45x45) ip41 system power sp01-0304 по цене 0 ₽ ✓ Доставляем по всей России ✓ Самовывоз в г. Москва ✓ Индивидуальные скидки ✓ +7 495 409-12-78 ✓ Работаем с юр. и физ. лицами','','luchok-v-pol-na-2-modulya-ip54-sp01-0304-system-power',NULL,NULL,NULL,NULL,'2026-01-30 05:55:43','2026-01-30 05:55:43'),(41,'product',13,'ru','Лючок в пол на 6 модулей (3 розетки 45x45) IP41 System Power SP01-0306 | Аргумент Энерго','Купить лючок в пол на 6 модулей (3 розетки 45x45) ip41 system power sp01-0306 по цене 0 ₽ ✓ Доставляем по всей России ✓ Самовывоз в г. Москва ✓ Индивидуальные скидки ✓ +7 495 409-12-78 ✓ Работаем с юр. и физ. лицами','','luchok-v-pol-na-2-modulya-ip54-sp01-0306-system-power',NULL,NULL,NULL,NULL,'2026-01-30 05:55:43','2026-01-30 05:55:43'),(42,'product',13,'en','Лючок в пол на 6 модулей (3 розетки 45x45) IP41 System Power SP01-0306 | Аргумент Энерго','Купить лючок в пол на 6 модулей (3 розетки 45x45) ip41 system power sp01-0306 по цене 0 ₽ ✓ Доставляем по всей России ✓ Самовывоз в г. Москва ✓ Индивидуальные скидки ✓ +7 495 409-12-78 ✓ Работаем с юр. и физ. лицами','','luchok-v-pol-na-2-modulya-ip54-sp01-0306-system-power',NULL,NULL,NULL,NULL,'2026-01-30 05:55:43','2026-01-30 05:55:43'),(43,'product',14,'ru','Лючок в пол на 8 модулей (4 розетки 45x45) IP41 System Power SP01-0308 | Аргумент Энерго','Купить лючок в пол на 8 модулей (4 розетки 45x45) ip41 system power sp01-0308 по цене 0 ₽ ✓ Доставляем по всей России ✓ Самовывоз в г. Москва ✓ Индивидуальные скидки ✓ +7 495 409-12-78 ✓ Работаем с юр. и физ. лицами','','luchok-v-pol-na-2-modulya-ip54-sp01-0309-system-power',NULL,NULL,NULL,NULL,'2026-01-30 05:55:43','2026-01-30 05:55:43'),(44,'product',14,'en','Лючок в пол на 8 модулей (4 розетки 45x45) IP41 System Power SP01-0308 | Аргумент Энерго','Купить лючок в пол на 8 модулей (4 розетки 45x45) ip41 system power sp01-0308 по цене 0 ₽ ✓ Доставляем по всей России ✓ Самовывоз в г. Москва ✓ Индивидуальные скидки ✓ +7 495 409-12-78 ✓ Работаем с юр. и физ. лицами','','luchok-v-pol-na-2-modulya-ip54-sp01-0309-system-power',NULL,NULL,NULL,NULL,'2026-01-30 05:55:43','2026-01-30 05:55:43'),(45,'product',15,'ru','Лючок в пол на 12 модулей (6 розеток 45x45) IP41 System Power SP01-031200 | Аргумент Энерго','Купить лючок в пол на 12 модулей (6 розеток 45x45) ip41 system power sp01-031200 по цене 0 ₽ ✓ Доставляем по всей России ✓ Самовывоз в г. Москва ✓ Индивидуальные скидки ✓ +7 495 409-12-78 ✓ Работаем с юр. и физ. лицами','','luchok-v-pol-na-2-modulya-ip54-sp01-0312-system-power',NULL,NULL,NULL,NULL,'2026-01-30 05:55:43','2026-01-30 05:55:43'),(46,'product',15,'en','Лючок в пол на 12 модулей (6 розеток 45x45) IP41 System Power SP01-031200 | Аргумент Энерго','Купить лючок в пол на 12 модулей (6 розеток 45x45) ip41 system power sp01-031200 по цене 0 ₽ ✓ Доставляем по всей России ✓ Самовывоз в г. Москва ✓ Индивидуальные скидки ✓ +7 495 409-12-78 ✓ Работаем с юр. и физ. лицами','','luchok-v-pol-na-2-modulya-ip54-sp01-0312-system-power',NULL,NULL,NULL,NULL,'2026-01-30 05:55:43','2026-01-30 05:55:43'),(47,'product',16,'ru','Лючок-невидимка в пол на 2 модуля (одну розетку 45x45) IP41 System Power SP01-0402 | Аргумент Энерго','Купить лючок-невидимка в пол на 2 модуля (одну розетку 45x45) ip41 system power sp01-0402 по цене 0 ₽ ✓ Доставляем по всей России ✓ Самовывоз в г. Москва ✓ Индивидуальные скидки ✓ +7 495 409-12-78 ✓ Работаем с юр. и физ. лицами','','luchok-v-pol-skrytoi-ustanovki-na-2-modulya-ip54-sp01-0402-system-power',NULL,NULL,NULL,NULL,'2026-01-30 05:55:43','2026-01-30 05:55:43'),(48,'product',16,'en','Лючок-невидимка в пол на 2 модуля (одну розетку 45x45) IP41 System Power SP01-0402 | Аргумент Энерго','Купить лючок-невидимка в пол на 2 модуля (одну розетку 45x45) ip41 system power sp01-0402 по цене 0 ₽ ✓ Доставляем по всей России ✓ Самовывоз в г. Москва ✓ Индивидуальные скидки ✓ +7 495 409-12-78 ✓ Работаем с юр. и физ. лицами','','luchok-v-pol-skrytoi-ustanovki-na-2-modulya-ip54-sp01-0402-system-power',NULL,NULL,NULL,NULL,'2026-01-30 05:55:43','2026-01-30 05:55:43'),(49,'product',17,'ru','Лючок-невидимка в пол на 4 модуля (2 розетки 45x45) IP41 System Power SP01-0404 | Аргумент Энерго','Купить лючок-невидимка в пол на 4 модуля (2 розетки 45x45) ip41 system power sp01-0404 по цене 0 ₽ ✓ Доставляем по всей России ✓ Самовывоз в г. Москва ✓ Индивидуальные скидки ✓ +7 495 409-12-78 ✓ Работаем с юр. и физ. лицами','','luchok-v-pol-skrytoi-ustanovki-na-2-modulya-ip54-sp01-0404-system-power',NULL,NULL,NULL,NULL,'2026-01-30 05:55:44','2026-01-30 05:55:44'),(50,'product',17,'en','Лючок-невидимка в пол на 4 модуля (2 розетки 45x45) IP41 System Power SP01-0404 | Аргумент Энерго','Купить лючок-невидимка в пол на 4 модуля (2 розетки 45x45) ip41 system power sp01-0404 по цене 0 ₽ ✓ Доставляем по всей России ✓ Самовывоз в г. Москва ✓ Индивидуальные скидки ✓ +7 495 409-12-78 ✓ Работаем с юр. и физ. лицами','','luchok-v-pol-skrytoi-ustanovki-na-2-modulya-ip54-sp01-0404-system-power',NULL,NULL,NULL,NULL,'2026-01-30 05:55:44','2026-01-30 05:55:44'),(51,'product',18,'ru','Лючок-невидимка в пол на 6 модулей (3 розетки 45x45) IP41 System Power SP01-0406 | Аргумент Энерго','Купить лючок-невидимка в пол на 6 модулей (3 розетки 45x45) ip41 system power sp01-0406 по цене 0 ₽ ✓ Доставляем по всей России ✓ Самовывоз в г. Москва ✓ Индивидуальные скидки ✓ +7 495 409-12-78 ✓ Работаем с юр. и физ. лицами','','luchok-v-pol-skrytoi-ustanovki-na-2-modulya-ip54-sp01-0406-system-power',NULL,NULL,NULL,NULL,'2026-01-30 05:55:44','2026-01-30 05:55:44'),(52,'product',18,'en','Лючок-невидимка в пол на 6 модулей (3 розетки 45x45) IP41 System Power SP01-0406 | Аргумент Энерго','Купить лючок-невидимка в пол на 6 модулей (3 розетки 45x45) ip41 system power sp01-0406 по цене 0 ₽ ✓ Доставляем по всей России ✓ Самовывоз в г. Москва ✓ Индивидуальные скидки ✓ +7 495 409-12-78 ✓ Работаем с юр. и физ. лицами','','luchok-v-pol-skrytoi-ustanovki-na-2-modulya-ip54-sp01-0406-system-power',NULL,NULL,NULL,NULL,'2026-01-30 05:55:44','2026-01-30 05:55:44'),(53,'product',19,'ru','Лючок-невидимка в пол на 8 модулей (4 розетки 45x45) IP41 System Power SP01-0408 | Аргумент Энерго','Купить лючок-невидимка в пол на 8 модулей (4 розетки 45x45) ip41 system power sp01-0408 по цене 0 ₽ ✓ Доставляем по всей России ✓ Самовывоз в г. Москва ✓ Индивидуальные скидки ✓ +7 495 409-12-78 ✓ Работаем с юр. и физ. лицами','','luchok-v-pol-skrytoi-ustanovki-na-2-modulya-ip54-sp01-0409-system-power',NULL,NULL,NULL,NULL,'2026-01-30 05:55:44','2026-01-30 05:55:44'),(54,'product',19,'en','Лючок-невидимка в пол на 8 модулей (4 розетки 45x45) IP41 System Power SP01-0408 | Аргумент Энерго','Купить лючок-невидимка в пол на 8 модулей (4 розетки 45x45) ip41 system power sp01-0408 по цене 0 ₽ ✓ Доставляем по всей России ✓ Самовывоз в г. Москва ✓ Индивидуальные скидки ✓ +7 495 409-12-78 ✓ Работаем с юр. и физ. лицами','','luchok-v-pol-skrytoi-ustanovki-na-2-modulya-ip54-sp01-0409-system-power',NULL,NULL,NULL,NULL,'2026-01-30 05:55:44','2026-01-30 05:55:44'),(55,'product',20,'ru','Лючок-невидимка в пол на 12 модулей (6 розеток 45x45) IP41 System Power SP01-0412 | Аргумент Энерго','Купить лючок-невидимка в пол на 12 модулей (6 розеток 45x45) ip41 system power sp01-0412 по цене 0 ₽ ✓ Доставляем по всей России ✓ Самовывоз в г. Москва ✓ Индивидуальные скидки ✓ +7 495 409-12-78 ✓ Работаем с юр. и физ. лицами','','luchok-v-pol-skrytoi-ustanovki-na-2-modulya-ip54-sp01-0412-system-power',NULL,NULL,NULL,NULL,'2026-01-30 05:55:44','2026-01-30 05:55:44'),(56,'product',20,'en','Лючок-невидимка в пол на 12 модулей (6 розеток 45x45) IP41 System Power SP01-0412 | Аргумент Энерго','Купить лючок-невидимка в пол на 12 модулей (6 розеток 45x45) ip41 system power sp01-0412 по цене 0 ₽ ✓ Доставляем по всей России ✓ Самовывоз в г. Москва ✓ Индивидуальные скидки ✓ +7 495 409-12-78 ✓ Работаем с юр. и физ. лицами','','luchok-v-pol-skrytoi-ustanovki-na-2-modulya-ip54-sp01-0412-system-power',NULL,NULL,NULL,NULL,'2026-01-30 05:55:44','2026-01-30 05:55:44'),(57,'product',21,'ru','Щит механизации РУСП-УЗО50A-3х1П-3х3П-IP54 | Аргумент Энерго','Купить щит механизации русп-узо50a-3х1п-3х3п-ip54 по цене по запросу ✓ Доставляем по всей России ✓ Самовывоз в г. Москва ✓ Индивидуальные скидки ✓ +7 495 409-12-78 ✓ Работаем с юр. и физ. лицами','','schit-mehanizacii-rusp-uzo50a-3h1p-3h3p-ip54-system-power-sp02-5033',NULL,NULL,NULL,NULL,'2026-01-30 05:55:44','2026-01-30 05:55:44'),(58,'product',21,'en','Щит механизации РУСП-УЗО50A-3х1П-3х3П-IP54 | Аргумент Энерго','Купить щит механизации русп-узо50a-3х1п-3х3п-ip54 по цене по запросу ✓ Доставляем по всей России ✓ Самовывоз в г. Москва ✓ Индивидуальные скидки ✓ +7 495 409-12-78 ✓ Работаем с юр. и физ. лицами','','schit-mehanizacii-rusp-uzo50a-3h1p-3h3p-ip54-system-power-sp02-5033',NULL,NULL,NULL,NULL,'2026-01-30 05:55:44','2026-01-30 05:55:44'),(59,'product',22,'ru','Щит механизации РУСП 50A 3х1P+N+PE 16А, 1х3P+N+PE 16А, 1х3P+N+PE 32А IP54 SP02-050311 System Power | Аргумент Энерго','Купить щит механизации русп 50a 3х1p+n+pe 16а, 1х3p+n+pe 16а, 1х3p+n+pe 32а ip54 sp02-050311 system power по цене 29986 ₽ ✓ Доставляем по всей России ✓ Самовывоз в г. Москва ✓ Индивидуальные скидки ✓ +7 495 409-12-78 ✓ Работаем с юр. и физ. лицами','','schit-mehanizacii-rusp-uzo50a-3h1p-1h3p-ip54-system-power-sp02-5031',NULL,NULL,NULL,NULL,'2026-01-30 05:55:44','2026-01-30 05:55:44'),(60,'product',22,'en','Щит механизации РУСП 50A 3х1P+N+PE 16А, 1х3P+N+PE 16А, 1х3P+N+PE 32А IP54 SP02-050311 System Power | Аргумент Энерго','Купить щит механизации русп 50a 3х1p+n+pe 16а, 1х3p+n+pe 16а, 1х3p+n+pe 32а ip54 sp02-050311 system power по цене 29986 ₽ ✓ Доставляем по всей России ✓ Самовывоз в г. Москва ✓ Индивидуальные скидки ✓ +7 495 409-12-78 ✓ Работаем с юр. и физ. лицами','','schit-mehanizacii-rusp-uzo50a-3h1p-1h3p-ip54-system-power-sp02-5031',NULL,NULL,NULL,NULL,'2026-01-30 05:55:44','2026-01-30 05:55:44'),(61,'product',23,'ru','Щит механизации РУСП-УЗО50A-3х1П-2х3П-IP54 | Аргумент Энерго','Купить щит механизации русп-узо50a-3х1п-2х3п-ip54 по цене по запросу ✓ Доставляем по всей России ✓ Самовывоз в г. Москва ✓ Индивидуальные скидки ✓ +7 495 409-12-78 ✓ Работаем с юр. и физ. лицами','','schit-mehanizacii-rusp-uzo50a-3h1p-2h3p-ip54-system-power-sp02-5032',NULL,NULL,NULL,NULL,'2026-01-30 05:55:44','2026-01-30 05:55:44'),(62,'product',23,'en','Щит механизации РУСП-УЗО50A-3х1П-2х3П-IP54 | Аргумент Энерго','Купить щит механизации русп-узо50a-3х1п-2х3п-ip54 по цене по запросу ✓ Доставляем по всей России ✓ Самовывоз в г. Москва ✓ Индивидуальные скидки ✓ +7 495 409-12-78 ✓ Работаем с юр. и физ. лицами','','schit-mehanizacii-rusp-uzo50a-3h1p-2h3p-ip54-system-power-sp02-5032',NULL,NULL,NULL,NULL,'2026-01-30 05:55:44','2026-01-30 05:55:44'),(63,'product',24,'ru','Щит механизации РУСП-УЗО63A-4х1П-3х3П-IP54  | Аргумент Энерго','Купить щит механизации русп-узо63a-4х1п-3х3п-ip54  по цене по запросу ✓ Доставляем по всей России ✓ Самовывоз в г. Москва ✓ Индивидуальные скидки ✓ +7 495 409-12-78 ✓ Работаем с юр. и физ. лицами','','schit-mehanizacii-rusp-uzo63a-4h1p-3h3p-ip54-system-power-sp02-6343',NULL,NULL,NULL,NULL,'2026-01-30 05:55:44','2026-01-30 05:55:44'),(64,'product',24,'en','Щит механизации РУСП-УЗО63A-4х1П-3х3П-IP54  | Аргумент Энерго','Купить щит механизации русп-узо63a-4х1п-3х3п-ip54  по цене по запросу ✓ Доставляем по всей России ✓ Самовывоз в г. Москва ✓ Индивидуальные скидки ✓ +7 495 409-12-78 ✓ Работаем с юр. и физ. лицами','','schit-mehanizacii-rusp-uzo63a-4h1p-3h3p-ip54-system-power-sp02-6343',NULL,NULL,NULL,NULL,'2026-01-30 05:55:44','2026-01-30 05:55:44'),(65,'product',25,'ru','Щит механизации РУСП-УЗО63A-4х1П-1х3П-IP54  | Аргумент Энерго','Купить щит механизации русп-узо63a-4х1п-1х3п-ip54  по цене по запросу ✓ Доставляем по всей России ✓ Самовывоз в г. Москва ✓ Индивидуальные скидки ✓ +7 495 409-12-78 ✓ Работаем с юр. и физ. лицами','','schit-mehanizacii-rusp-uzo63a-4h1p-1h3p-ip54-systempower-sp02-6341',NULL,NULL,NULL,NULL,'2026-01-30 05:55:44','2026-01-30 05:55:44'),(66,'product',25,'en','Щит механизации РУСП-УЗО63A-4х1П-1х3П-IP54  | Аргумент Энерго','Купить щит механизации русп-узо63a-4х1п-1х3п-ip54  по цене по запросу ✓ Доставляем по всей России ✓ Самовывоз в г. Москва ✓ Индивидуальные скидки ✓ +7 495 409-12-78 ✓ Работаем с юр. и физ. лицами','','schit-mehanizacii-rusp-uzo63a-4h1p-1h3p-ip54-systempower-sp02-6341',NULL,NULL,NULL,NULL,'2026-01-30 05:55:44','2026-01-30 05:55:44'),(67,'product',26,'ru','Щит механизации РУСП-УЗО63A-4х1П-2х3П-IP54 | Аргумент Энерго','Купить щит механизации русп-узо63a-4х1п-2х3п-ip54 по цене по запросу ✓ Доставляем по всей России ✓ Самовывоз в г. Москва ✓ Индивидуальные скидки ✓ +7 495 409-12-78 ✓ Работаем с юр. и физ. лицами','','schit-mehanizacii-rusp-uzo63a-4h1p-2h3p-ip54-systempower-sp02-6342',NULL,NULL,NULL,NULL,'2026-01-30 05:55:44','2026-01-30 05:55:44'),(68,'product',26,'en','Щит механизации РУСП-УЗО63A-4х1П-2х3П-IP54 | Аргумент Энерго','Купить щит механизации русп-узо63a-4х1п-2х3п-ip54 по цене по запросу ✓ Доставляем по всей России ✓ Самовывоз в г. Москва ✓ Индивидуальные скидки ✓ +7 495 409-12-78 ✓ Работаем с юр. и физ. лицами','','schit-mehanizacii-rusp-uzo63a-4h1p-2h3p-ip54-systempower-sp02-6342',NULL,NULL,NULL,NULL,'2026-01-30 05:55:44','2026-01-30 05:55:44'),(69,'product',27,'ru','Щит механизации РУСП-УЗО63A-4х1П-4х3П-IP54  | Аргумент Энерго','Купить щит механизации русп-узо63a-4х1п-4х3п-ip54  по цене по запросу ✓ Доставляем по всей России ✓ Самовывоз в г. Москва ✓ Индивидуальные скидки ✓ +7 495 409-12-78 ✓ Работаем с юр. и физ. лицами','','schit-mehanizacii-rusp-uzo63a-4h1p-4h3p-ip54-systempower-sp02-6344',NULL,NULL,NULL,NULL,'2026-01-30 05:55:44','2026-01-30 05:55:44'),(70,'product',27,'en','Щит механизации РУСП-УЗО63A-4х1П-4х3П-IP54  | Аргумент Энерго','Купить щит механизации русп-узо63a-4х1п-4х3п-ip54  по цене по запросу ✓ Доставляем по всей России ✓ Самовывоз в г. Москва ✓ Индивидуальные скидки ✓ +7 495 409-12-78 ✓ Работаем с юр. и физ. лицами','','schit-mehanizacii-rusp-uzo63a-4h1p-4h3p-ip54-systempower-sp02-6344',NULL,NULL,NULL,NULL,'2026-01-30 05:55:44','2026-01-30 05:55:44'),(71,'product',28,'ru','Щит механизации РУСП-УЗО100A-6х1П-2х3П-IP54  | Аргумент Энерго','Купить щит механизации русп-узо100a-6х1п-2х3п-ip54  по цене по запросу ✓ Доставляем по всей России ✓ Самовывоз в г. Москва ✓ Индивидуальные скидки ✓ +7 495 409-12-78 ✓ Работаем с юр. и физ. лицами','','schit-mehanizacii-rusp-uzo100a-6h1p-2h3p-ip54-systempower-sp02-1062',NULL,NULL,NULL,NULL,'2026-01-30 05:55:44','2026-01-30 05:55:44'),(72,'product',28,'en','Щит механизации РУСП-УЗО100A-6х1П-2х3П-IP54  | Аргумент Энерго','Купить щит механизации русп-узо100a-6х1п-2х3п-ip54  по цене по запросу ✓ Доставляем по всей России ✓ Самовывоз в г. Москва ✓ Индивидуальные скидки ✓ +7 495 409-12-78 ✓ Работаем с юр. и физ. лицами','','schit-mehanizacii-rusp-uzo100a-6h1p-2h3p-ip54-systempower-sp02-1062',NULL,NULL,NULL,NULL,'2026-01-30 05:55:44','2026-01-30 05:55:44'),(73,'product',29,'ru','Щит механизации РУСП 100А 6х1P+N+PE 16A, 3x3P+N+PE 32A IР54 SP02-100603 System Power | Аргумент Энерго','Купить щит механизации русп 100а 6х1p+n+pe 16a, 3x3p+n+pe 32a iр54 sp02-100603 system power по цене 40795 ₽ ✓ Доставляем по всей России ✓ Самовывоз в г. Москва ✓ Индивидуальные скидки ✓ +7 495 409-12-78 ✓ Работаем с юр. и физ. лицами','','schit-mehanizacii-rusp-uzo100a-6h1p-3h3p-ip54-systempower-sp02-1063',NULL,NULL,NULL,NULL,'2026-01-30 05:55:44','2026-01-30 05:55:44'),(74,'product',29,'en','Щит механизации РУСП 100А 6х1P+N+PE 16A, 3x3P+N+PE 32A IР54 SP02-100603 System Power | Аргумент Энерго','Купить щит механизации русп 100а 6х1p+n+pe 16a, 3x3p+n+pe 32a iр54 sp02-100603 system power по цене 40795 ₽ ✓ Доставляем по всей России ✓ Самовывоз в г. Москва ✓ Индивидуальные скидки ✓ +7 495 409-12-78 ✓ Работаем с юр. и физ. лицами','','schit-mehanizacii-rusp-uzo100a-6h1p-3h3p-ip54-systempower-sp02-1063',NULL,NULL,NULL,NULL,'2026-01-30 05:55:44','2026-01-30 05:55:44'),(75,'product',30,'ru','Щит механизации РУСП-УЗО100A-6х1П-4х3П-IP54  | Аргумент Энерго','Купить щит механизации русп-узо100a-6х1п-4х3п-ip54  по цене по запросу ✓ Доставляем по всей России ✓ Самовывоз в г. Москва ✓ Индивидуальные скидки ✓ +7 495 409-12-78 ✓ Работаем с юр. и физ. лицами','','schit-mehanizacii-rusp-uzo100a-6h1p-4h3p-ip54-systempower-sp02-1064',NULL,NULL,NULL,NULL,'2026-01-30 05:55:45','2026-01-30 05:55:45'),(76,'product',30,'en','Щит механизации РУСП-УЗО100A-6х1П-4х3П-IP54  | Аргумент Энерго','Купить щит механизации русп-узо100a-6х1п-4х3п-ip54  по цене по запросу ✓ Доставляем по всей России ✓ Самовывоз в г. Москва ✓ Индивидуальные скидки ✓ +7 495 409-12-78 ✓ Работаем с юр. и физ. лицами','','schit-mehanizacii-rusp-uzo100a-6h1p-4h3p-ip54-systempower-sp02-1064',NULL,NULL,NULL,NULL,'2026-01-30 05:55:45','2026-01-30 05:55:45'),(77,'product',31,'ru','Щит механизации РУСП 63A 6х1P+N+PE 16А,1х3P+N+PE 16А, 1х3P+N+PE 32А-IP54 SP02-063611 System Power | Аргумент Энерго','Купить щит механизации русп 63a 6х1p+n+pe 16а,1х3p+n+pe 16а, 1х3p+n+pe 32а-ip54 sp02-063611 system power по цене 31587 ₽ ✓ Доставляем по всей России ✓ Самовывоз в г. Москва ✓ Индивидуальные скидки ✓ +7 495 409-12-78 ✓ Работаем с юр. и физ. лицами','','schit-mehanizacii-rusp-63a-6h1pnpe-16a-1h3pnpe-16a-1h3pnpe-32a-ip54-sp02-636110-system-power',NULL,NULL,NULL,NULL,'2026-01-30 05:55:45','2026-01-30 05:55:45'),(78,'product',31,'en','Щит механизации РУСП 63A 6х1P+N+PE 16А,1х3P+N+PE 16А, 1х3P+N+PE 32А-IP54 SP02-063611 System Power | Аргумент Энерго','Купить щит механизации русп 63a 6х1p+n+pe 16а,1х3p+n+pe 16а, 1х3p+n+pe 32а-ip54 sp02-063611 system power по цене 31587 ₽ ✓ Доставляем по всей России ✓ Самовывоз в г. Москва ✓ Индивидуальные скидки ✓ +7 495 409-12-78 ✓ Работаем с юр. и физ. лицами','','schit-mehanizacii-rusp-63a-6h1pnpe-16a-1h3pnpe-16a-1h3pnpe-32a-ip54-sp02-636110-system-power',NULL,NULL,NULL,NULL,'2026-01-30 05:55:45','2026-01-30 05:55:45'),(79,'product',32,'ru','Щит механизации РУСП 80A 4х1P+N+PE 16А, 3х3P+N+PE 32А IP54 SP02-080403 System Power | Аргумент Энерго','Купить щит механизации русп 80a 4х1p+n+pe 16а, 3х3p+n+pe 32а ip54 sp02-080403 system power по цене 38793 ₽ ✓ Доставляем по всей России ✓ Самовывоз в г. Москва ✓ Индивидуальные скидки ✓ +7 495 409-12-78 ✓ Работаем с юр. и физ. лицами','','schit-mehanizacii-rusp-80a-4h1pnpe-16a-3h3pnpe-32a-ip54',NULL,NULL,NULL,NULL,'2026-01-30 05:55:45','2026-01-30 05:55:45'),(80,'product',32,'en','Щит механизации РУСП 80A 4х1P+N+PE 16А, 3х3P+N+PE 32А IP54 SP02-080403 System Power | Аргумент Энерго','Купить щит механизации русп 80a 4х1p+n+pe 16а, 3х3p+n+pe 32а ip54 sp02-080403 system power по цене 38793 ₽ ✓ Доставляем по всей России ✓ Самовывоз в г. Москва ✓ Индивидуальные скидки ✓ +7 495 409-12-78 ✓ Работаем с юр. и физ. лицами','','schit-mehanizacii-rusp-80a-4h1pnpe-16a-3h3pnpe-32a-ip54',NULL,NULL,NULL,NULL,'2026-01-30 05:55:45','2026-01-30 05:55:45'),(81,'product',33,'ru','Щит механизации РУСП 80А 6х1P+N+PE 16A, 2x3P+N+PE 32A IР54 SP02-080602 System Power | Аргумент Энерго','Купить щит механизации русп 80а 6х1p+n+pe 16a, 2x3p+n+pe 32a iр54 sp02-080602 system power по цене 38765 ₽ ✓ Доставляем по всей России ✓ Самовывоз в г. Москва ✓ Индивидуальные скидки ✓ +7 495 409-12-78 ✓ Работаем с юр. и физ. лицами','','schit-mehanizacii-rusp-80a-6h1pnpe-16a-2x3pnpe-32a-ir54-sp02-80622-system-power',NULL,NULL,NULL,NULL,'2026-01-30 05:55:45','2026-01-30 05:55:45'),(82,'product',33,'en','Щит механизации РУСП 80А 6х1P+N+PE 16A, 2x3P+N+PE 32A IР54 SP02-080602 System Power | Аргумент Энерго','Купить щит механизации русп 80а 6х1p+n+pe 16a, 2x3p+n+pe 32a iр54 sp02-080602 system power по цене 38765 ₽ ✓ Доставляем по всей России ✓ Самовывоз в г. Москва ✓ Индивидуальные скидки ✓ +7 495 409-12-78 ✓ Работаем с юр. и физ. лицами','','schit-mehanizacii-rusp-80a-6h1pnpe-16a-2x3pnpe-32a-ir54-sp02-80622-system-power',NULL,NULL,NULL,NULL,'2026-01-30 05:55:45','2026-01-30 05:55:45'),(83,'product',34,'ru','Напольный лючок-невидимка на 16 модулей (8 розеток 45x45) IP54 System Power SP01-0216 | Аргумент Энерго','Купить напольный лючок-невидимка на 16 модулей (8 розеток 45x45) ip54 system power sp01-0216 по цене 0 ₽ ✓ Доставляем по всей России ✓ Самовывоз в г. Москва ✓ Индивидуальные скидки ✓ +7 495 409-12-78 ✓ Работаем с юр. и физ. лицами','','napolnyj-lyuchok-nevidimka-na-16-modulej-8-rozetok-45x45-ip54-system-power-sp01-0216',NULL,NULL,NULL,NULL,'2026-01-30 05:55:45','2026-01-30 05:55:45'),(84,'product',34,'en','Напольный лючок-невидимка на 16 модулей (8 розеток 45x45) IP54 System Power SP01-0216 | Аргумент Энерго','Купить напольный лючок-невидимка на 16 модулей (8 розеток 45x45) ip54 system power sp01-0216 по цене 0 ₽ ✓ Доставляем по всей России ✓ Самовывоз в г. Москва ✓ Индивидуальные скидки ✓ +7 495 409-12-78 ✓ Работаем с юр. и физ. лицами','','napolnyj-lyuchok-nevidimka-na-16-modulej-8-rozetok-45x45-ip54-system-power-sp01-0216',NULL,NULL,NULL,NULL,'2026-01-30 05:55:45','2026-01-30 05:55:45'),(85,'product',35,'ru','Напольный лючок на 16 модулей (8 розеток 45x45) IP54 System Power SP01-0116 | Аргумент Энерго','Купить напольный лючок на 16 модулей (8 розеток 45x45) ip54 system power sp01-0116 по цене 0 ₽ ✓ Доставляем по всей России ✓ Самовывоз в г. Москва ✓ Индивидуальные скидки ✓ +7 495 409-12-78 ✓ Работаем с юр. и физ. лицами','','napolnyj-lyuchok-na-16-modulej-8-rozetok-45x45-ip54-system-power-sp01-0116',NULL,NULL,NULL,NULL,'2026-01-30 05:55:45','2026-01-30 05:55:45'),(86,'product',35,'en','Напольный лючок на 16 модулей (8 розеток 45x45) IP54 System Power SP01-0116 | Аргумент Энерго','Купить напольный лючок на 16 модулей (8 розеток 45x45) ip54 system power sp01-0116 по цене 0 ₽ ✓ Доставляем по всей России ✓ Самовывоз в г. Москва ✓ Индивидуальные скидки ✓ +7 495 409-12-78 ✓ Работаем с юр. и физ. лицами','','napolnyj-lyuchok-na-16-modulej-8-rozetok-45x45-ip54-system-power-sp01-0116',NULL,NULL,NULL,NULL,'2026-01-30 05:55:45','2026-01-30 05:55:45'),(87,'product',36,'ru','Щит механизации РУСП 100А 6х1P+N+PE 16A, 2x3P+N+PE 32A IР54 SP02-100602 System Power | Аргумент Энерго','Купить щит механизации русп 100а 6х1p+n+pe 16a, 2x3p+n+pe 32a iр54 sp02-100602 system power по цене 40795 ₽ ✓ Доставляем по всей России ✓ Самовывоз в г. Москва ✓ Индивидуальные скидки ✓ +7 495 409-12-78 ✓ Работаем с юр. и физ. лицами','','schit-mehanizacii-rusp-100a-6h1pnpe-16a-2x3pnpe-32a-ir54-sp02-100602-system-power',NULL,NULL,NULL,NULL,'2026-01-30 05:55:45','2026-01-30 05:55:45'),(88,'product',36,'en','Щит механизации РУСП 100А 6х1P+N+PE 16A, 2x3P+N+PE 32A IР54 SP02-100602 System Power | Аргумент Энерго','Купить щит механизации русп 100а 6х1p+n+pe 16a, 2x3p+n+pe 32a iр54 sp02-100602 system power по цене 40795 ₽ ✓ Доставляем по всей России ✓ Самовывоз в г. Москва ✓ Индивидуальные скидки ✓ +7 495 409-12-78 ✓ Работаем с юр. и физ. лицами','','schit-mehanizacii-rusp-100a-6h1pnpe-16a-2x3pnpe-32a-ir54-sp02-100602-system-power',NULL,NULL,NULL,NULL,'2026-01-30 05:55:45','2026-01-30 05:55:45');
/*!40000 ALTER TABLE `seo_meta` ENABLE KEYS */;
UNLOCK TABLES;
/*!40103 SET TIME_ZONE=@OLD_TIME_ZONE */;

/*!40101 SET SQL_MODE=@OLD_SQL_MODE */;
/*!40014 SET FOREIGN_KEY_CHECKS=@OLD_FOREIGN_KEY_CHECKS */;
/*!40014 SET UNIQUE_CHECKS=@OLD_UNIQUE_CHECKS */;
/*!40101 SET CHARACTER_SET_CLIENT=@OLD_CHARACTER_SET_CLIENT */;
/*!40101 SET CHARACTER_SET_RESULTS=@OLD_CHARACTER_SET_RESULTS */;
/*!40101 SET COLLATION_CONNECTION=@OLD_COLLATION_CONNECTION */;
/*!40111 SET SQL_NOTES=@OLD_SQL_NOTES */;

-- Dump completed on 2026-01-30  5:58:17
